state,climate_zone,activity_type,land_size_hectares,project_age_years,avg_rainfall_mm,forest_cover_pct,soil_organic_carbon,estimated_carbon_credits_tco2e
Tripura,Tropical Wet,Afforestation,99.88,8,2200,73.7,Medium,1046.77
Manipur,Subtropical,Regenerative Agriculture,22.13,8,1500,74.3,Medium,49.56
Madhya Pradesh,Humid Subtropical,Regenerative Agriculture,11.07,2,1200,25.1,Medium,10.71
Goa,Tropical Wet,Afforestation,312.57,10,2900,60.0,High,5252.13
Bihar,Humid Subtropical,Afforestation,221.65,1,1100,7.7,Medium,525.98
Haryana,Humid Subtropical,Regenerative Agriculture,139.54,3,600,3.6,Low,86.29
Telangana,Tropical Dry,Regenerative Agriculture,295.05,9,950,24.0,Low,314.69
Madhya Pradesh,Humid Subtropical,Afforestation,41.88,4,1200,25.1,Medium,139.32
Jharkhand,Humid Subtropical,Reforestation,326.23,9,1300,29.6,Medium,2356.06
Telangana,Tropical Dry,Afforestation,418.27,3,950,24.0,Low,757.69
Gujarat,Arid,Afforestation,136.8,8,800,7.6,Low,185.76
Bihar,Humid Subtropical,Reforestation,233.56,2,1100,7.7,Medium,806.81
Chhattisgarh,Humid Subtropical,Reforestation,167.13,4,1400,41.1,Medium,972.37
Maharashtra,Tropical Dry,Reforestation,90.45,9,1100,16.5,Medium,493.55
Maharashtra,Tropical Dry,Afforestation,200.45,2,1100,16.5,Medium,490.84
Jharkhand,Humid Subtropical,Afforestation,79.05,1,1300,29.6,Medium,214.69
Jharkhand,Humid Subtropical,Regenerative Agriculture,129.9,1,1300,29.6,Medium,121.72
Meghalaya,Tropical Wet,Regenerative Agriculture,232.52,5,2800,76.3,High,979.29
Tamil Nadu,Tropical Dry,Regenerative Agriculture,197.07,7,1000,17.4,Medium,225.09
Kerala,Tropical Wet,Regenerative Agriculture,96.74,8,3000,52.3,High,516.33
Mizoram,Tropical Wet,Regenerative Agriculture,179.43,6,2500,84.5,High,766.78
Mizoram,Tropical Wet,Regenerative Agriculture,215.41,1,2500,84.5,High,575.17
Mizoram,Tropical Wet,Reforestation,105.85,7,2500,84.5,High,2008.51
Manipur,Subtropical,Regenerative Agriculture,269.25,1,1500,74.3,Medium,303.07
Uttar Pradesh,Humid Subtropical,Afforestation,259.2,5,1000,6.1,Medium,903.37
Andhra Pradesh,Tropical Dry,Afforestation,122.11,7,900,23.0,Low,292.66
West Bengal,Humid Subtropical,Regenerative Agriculture,52.56,2,1750,18.9,Medium,70.42
Madhya Pradesh,Humid Subtropical,Reforestation,190.77,4,1200,25.1,Medium,868.74
Andhra Pradesh,Tropical Dry,Reforestation,62.0,9,900,23.0,Low,229.15
Jharkhand,Humid Subtropical,Regenerative Agriculture,131.0,4,1300,29.6,Medium,166.19
Rajasthan,Arid,Afforestation,159.34,6,500,4.8,Very Low,143.55
Mizoram,Tropical Wet,Afforestation,68.73,8,2500,84.5,High,983.92
Himachal Pradesh,Subtropical,Regenerative Agriculture,100.34,8,1600,27.1,Medium,230.64
Sikkim,Subtropical,Reforestation,385.54,7,2700,47.3,High,6826.65
Goa,Tropical Wet,Regenerative Agriculture,93.76,1,2900,60.0,High,252.27
Punjab,Humid Subtropical,Afforestation,179.08,1,700,3.6,Medium,336.92
Manipur,Subtropical,Reforestation,70.78,10,1500,74.3,Medium,761.03
West Bengal,Humid Subtropical,Afforestation,366.83,8,1750,18.9,Medium,2541.68
Mizoram,Tropical Wet,Reforestation,258.91,1,2500,84.5,High,2770.69
Uttarakhand,Subtropical,Afforestation,430.6,4,1800,45.4,High,2639.84
Manipur,Subtropical,Reforestation,212.16,3,1500,74.3,Medium,1251.47
Karnataka,Tropical Dry,Afforestation,204.81,7,1300,20.1,Medium,866.24
Arunachal Pradesh,Subtropical,Afforestation,341.09,9,2800,79.3,High,4552.33
Haryana,Humid Subtropical,Reforestation,393.13,4,600,3.6,Low,1004.54
Haryana,Humid Subtropical,Afforestation,128.51,5,600,3.6,Low,311.93
Karnataka,Tropical Dry,Afforestation,181.11,3,1300,20.1,Medium,559.05
Uttar Pradesh,Humid Subtropical,Reforestation,315.25,8,1000,6.1,Medium,1633.5
Meghalaya,Tropical Wet,Reforestation,376.95,9,2800,76.3,High,8849.09
Arunachal Pradesh,Subtropical,Reforestation,226.26,6,2800,79.3,High,3579.23
Assam,Tropical Wet,Afforestation,18.86,5,2700,34.2,Medium,192.1
Uttarakhand,Subtropical,Regenerative Agriculture,217.68,1,1800,45.4,High,354.84
Bihar,Humid Subtropical,Regenerative Agriculture,78.89,6,1100,7.7,Medium,110.89
Nagaland,Tropical Wet,Afforestation,248.5,8,2000,73.9,High,2918.83
Kerala,Tropical Wet,Regenerative Agriculture,150.29,5,3000,52.3,High,626.49
Haryana,Humid Subtropical,Afforestation,254.6,4,600,3.6,Low,561.37
Sikkim,Subtropical,Reforestation,382.26,5,2700,47.3,High,5521.69
Nagaland,Tropical Wet,Regenerative Agriculture,225.58,5,2000,73.9,High,709.18
Madhya Pradesh,Humid Subtropical,Regenerative Agriculture,289.27,1,1200,25.1,Medium,251.36
Uttar Pradesh,Humid Subtropical,Regenerative Agriculture,95.18,7,1000,6.1,Medium,119.79
Arunachal Pradesh,Subtropical,Afforestation,203.4,6,2800,79.3,High,2102.16
Chhattisgarh,Humid Subtropical,Regenerative Agriculture,173.17,8,1400,41.1,Medium,334.81
Punjab,Humid Subtropical,Reforestation,112.85,10,700,3.6,Medium,504.49
Goa,Tropical Wet,Reforestation,300.2,1,2900,60.0,High,3380.14
Tripura,Tropical Wet,Afforestation,155.29,10,2200,73.7,Medium,1871.38
Meghalaya,Tropical Wet,Reforestation,348.82,10,2800,76.3,High,8291.86
Manipur,Subtropical,Regenerative Agriculture,13.15,2,1500,74.3,Medium,17.16
Goa,Tropical Wet,Regenerative Agriculture,203.25,3,2900,60.0,High,738.82
Bihar,Humid Subtropical,Reforestation,346.26,1,1100,7.7,Medium,955.13
Uttar Pradesh,Humid Subtropical,Reforestation,331.7,6,1000,6.1,Medium,1368.86
Maharashtra,Tropical Dry,Afforestation,143.06,5,1100,16.5,Medium,446.24
Tripura,Tropical Wet,Reforestation,34.9,4,2200,73.7,Medium,417.09
Maharashtra,Tropical Dry,Afforestation,485.07,10,1100,16.5,Medium,2086.99
Manipur,Subtropical,Afforestation,205.42,3,1500,74.3,Medium,837.45
Mizoram,Tropical Wet,Reforestation,385.62,7,2500,84.5,High,7324.76
Karnataka,Tropical Dry,Afforestation,38.51,10,1300,20.1,Medium,197.42
Bihar,Humid Subtropical,Afforestation,333.5,5,1100,7.7,Medium,1273.9
Kerala,Tropical Wet,Afforestation,371.57,5,3000,52.3,High,4181.74
Telangana,Tropical Dry,Reforestation,152.05,5,950,24.0,Low,476.17
Bihar,Humid Subtropical,Afforestation,177.52,5,1100,7.7,Medium,685.83
Uttar Pradesh,Humid Subtropical,Afforestation,242.35,10,1000,6.1,Medium,1204.05
Chhattisgarh,Humid Subtropical,Afforestation,242.0,1,1400,41.1,Medium,729.21
Chhattisgarh,Humid Subtropical,Reforestation,380.42,4,1400,41.1,Medium,2132.92
Goa,Tropical Wet,Regenerative Agriculture,9.51,3,2900,60.0,High,33.47
Mizoram,Tropical Wet,Afforestation,89.84,8,2500,84.5,High,1273.21
Uttarakhand,Subtropical,Regenerative Agriculture,283.55,4,1800,45.4,High,595.17
Haryana,Humid Subtropical,Afforestation,234.54,3,600,3.6,Low,486.05
Andhra Pradesh,Tropical Dry,Afforestation,316.71,1,900,23.0,Low,449.56
Sikkim,Subtropical,Reforestation,137.81,10,2700,47.3,High,2802.09
Tamil Nadu,Tropical Dry,Reforestation,146.14,3,1000,17.4,Medium,436.69
Madhya Pradesh,Humid Subtropical,Reforestation,257.14,8,1200,25.1,Medium,1551.44
Assam,Tropical Wet,Afforestation,403.71,9,2700,34.2,Medium,5157.83
Odisha,Humid Subtropical,Regenerative Agriculture,297.2,4,1500,33.2,Medium,457.7
Arunachal Pradesh,Subtropical,Afforestation,390.44,8,2800,79.3,High,4957.89
Telangana,Tropical Dry,Afforestation,343.12,7,950,24.0,Low,938.0
Jharkhand,Humid Subtropical,Regenerative Agriculture,35.42,1,1300,29.6,Medium,32.3
Jharkhand,Humid Subtropical,Reforestation,129.59,3,1300,29.6,Medium,619.36
Sikkim,Subtropical,Afforestation,453.64,9,2700,47.3,High,6179.48
Uttar Pradesh,Humid Subtropical,Regenerative Agriculture,150.44,5,1000,6.1,Medium,161.54
Mizoram,Tropical Wet,Regenerative Agriculture,182.72,4,2500,84.5,High,681.86
Punjab,Humid Subtropical,Afforestation,65.6,5,700,3.6,Medium,190.29
Tamil Nadu,Tropical Dry,Reforestation,37.16,10,1000,17.4,Medium,200.8
Andhra Pradesh,Tropical Dry,Regenerative Agriculture,39.53,9,900,23.0,Low,39.63
Tamil Nadu,Tropical Dry,Reforestation,253.01,6,1000,17.4,Medium,1016.94
Tamil Nadu,Tropical Dry,Afforestation,412.71,10,1000,17.4,Medium,1625.74
Goa,Tropical Wet,Afforestation,261.53,6,2900,60.0,High,3443.34
Tripura,Tropical Wet,Afforestation,300.03,4,2200,73.7,Medium,2331.76
Nagaland,Tropical Wet,Regenerative Agriculture,147.09,6,2000,73.9,High,488.54
Manipur,Subtropical,Regenerative Agriculture,133.16,2,1500,74.3,Medium,178.85
Haryana,Humid Subtropical,Reforestation,36.68,8,600,3.6,Low,127.97
Kerala,Tropical Wet,Regenerative Agriculture,177.09,9,3000,52.3,High,951.36
Haryana,Humid Subtropical,Afforestation,50.62,1,600,3.6,Low,80.65
Mizoram,Tropical Wet,Regenerative Agriculture,210.15,9,2500,84.5,High,1113.54
Arunachal Pradesh,Subtropical,Regenerative Agriculture,190.67,1,2800,79.3,High,456.45
Uttarakhand,Subtropical,Regenerative Agriculture,18.41,10,1800,45.4,High,67.5
Uttarakhand,Subtropical,Reforestation,190.43,5,1800,45.4,High,1864.02
Chhattisgarh,Humid Subtropical,Reforestation,103.32,5,1400,41.1,Medium,631.63
Karnataka,Tropical Dry,Regenerative Agriculture,210.96,1,1300,20.1,Medium,173.19
Rajasthan,Arid,Afforestation,75.26,3,500,4.8,Very Low,53.52
Nagaland,Tropical Wet,Reforestation,175.41,5,2000,73.9,High,2192.8
Odisha,Humid Subtropical,Reforestation,348.43,5,1500,33.2,Medium,2451.8
Punjab,Humid Subtropical,Afforestation,391.03,2,700,3.6,Medium,780.79
Bihar,Humid Subtropical,Regenerative Agriculture,253.43,1,1100,7.7,Medium,205.5
Goa,Tropical Wet,Afforestation,213.26,1,2900,60.0,High,1659.47
Mizoram,Tropical Wet,Reforestation,366.57,7,2500,84.5,High,7387.62
Mizoram,Tropical Wet,Afforestation,472.94,10,2500,84.5,High,7305.71
Karnataka,Tropical Dry,Reforestation,111.81,4,1300,20.1,Medium,479.03
Kerala,Tropical Wet,Afforestation,380.93,2,3000,52.3,High,3234.33
Chhattisgarh,Humid Subtropical,Reforestation,215.32,6,1400,41.1,Medium,1442.08
Meghalaya,Tropical Wet,Regenerative Agriculture,95.79,1,2800,76.3,High,274.21
West Bengal,Humid Subtropical,Afforestation,299.08,7,1750,18.9,Medium,1987.82
Himachal Pradesh,Subtropical,Afforestation,313.95,2,1600,27.1,Medium,1261.44
Arunachal Pradesh,Subtropical,Reforestation,260.11,3,2800,79.3,High,3130.63
Goa,Tropical Wet,Afforestation,261.85,8,2900,60.0,High,3827.89
Tamil Nadu,Tropical Dry,Regenerative Agriculture,210.8,4,1000,17.4,Medium,191.91
Tamil Nadu,Tropical Dry,Afforestation,251.14,4,1000,17.4,Medium,650.32
Madhya Pradesh,Humid Subtropical,Reforestation,141.57,3,1200,25.1,Medium,568.47
Himachal Pradesh,Subtropical,Afforestation,235.46,6,1600,27.1,Medium,1336.88
Assam,Tropical Wet,Afforestation,449.43,3,2700,34.2,Medium,3859.19
West Bengal,Humid Subtropical,Afforestation,486.82,10,1750,18.9,Medium,3817.83
Arunachal Pradesh,Subtropical,Reforestation,83.15,5,2800,79.3,High,1186.9
Nagaland,Tropical Wet,Afforestation,271.87,10,2000,73.9,High,3373.65
Chhattisgarh,Humid Subtropical,Afforestation,245.76,6,1400,41.1,Medium,1110.51
Himachal Pradesh,Subtropical,Reforestation,75.44,1,1600,27.1,Medium,358.72
Sikkim,Subtropical,Regenerative Agriculture,59.43,8,2700,47.3,High,257.83
Bihar,Humid Subtropical,Reforestation,253.03,7,1100,7.7,Medium,1388.45
Chhattisgarh,Humid Subtropical,Reforestation,71.88,3,1400,41.1,Medium,373.58
Tripura,Tropical Wet,Regenerative Agriculture,269.09,2,2200,73.7,Medium,630.94
Himachal Pradesh,Subtropical,Afforestation,371.33,10,1600,27.1,Medium,2641.62
Tripura,Tropical Wet,Afforestation,421.95,6,2200,73.7,Medium,3859.14
Sikkim,Subtropical,Afforestation,300.86,4,2700,47.3,High,2734.4
Tamil Nadu,Tropical Dry,Regenerative Agriculture,196.4,2,1000,17.4,Medium,143.31
Goa,Tropical Wet,Regenerative Agriculture,224.9,1,2900,60.0,High,590.63
Telangana,Tropical Dry,Regenerative Agriculture,116.74,5,950,24.0,Low,96.25
Goa,Tropical Wet,Regenerative Agriculture,110.05,6,2900,60.0,High,470.89
Mizoram,Tropical Wet,Afforestation,126.24,6,2500,84.5,High,1516.09
Uttarakhand,Subtropical,Reforestation,86.83,8,1800,45.4,High,1054.7
Punjab,Humid Subtropical,Afforestation,49.31,3,700,3.6,Medium,118.55
Himachal Pradesh,Subtropical,Reforestation,390.4,8,1600,27.1,Medium,3478.1
Nagaland,Tropical Wet,Regenerative Agriculture,247.15,2,2000,73.9,High,614.88
Manipur,Subtropical,Afforestation,387.05,6,1500,74.3,Medium,2220.85
Chhattisgarh,Humid Subtropical,Reforestation,288.72,4,1400,41.1,Medium,1563.09
Himachal Pradesh,Subtropical,Afforestation,309.2,6,1600,27.1,Medium,1807.36
Mizoram,Tropical Wet,Reforestation,74.43,4,2500,84.5,High,1136.54
Nagaland,Tropical Wet,Reforestation,189.89,5,2000,73.9,High,2346.87
Punjab,Humid Subtropical,Reforestation,396.13,8,700,3.6,Medium,1581.44
Mizoram,Tropical Wet,Afforestation,382.51,8,2500,84.5,High,5543.03
Nagaland,Tropical Wet,Regenerative Agriculture,239.32,1,2000,73.9,High,502.99
Arunachal Pradesh,Subtropical,Reforestation,374.18,9,2800,79.3,High,7428.86
Goa,Tropical Wet,Regenerative Agriculture,24.62,8,2900,60.0,High,129.16
Mizoram,Tropical Wet,Reforestation,322.82,3,2500,84.5,High,4417.13
Madhya Pradesh,Humid Subtropical,Afforestation,409.14,10,1200,25.1,Medium,2142.51
Tamil Nadu,Tropical Dry,Afforestation,344.66,8,1000,17.4,Medium,1235.34
Tripura,Tropical Wet,Reforestation,361.37,6,2200,73.7,Medium,4544.14
Kerala,Tropical Wet,Afforestation,184.13,7,3000,52.3,High,2642.67
Goa,Tropical Wet,Reforestation,40.65,8,2900,60.0,High,841.77
Nagaland,Tropical Wet,Regenerative Agriculture,190.17,8,2000,73.9,High,760.92
Tamil Nadu,Tropical Dry,Regenerative Agriculture,264.2,1,1000,17.4,Medium,175.07
Assam,Tropical Wet,Afforestation,84.32,1,2700,34.2,Medium,566.14
Mizoram,Tropical Wet,Regenerative Agriculture,224.46,4,2500,84.5,High,846.17
West Bengal,Humid Subtropical,Reforestation,146.7,6,1750,18.9,Medium,1140.37
Rajasthan,Arid,Regenerative Agriculture,116.75,8,500,4.8,Very Low,40.34
Maharashtra,Tropical Dry,Afforestation,248.32,4,1100,16.5,Medium,751.82
Telangana,Tropical Dry,Afforestation,362.82,3,950,24.0,Low,688.13
Andhra Pradesh,Tropical Dry,Regenerative Agriculture,106.98,10,900,23.0,Low,121.03
Maharashtra,Tropical Dry,Reforestation,102.53,7,1100,16.5,Medium,495.06
Telangana,Tropical Dry,Reforestation,240.7,2,950,24.0,Low,529.73
Jharkhand,Humid Subtropical,Afforestation,18.87,4,1300,29.6,Medium,67.84
Karnataka,Tropical Dry,Reforestation,44.77,8,1300,20.1,Medium,279.38
Karnataka,Tropical Dry,Reforestation,365.61,1,1300,20.1,Medium,1235.27
Madhya Pradesh,Humid Subtropical,Regenerative Agriculture,21.15,9,1200,25.1,Medium,37.33
Tamil Nadu,Tropical Dry,Afforestation,12.27,9,1000,17.4,Medium,45.84
Chhattisgarh,Humid Subtropical,Regenerative Agriculture,277.27,7,1400,41.1,Medium,476.26
Arunachal Pradesh,Subtropical,Regenerative Agriculture,222.56,1,2800,79.3,High,507.43
West Bengal,Humid Subtropical,Regenerative Agriculture,78.23,9,1750,18.9,Medium,198.66
Tripura,Tropical Wet,Reforestation,28.04,1,2200,73.7,Medium,236.89
Bihar,Humid Subtropical,Reforestation,20.04,5,1100,7.7,Medium,84.19
Sikkim,Subtropical,Regenerative Agriculture,292.78,9,2700,47.3,High,1371.32
Haryana,Humid Subtropical,Regenerative Agriculture,299.08,1,600,3.6,Low,139.29
Tripura,Tropical Wet,Afforestation,161.87,7,2200,73.7,Medium,1701.48
Sikkim,Subtropical,Afforestation,195.09,8,2700,47.3,High,2439.52
Manipur,Subtropical,Reforestation,128.21,3,1500,74.3,Medium,805.17
Haryana,Humid Subtropical,Afforestation,206.37,6,600,3.6,Low,496.61
Manipur,Subtropical,Regenerative Agriculture,35.38,8,1500,74.3,Medium,75.14
Gujarat,Arid,Reforestation,172.36,7,800,7.6,Low,246.4
Punjab,Humid Subtropical,Reforestation,348.79,8,700,3.6,Medium,1448.75
Maharashtra,Tropical Dry,Reforestation,145.62,5,1100,16.5,Medium,568.73
Meghalaya,Tropical Wet,Regenerative Agriculture,197.56,8,2800,76.3,High,1011.5
Gujarat,Arid,Reforestation,334.63,4,800,7.6,Low,377.99
Uttar Pradesh,Humid Subtropical,Afforestation,79.13,7,1000,6.1,Medium,311.88
Goa,Tropical Wet,Afforestation,410.55,4,2900,60.0,High,4632.4
Andhra Pradesh,Tropical Dry,Reforestation,332.67,3,900,23.0,Low,738.73
Mizoram,Tropical Wet,Afforestation,210.61,9,2500,84.5,High,3245.35
Goa,Tropical Wet,Afforestation,154.29,4,2900,60.0,High,1661.63
West Bengal,Humid Subtropical,Reforestation,196.36,1,1750,18.9,Medium,886.13
Arunachal Pradesh,Subtropical,Regenerative Agriculture,156.18,9,2800,79.3,High,785.11
Tripura,Tropical Wet,Afforestation,78.28,4,2200,73.7,Medium,629.71
Chhattisgarh,Humid Subtropical,Reforestation,361.72,2,1400,41.1,Medium,1591.04
Sikkim,Subtropical,Afforestation,329.2,10,2700,47.3,High,4802.84
Telangana,Tropical Dry,Regenerative Agriculture,36.44,6,950,24.0,Low,31.55
Telangana,Tropical Dry,Afforestation,335.87,7,950,24.0,Low,915.81
Tamil Nadu,Tropical Dry,Afforestation,420.67,5,1000,17.4,Medium,1191.44
Goa,Tropical Wet,Reforestation,299.14,3,2900,60.0,High,3896.11
Madhya Pradesh,Humid Subtropical,Regenerative Agriculture,77.38,5,1200,25.1,Medium,99.42
Assam,Tropical Wet,Afforestation,363.55,8,2700,34.2,Medium,4826.86
Meghalaya,Tropical Wet,Reforestation,198.28,8,2800,76.3,High,4230.11
Kerala,Tropical Wet,Reforestation,27.01,4,3000,52.3,High,420.06
Manipur,Subtropical,Regenerative Agriculture,253.25,1,1500,74.3,Medium,316.12
Goa,Tropical Wet,Afforestation,387.75,5,2900,60.0,High,4531.61
Karnataka,Tropical Dry,Afforestation,182.25,1,1300,20.1,Medium,461.78
Tamil Nadu,Tropical Dry,Afforestation,130.74,3,1000,17.4,Medium,302.88
Arunachal Pradesh,Subtropical,Afforestation,11.15,3,2800,79.3,High,94.51
Manipur,Subtropical,Afforestation,54.88,1,1500,74.3,Medium,173.19
Sikkim,Subtropical,Reforestation,280.87,1,2700,47.3,High,2691.35
Odisha,Humid Subtropical,Regenerative Agriculture,221.01,5,1500,33.2,Medium,343.05
Sikkim,Subtropical,Regenerative Agriculture,218.61,6,2700,47.3,High,868.5
Karnataka,Tropical Dry,Afforestation,338.26,10,1300,20.1,Medium,1813.23
Uttarakhand,Subtropical,Regenerative Agriculture,299.81,10,1800,45.4,High,1068.22
Gujarat,Arid,Regenerative Agriculture,210.74,9,800,7.6,Low,94.67
Manipur,Subtropical,Reforestation,177.38,2,1500,74.3,Medium,997.82
Tripura,Tropical Wet,Afforestation,328.58,8,2200,73.7,Medium,3272.47
Meghalaya,Tropical Wet,Afforestation,47.71,5,2800,76.3,High,516.74
Punjab,Humid Subtropical,Regenerative Agriculture,98.01,1,700,3.6,Medium,57.71
Assam,Tropical Wet,Afforestation,334.21,2,2700,34.2,Medium,2329.42
Telangana,Tropical Dry,Reforestation,175.74,3,950,24.0,Low,441.57
Tamil Nadu,Tropical Dry,Reforestation,23.19,7,1000,17.4,Medium,98.52
Meghalaya,Tropical Wet,Regenerative Agriculture,299.39,4,2800,76.3,High,1082.95
Sikkim,Subtropical,Afforestation,28.42,9,2700,47.3,High,364.98
Jharkhand,Humid Subtropical,Reforestation,50.3,7,1300,29.6,Medium,314.96
Uttar Pradesh,Humid Subtropical,Afforestation,368.81,1,1000,6.1,Medium,850.71
Arunachal Pradesh,Subtropical,Reforestation,104.94,9,2800,79.3,High,1994.6
Uttarakhand,Subtropical,Afforestation,456.07,9,1800,45.4,High,4228.27
Assam,Tropical Wet,Regenerative Agriculture,285.24,5,2700,34.2,Medium,990.54
Andhra Pradesh,Tropical Dry,Reforestation,393.2,8,900,23.0,Low,1485.97
Jharkhand,Humid Subtropical,Regenerative Agriculture,297.39,8,1300,29.6,Medium,513.5
Uttar Pradesh,Humid Subtropical,Afforestation,328.33,5,1000,6.1,Medium,1158.46
Karnataka,Tropical Dry,Afforestation,479.06,8,1300,20.1,Medium,2159.23
Nagaland,Tropical Wet,Afforestation,38.34,7,2000,73.9,High,422.22
Sikkim,Subtropical,Regenerative Agriculture,245.67,6,2700,47.3,High,921.82
Rajasthan,Arid,Afforestation,273.12,9,500,4.8,Very Low,308.39
West Bengal,Humid Subtropical,Afforestation,445.49,9,1750,18.9,Medium,3139.46
Goa,Tropical Wet,Reforestation,326.66,8,2900,60.0,High,6975.29
Goa,Tropical Wet,Regenerative Agriculture,6.5,5,2900,60.0,High,26.85
Uttarakhand,Subtropical,Reforestation,220.05,5,1800,45.4,High,2255.72
Mizoram,Tropical Wet,Afforestation,427.09,8,2500,84.5,High,5858.46
Rajasthan,Arid,Reforestation,243.08,10,500,4.8,Very Low,377.32
Maharashtra,Tropical Dry,Regenerative Agriculture,260.03,1,1100,16.5,Medium,188.74
Nagaland,Tropical Wet,Regenerative Agriculture,261.11,1,2000,73.9,High,537.13
Rajasthan,Arid,Regenerative Agriculture,75.41,5,500,4.8,Very Low,20.53
Tamil Nadu,Tropical Dry,Regenerative Agriculture,211.2,7,1000,17.4,Medium,250.03
Tamil Nadu,Tropical Dry,Reforestation,330.68,5,1000,17.4,Medium,1211.79
Tripura,Tropical Wet,Regenerative Agriculture,5.33,2,2200,73.7,Medium,11.96
Tripura,Tropical Wet,Reforestation,125.51,1,2200,73.7,Medium,1066.31
Karnataka,Tropical Dry,Afforestation,66.76,2,1300,20.1,Medium,184.02
Meghalaya,Tropical Wet,Reforestation,124.09,7,2800,76.3,High,2619.39
Tamil Nadu,Tropical Dry,Afforestation,481.87,5,1000,17.4,Medium,1331.15
West Bengal,Humid Subtropical,Afforestation,387.78,1,1750,18.9,Medium,1381.52
Tamil Nadu,Tropical Dry,Reforestation,148.16,10,1000,17.4,Medium,825.01
Uttar Pradesh,Humid Subtropical,Afforestation,197.97,1,1000,6.1,Medium,450.57
Nagaland,Tropical Wet,Regenerative Agriculture,149.15,3,2000,73.9,High,388.65
Assam,Tropical Wet,Afforestation,60.07,9,2700,34.2,Medium,791.99
Tripura,Tropical Wet,Regenerative Agriculture,239.47,4,2200,73.7,Medium,670.05
Uttar Pradesh,Humid Subtropical,Reforestation,65.56,3,1000,6.1,Medium,223.41
Sikkim,Subtropical,Reforestation,73.16,5,2700,47.3,High,1002.32
Chhattisgarh,Humid Subtropical,Reforestation,103.53,3,1400,41.1,Medium,524.97
Sikkim,Subtropical,Afforestation,360.31,2,2700,47.3,High,2682.4
Maharashtra,Tropical Dry,Reforestation,93.42,5,1100,16.5,Medium,390.33
Maharashtra,Tropical Dry,Regenerative Agriculture,138.84,2,1100,16.5,Medium,113.33
Telangana,Tropical Dry,Afforestation,456.8,10,950,24.0,Low,1534.3
Meghalaya,Tropical Wet,Reforestation,192.91,7,2800,76.3,High,3866.98
Assam,Tropical Wet,Afforestation,108.26,9,2700,34.2,Medium,1447.98
Haryana,Humid Subtropical,Regenerative Agriculture,197.2,5,600,3.6,Low,148.2
Andhra Pradesh,Tropical Dry,Afforestation,83.29,5,900,23.0,Low,174.92
Arunachal Pradesh,Subtropical,Reforestation,166.11,6,2800,79.3,High,2696.18
Kerala,Tropical Wet,Reforestation,364.51,6,3000,52.3,High,6477.19
Manipur,Subtropical,Afforestation,128.6,9,1500,74.3,Medium,861.94
Bihar,Humid Subtropical,Reforestation,95.98,1,1100,7.7,Medium,280.88
Tamil Nadu,Tropical Dry,Reforestation,140.69,2,1000,17.4,Medium,395.87
Kerala,Tropical Wet,Afforestation,48.5,6,3000,52.3,High,618.92
Tripura,Tropical Wet,Reforestation,391.32,10,2200,73.7,Medium,7166.98
Goa,Tropical Wet,Reforestation,79.48,1,2900,60.0,High,900.36
Maharashtra,Tropical Dry,Regenerative Agriculture,41.64,6,1100,16.5,Medium,51.23
Karnataka,Tropical Dry,Reforestation,375.05,8,1300,20.1,Medium,2346.04
Arunachal Pradesh,Subtropical,Reforestation,316.62,7,2800,79.3,High,5484.77
Nagaland,Tropical Wet,Reforestation,316.78,3,2000,73.9,High,3619.14
Karnataka,Tropical Dry,Reforestation,183.86,2,1300,20.1,Medium,632.34
Punjab,Humid Subtropical,Afforestation,332.77,3,700,3.6,Medium,768.88
Telangana,Tropical Dry,Reforestation,23.03,3,950,24.0,Low,56.7
Tamil Nadu,Tropical Dry,Regenerative Agriculture,205.67,6,1000,17.4,Medium,219.62
Himachal Pradesh,Subtropical,Afforestation,421.82,1,1600,27.1,Medium,1508.06
Odisha,Humid Subtropical,Afforestation,179.51,4,1500,33.2,Medium,772.96
Haryana,Humid Subtropical,Reforestation,348.81,9,600,3.6,Low,1352.63
Assam,Tropical Wet,Reforestation,245.12,4,2700,34.2,Medium,3252.36
Nagaland,Tropical Wet,Regenerative Agriculture,86.66,3,2000,73.9,High,220.56
Meghalaya,Tropical Wet,Afforestation,238.25,5,2800,76.3,High,2678.27
Himachal Pradesh,Subtropical,Afforestation,74.47,8,1600,27.1,Medium,528.3
Tamil Nadu,Tropical Dry,Reforestation,388.99,7,1000,17.4,Medium,1597.2
Mizoram,Tropical Wet,Afforestation,43.88,9,2500,84.5,High,674.83
Himachal Pradesh,Subtropical,Reforestation,213.2,9,1600,27.1,Medium,1997.7
Uttar Pradesh,Humid Subtropical,Reforestation,51.68,1,1000,6.1,Medium,138.82
Goa,Tropical Wet,Regenerative Agriculture,198.74,1,2900,60.0,High,534.36
Maharashtra,Tropical Dry,Afforestation,126.14,10,1100,16.5,Medium,520.15
Karnataka,Tropical Dry,Afforestation,230.22,8,1300,20.1,Medium,1061.53
Andhra Pradesh,Tropical Dry,Afforestation,133.74,6,900,23.0,Low,318.93
Mizoram,Tropical Wet,Afforestation,423.64,8,2500,84.5,High,6222.31
Haryana,Humid Subtropical,Regenerative Agriculture,261.14,4,600,3.6,Low,174.64
Mizoram,Tropical Wet,Reforestation,30.15,7,2500,84.5,High,573.98
Meghalaya,Tropical Wet,Reforestation,84.3,5,2800,76.3,High,1434.76
Telangana,Tropical Dry,Reforestation,167.99,2,950,24.0,Low,360.39
Odisha,Humid Subtropical,Regenerative Agriculture,6.46,2,1500,33.2,Medium,7.4
Andhra Pradesh,Tropical Dry,Reforestation,146.92,6,900,23.0,Low,455.23
Uttar Pradesh,Humid Subtropical,Regenerative Agriculture,13.84,4,1000,6.1,Medium,13.26
Punjab,Humid Subtropical,Reforestation,87.51,7,700,3.6,Medium,337.95
Maharashtra,Tropical Dry,Afforestation,227.44,5,1100,16.5,Medium,698.35
Arunachal Pradesh,Subtropical,Afforestation,417.13,8,2800,79.3,High,5264.01
Sikkim,Subtropical,Regenerative Agriculture,279.63,4,2700,47.3,High,869.93
Uttarakhand,Subtropical,Reforestation,166.64,5,1800,45.4,High,1706.86
Karnataka,Tropical Dry,Reforestation,149.2,2,1300,20.1,Medium,528.49
Uttarakhand,Subtropical,Afforestation,393.37,9,1800,45.4,High,3710.24
Andhra Pradesh,Tropical Dry,Reforestation,170.59,4,900,23.0,Low,452.27
Arunachal Pradesh,Subtropical,Afforestation,400.93,3,2800,79.3,High,3394.46
Rajasthan,Arid,Regenerative Agriculture,115.82,6,500,4.8,Very Low,33.12
Kerala,Tropical Wet,Reforestation,167.53,5,3000,52.3,High,2933.9
Manipur,Subtropical,Afforestation,229.86,1,1500,74.3,Medium,712.16
Nagaland,Tropical Wet,Reforestation,241.02,8,2000,73.9,High,4153.27
Gujarat,Arid,Reforestation,253.5,9,800,7.6,Low,437.88
Uttarakhand,Subtropical,Reforestation,199.49,5,1800,45.4,High,1983.62
Chhattisgarh,Humid Subtropical,Afforestation,196.3,2,1400,41.1,Medium,598.02
Assam,Tropical Wet,Regenerative Agriculture,121.34,7,2700,34.2,Medium,509.64
Nagaland,Tropical Wet,Reforestation,291.48,5,2000,73.9,High,3880.5
Jharkhand,Humid Subtropical,Regenerative Agriculture,117.12,4,1300,29.6,Medium,151.33
Madhya Pradesh,Humid Subtropical,Afforestation,182.3,2,1200,25.1,Medium,506.37
Madhya Pradesh,Humid Subtropical,Reforestation,133.31,3,1200,25.1,Medium,517.97
Maharashtra,Tropical Dry,Reforestation,249.98,2,1100,16.5,Medium,757.81
Chhattisgarh,Humid Subtropical,Afforestation,266.02,7,1400,41.1,Medium,1341.02
Telangana,Tropical Dry,Reforestation,322.92,7,950,24.0,Low,1154.5
Tamil Nadu,Tropical Dry,Reforestation,325.31,1,1000,17.4,Medium,770.01
Telangana,Tropical Dry,Afforestation,320.24,7,950,24.0,Low,854.5
Haryana,Humid Subtropical,Afforestation,398.93,10,600,3.6,Low,1465.33
Odisha,Humid Subtropical,Reforestation,153.9,10,1500,33.2,Medium,1454.34
Chhattisgarh,Humid Subtropical,Regenerative Agriculture,235.26,2,1400,41.1,Medium,269.69
Odisha,Humid Subtropical,Regenerative Agriculture,256.1,7,1500,33.2,Medium,475.3
Assam,Tropical Wet,Reforestation,188.93,2,2700,34.2,Medium,2082.47
Mizoram,Tropical Wet,Regenerative Agriculture,74.39,2,2500,84.5,High,234.13
Bihar,Humid Subtropical,Afforestation,324.57,7,1100,7.7,Medium,1397.27
Andhra Pradesh,Tropical Dry,Reforestation,113.9,9,900,23.0,Low,434.06
Meghalaya,Tropical Wet,Regenerative Agriculture,210.07,3,2800,76.3,High,713.98
Tamil Nadu,Tropical Dry,Reforestation,186.63,9,1000,17.4,Medium,936.74
Tripura,Tropical Wet,Afforestation,48.92,8,2200,73.7,Medium,556.23
Mizoram,Tropical Wet,Afforestation,301.92,9,2500,84.5,High,4418.33
Karnataka,Tropical Dry,Regenerative Agriculture,25.48,1,1300,20.1,Medium,20.88
Haryana,Humid Subtropical,Reforestation,272.8,5,600,3.6,Low,764.09
Meghalaya,Tropical Wet,Reforestation,103.87,10,2800,76.3,High,2393.69
Meghalaya,Tropical Wet,Reforestation,272.75,7,2800,76.3,High,5163.48
Meghalaya,Tropical Wet,Reforestation,186.85,4,2800,76.3,High,2775.46
Maharashtra,Tropical Dry,Reforestation,231.48,4,1100,16.5,Medium,858.4
Himachal Pradesh,Subtropical,Afforestation,93.53,10,1600,27.1,Medium,726.49
Jharkhand,Humid Subtropical,Regenerative Agriculture,228.07,1,1300,29.6,Medium,195.32
Punjab,Humid Subtropical,Regenerative Agriculture,49.96,5,700,3.6,Medium,42.44
Uttar Pradesh,Humid Subtropical,Afforestation,422.6,5,1000,6.1,Medium,1486.21
Maharashtra,Tropical Dry,Regenerative Agriculture,260.08,5,1100,16.5,Medium,277.03
Uttarakhand,Subtropical,Reforestation,76.33,4,1800,45.4,High,678.29
Goa,Tropical Wet,Afforestation,52.94,9,2900,60.0,High,811.08
Karnataka,Tropical Dry,Afforestation,159.71,4,1300,20.1,Medium,534.59
Arunachal Pradesh,Subtropical,Regenerative Agriculture,52.72,6,2800,79.3,High,200.69
Andhra Pradesh,Tropical Dry,Regenerative Agriculture,297.69,5,900,23.0,Low,223.35
Sikkim,Subtropical,Reforestation,222.8,3,2700,47.3,High,2479.29
Odisha,Humid Subtropical,Reforestation,349.2,6,1500,33.2,Medium,2501.45
Gujarat,Arid,Afforestation,168.04,3,800,7.6,Low,150.37
Goa,Tropical Wet,Regenerative Agriculture,210.01,2,2900,60.0,High,641.66
Tamil Nadu,Tropical Dry,Afforestation,291.83,6,1000,17.4,Medium,901.71
Kerala,Tropical Wet,Regenerative Agriculture,148.68,6,3000,52.3,High,651.96
Meghalaya,Tropical Wet,Afforestation,414.35,5,2800,76.3,High,4992.25
Goa,Tropical Wet,Afforestation,22.65,9,2900,60.0,High,355.31
Telangana,Tropical Dry,Afforestation,468.86,4,950,24.0,Low,967.23
Arunachal Pradesh,Subtropical,Afforestation,61.78,6,2800,79.3,High,640.34
Manipur,Subtropical,Afforestation,392.57,10,1500,74.3,Medium,2933.07
Jharkhand,Humid Subtropical,Reforestation,201.57,2,1300,29.6,Medium,790.43
Karnataka,Tropical Dry,Regenerative Agriculture,75.56,3,1300,20.1,Medium,78.95
Madhya Pradesh,Humid Subtropical,Afforestation,393.52,3,1200,25.1,Medium,1224.95
Kerala,Tropical Wet,Regenerative Agriculture,72.52,5,3000,52.3,High,289.28
Tripura,Tropical Wet,Afforestation,315.71,6,2200,73.7,Medium,2863.47
Uttar Pradesh,Humid Subtropical,Regenerative Agriculture,137.69,3,1000,6.1,Medium,122.21
Tripura,Tropical Wet,Regenerative Agriculture,127.17,7,2200,73.7,Medium,461.5
Punjab,Humid Subtropical,Reforestation,66.51,5,700,3.6,Medium,220.03
Bihar,Humid Subtropical,Reforestation,115.03,10,1100,7.7,Medium,708.94
Mizoram,Tropical Wet,Afforestation,168.52,10,2500,84.5,High,2760.25
Arunachal Pradesh,Subtropical,Afforestation,488.18,2,2800,79.3,High,3491.59
Andhra Pradesh,Tropical Dry,Regenerative Agriculture,152.3,7,900,23.0,Low,130.7
Madhya Pradesh,Humid Subtropical,Reforestation,63.97,2,1200,25.1,Medium,238.61
Maharashtra,Tropical Dry,Regenerative Agriculture,115.89,4,1100,16.5,Medium,111.26
Nagaland,Tropical Wet,Reforestation,317.23,1,2000,73.9,High,2806.57
Haryana,Humid Subtropical,Afforestation,146.89,2,600,3.6,Low,253.98
Chhattisgarh,Humid Subtropical,Afforestation,414.31,7,1400,41.1,Medium,2139.38
Maharashtra,Tropical Dry,Afforestation,310.83,7,1100,16.5,Medium,1131.53
Odisha,Humid Subtropical,Afforestation,83.58,1,1500,33.2,Medium,249.16
Maharashtra,Tropical Dry,Afforestation,375.64,1,1100,16.5,Medium,758.57
Rajasthan,Arid,Regenerative Agriculture,26.02,8,500,4.8,Very Low,8.98
Maharashtra,Tropical Dry,Reforestation,192.85,4,1100,16.5,Medium,701.17
Andhra Pradesh,Tropical Dry,Regenerative Agriculture,282.98,3,900,23.0,Low,173.4
Mizoram,Tropical Wet,Afforestation,333.55,8,2500,84.5,High,4663.89
Tamil Nadu,Tropical Dry,Reforestation,46.81,1,1000,17.4,Medium,116.42
Jharkhand,Humid Subtropical,Afforestation,197.15,2,1300,29.6,Medium,573.09
Meghalaya,Tropical Wet,Afforestation,135.15,4,2800,76.3,High,1476.2
Chhattisgarh,Humid Subtropical,Regenerative Agriculture,17.38,2,1400,41.1,Medium,20.2
Tamil Nadu,Tropical Dry,Afforestation,71.36,8,1000,17.4,Medium,250.93
Uttarakhand,Subtropical,Reforestation,64.32,1,1800,45.4,High,411.48
Maharashtra,Tropical Dry,Reforestation,101.48,9,1100,16.5,Medium,565.08
Chhattisgarh,Humid Subtropical,Afforestation,90.21,4,1400,41.1,Medium,332.91
Uttar Pradesh,Humid Subtropical,Afforestation,341.23,3,1000,6.1,Medium,1010.68
Meghalaya,Tropical Wet,Reforestation,329.14,7,2800,76.3,High,6684.14
Tripura,Tropical Wet,Afforestation,136.63,2,2200,73.7,Medium,842.72
Maharashtra,Tropical Dry,Reforestation,295.47,7,1100,16.5,Medium,1424.61
Punjab,Humid Subtropical,Regenerative Agriculture,99.42,6,700,3.6,Medium,94.2
West Bengal,Humid Subtropical,Reforestation,97.2,3,1750,18.9,Medium,558.63
Punjab,Humid Subtropical,Afforestation,212.57,5,700,3.6,Medium,606.7
Bihar,Humid Subtropical,Regenerative Agriculture,49.71,7,1100,7.7,Medium,74.45
Telangana,Tropical Dry,Regenerative Agriculture,263.76,5,950,24.0,Low,207.86
Uttarakhand,Subtropical,Afforestation,373.44,3,1800,45.4,High,2073.04
Kerala,Tropical Wet,Regenerative Agriculture,123.44,10,3000,52.3,High,695.34
Madhya Pradesh,Humid Subtropical,Reforestation,252.15,2,1200,25.1,Medium,938.05
Karnataka,Tropical Dry,Afforestation,273.96,4,1300,20.1,Medium,872.08
Manipur,Subtropical,Regenerative Agriculture,95.15,8,1500,74.3,Medium,204.01
Manipur,Subtropical,Afforestation,71.11,4,1500,74.3,Medium,333.46
Meghalaya,Tropical Wet,Reforestation,165.74,5,2800,76.3,High,2833.09
Bihar,Humid Subtropical,Regenerative Agriculture,5.95,6,1100,7.7,Medium,7.57
Rajasthan,Arid,Afforestation,298.22,4,500,4.8,Very Low,242.79
Gujarat,Arid,Regenerative Agriculture,24.13,10,800,7.6,Low,12.13
Odisha,Humid Subtropical,Reforestation,245.76,3,1500,33.2,Medium,1435.09
Haryana,Humid Subtropical,Regenerative Agriculture,151.99,3,600,3.6,Low,91.84
Chhattisgarh,Humid Subtropical,Reforestation,95.79,4,1400,41.1,Medium,537.8
Manipur,Subtropical,Afforestation,82.25,7,1500,74.3,Medium,472.83
Uttar Pradesh,Humid Subtropical,Afforestation,303.13,9,1000,6.1,Medium,1475.66
Haryana,Humid Subtropical,Reforestation,262.39,1,600,3.6,Low,473.08
Himachal Pradesh,Subtropical,Regenerative Agriculture,207.34,7,1600,27.1,Medium,488.15
Karnataka,Tropical Dry,Reforestation,241.29,9,1300,20.1,Medium,1564.54
Meghalaya,Tropical Wet,Afforestation,353.12,6,2800,76.3,High,4500.21
Rajasthan,Arid,Reforestation,214.46,3,500,4.8,Very Low,188.52
Mizoram,Tropical Wet,Afforestation,223.24,5,2500,84.5,High,2501.18
Assam,Tropical Wet,Reforestation,258.0,7,2700,34.2,Medium,4410.63
Uttar Pradesh,Humid Subtropical,Afforestation,478.74,8,1000,6.1,Medium,2067.83
Telangana,Tropical Dry,Reforestation,123.64,7,950,24.0,Low,434.39
Odisha,Humid Subtropical,Reforestation,119.7,6,1500,33.2,Medium,861.1
Tamil Nadu,Tropical Dry,Afforestation,390.59,9,1000,17.4,Medium,1445.43
Uttar Pradesh,Humid Subtropical,Reforestation,363.98,9,1000,6.1,Medium,1975.03
Madhya Pradesh,Humid Subtropical,Reforestation,173.27,7,1200,25.1,Medium,980.18
Odisha,Humid Subtropical,Regenerative Agriculture,289.2,7,1500,33.2,Medium,543.91
Madhya Pradesh,Humid Subtropical,Reforestation,333.73,8,1200,25.1,Medium,2089.23
Chhattisgarh,Humid Subtropical,Afforestation,135.7,3,1400,41.1,Medium,471.46
Punjab,Humid Subtropical,Reforestation,88.61,1,700,3.6,Medium,190.95
Telangana,Tropical Dry,Afforestation,99.68,1,950,24.0,Low,147.94
Arunachal Pradesh,Subtropical,Afforestation,120.41,10,2800,79.3,High,1741.74
Kerala,Tropical Wet,Afforestation,490.45,2,3000,52.3,High,4194.67
Haryana,Humid Subtropical,Reforestation,223.88,7,600,3.6,Low,729.13
Nagaland,Tropical Wet,Reforestation,191.45,1,2000,73.9,High,1726.61
Tamil Nadu,Tropical Dry,Afforestation,79.07,6,1000,17.4,Medium,243.52
Goa,Tropical Wet,Regenerative Agriculture,197.04,6,2900,60.0,High,901.38
Telangana,Tropical Dry,Regenerative Agriculture,156.19,10,950,24.0,Low,165.27
Madhya Pradesh,Humid Subtropical,Reforestation,142.13,4,1200,25.1,Medium,629.7
Bihar,Humid Subtropical,Regenerative Agriculture,65.44,5,1100,7.7,Medium,75.33
Gujarat,Arid,Regenerative Agriculture,284.26,8,800,7.6,Low,120.71
Chhattisgarh,Humid Subtropical,Reforestation,229.82,2,1400,41.1,Medium,1060.9
Maharashtra,Tropical Dry,Afforestation,201.46,3,1100,16.5,Medium,502.77
Nagaland,Tropical Wet,Regenerative Agriculture,198.75,9,2000,73.9,High,821.66
Mizoram,Tropical Wet,Regenerative Agriculture,62.7,10,2500,84.5,High,351.17
Maharashtra,Tropical Dry,Afforestation,293.02,5,1100,16.5,Medium,930.92
Himachal Pradesh,Subtropical,Reforestation,220.22,10,1600,27.1,Medium,2127.84
Haryana,Humid Subtropical,Reforestation,320.41,7,600,3.6,Low,983.29
West Bengal,Humid Subtropical,Reforestation,80.01,6,1750,18.9,Medium,638.45
Kerala,Tropical Wet,Afforestation,26.36,8,3000,52.3,High,391.85
Andhra Pradesh,Tropical Dry,Afforestation,225.76,6,900,23.0,Low,537.01
Gujarat,Arid,Reforestation,344.9,9,800,7.6,Low,579.12
Uttarakhand,Subtropical,Afforestation,214.7,7,1800,45.4,High,1823.41
Madhya Pradesh,Humid Subtropical,Afforestation,365.34,2,1200,25.1,Medium,967.3
West Bengal,Humid Subtropical,Afforestation,284.28,1,1750,18.9,Medium,999.21
Assam,Tropical Wet,Afforestation,413.25,10,2700,34.2,Medium,6052.0
Haryana,Humid Subtropical,Afforestation,155.28,6,600,3.6,Low,401.76
Arunachal Pradesh,Subtropical,Reforestation,288.44,9,2800,79.3,High,5840.14
Telangana,Tropical Dry,Afforestation,185.32,2,950,24.0,Low,310.16
Bihar,Humid Subtropical,Regenerative Agriculture,264.55,10,1100,7.7,Medium,442.0
Chhattisgarh,Humid Subtropical,Reforestation,291.84,3,1400,41.1,Medium,1491.77
Uttar Pradesh,Humid Subtropical,Reforestation,148.96,2,1000,6.1,Medium,457.57
Uttarakhand,Subtropical,Reforestation,299.16,3,1800,45.4,High,2582.9
Kerala,Tropical Wet,Afforestation,341.33,2,3000,52.3,High,2889.59
Uttar Pradesh,Humid Subtropical,Afforestation,420.15,7,1000,6.1,Medium,1769.64
Meghalaya,Tropical Wet,Reforestation,212.37,6,2800,76.3,High,3832.2
Jharkhand,Humid Subtropical,Afforestation,210.07,4,1300,29.6,Medium,764.59
Gujarat,Arid,Afforestation,385.37,3,800,7.6,Low,358.59
West Bengal,Humid Subtropical,Regenerative Agriculture,54.88,2,1750,18.9,Medium,77.71
Odisha,Humid Subtropical,Reforestation,192.24,4,1500,33.2,Medium,1138.87
Manipur,Subtropical,Reforestation,323.91,4,1500,74.3,Medium,2135.26
Sikkim,Subtropical,Afforestation,216.51,10,2700,47.3,High,3157.74
Haryana,Humid Subtropical,Afforestation,481.78,9,600,3.6,Low,1599.6
West Bengal,Humid Subtropical,Regenerative Agriculture,162.14,3,1750,18.9,Medium,256.23
Maharashtra,Tropical Dry,Afforestation,128.53,1,1100,16.5,Medium,274.49
Odisha,Humid Subtropical,Afforestation,414.02,5,1500,33.2,Medium,1852.32
Karnataka,Tropical Dry,Regenerative Agriculture,271.35,8,1300,20.1,Medium,420.68
Goa,Tropical Wet,Afforestation,171.9,6,2900,60.0,High,2180.65
Sikkim,Subtropical,Reforestation,180.24,2,2700,47.3,High,1932.16
Madhya Pradesh,Humid Subtropical,Regenerative Agriculture,199.35,4,1200,25.1,Medium,235.33
Madhya Pradesh,Humid Subtropical,Afforestation,267.37,9,1200,25.1,Medium,1266.43
Assam,Tropical Wet,Regenerative Agriculture,249.64,8,2700,34.2,Medium,1102.11
Bihar,Humid Subtropical,Reforestation,312.94,9,1100,7.7,Medium,1882.21
Manipur,Subtropical,Reforestation,78.46,6,1500,74.3,Medium,649.81
Uttar Pradesh,Humid Subtropical,Afforestation,354.29,4,1000,6.1,Medium,1192.59
Punjab,Humid Subtropical,Regenerative Agriculture,43.85,4,700,3.6,Medium,34.31
Bihar,Humid Subtropical,Reforestation,119.55,7,1100,7.7,Medium,577.87
Karnataka,Tropical Dry,Afforestation,141.79,6,1300,20.1,Medium,558.58
Sikkim,Subtropical,Afforestation,241.52,10,2700,47.3,High,3447.15
West Bengal,Humid Subtropical,Regenerative Agriculture,86.66,1,1750,18.9,Medium,102.87
Meghalaya,Tropical Wet,Reforestation,250.15,4,2800,76.3,High,3569.11
Odisha,Humid Subtropical,Afforestation,263.12,6,1500,33.2,Medium,1331.61
Kerala,Tropical Wet,Reforestation,193.2,5,3000,52.3,High,3297.6
Sikkim,Subtropical,Reforestation,167.77,6,2700,47.3,High,2629.25
Mizoram,Tropical Wet,Afforestation,312.36,8,2500,84.5,High,4514.68
Madhya Pradesh,Humid Subtropical,Regenerative Agriculture,264.56,7,1200,25.1,Medium,400.68
Andhra Pradesh,Tropical Dry,Reforestation,397.23,1,900,23.0,Low,757.57
Maharashtra,Tropical Dry,Regenerative Agriculture,126.25,8,1100,16.5,Medium,165.03
Uttarakhand,Subtropical,Afforestation,413.66,7,1800,45.4,High,3454.76
Haryana,Humid Subtropical,Reforestation,292.74,9,600,3.6,Low,1064.94
Rajasthan,Arid,Regenerative Agriculture,22.56,4,500,4.8,Very Low,5.68
Arunachal Pradesh,Subtropical,Reforestation,59.08,1,2800,79.3,High,526.75
Manipur,Subtropical,Regenerative Agriculture,128.59,4,1500,74.3,Medium,202.91
Sikkim,Subtropical,Afforestation,208.08,3,2700,47.3,High,1758.67
Karnataka,Tropical Dry,Reforestation,154.34,10,1300,20.1,Medium,1048.05
Gujarat,Arid,Reforestation,68.47,9,800,7.6,Low,118.16
Uttar Pradesh,Humid Subtropical,Reforestation,61.41,2,1000,6.1,Medium,186.02
Nagaland,Tropical Wet,Regenerative Agriculture,162.52,8,2000,73.9,High,655.53
Telangana,Tropical Dry,Regenerative Agriculture,137.41,7,950,24.0,Low,130.89
Rajasthan,Arid,Regenerative Agriculture,17.9,5,500,4.8,Very Low,4.83
Jharkhand,Humid Subtropical,Regenerative Agriculture,245.93,6,1300,29.6,Medium,381.14
Haryana,Humid Subtropical,Afforestation,349.32,2,600,3.6,Low,611.16
Karnataka,Tropical Dry,Afforestation,432.25,2,1300,20.1,Medium,1162.92
Meghalaya,Tropical Wet,Regenerative Agriculture,257.98,9,2800,76.3,High,1343.59
Uttarakhand,Subtropical,Reforestation,157.47,6,1800,45.4,High,1681.08
Assam,Tropical Wet,Afforestation,267.65,2,2700,34.2,Medium,2011.02
Assam,Tropical Wet,Afforestation,446.15,1,2700,34.2,Medium,2879.25
Himachal Pradesh,Subtropical,Regenerative Agriculture,12.51,2,1600,27.1,Medium,16.74
West Bengal,Humid Subtropical,Reforestation,244.46,1,1750,18.9,Medium,1177.81
Nagaland,Tropical Wet,Afforestation,270.23,4,2000,73.9,High,2328.79
Assam,Tropical Wet,Afforestation,78.87,5,2700,34.2,Medium,852.94
Odisha,Humid Subtropical,Regenerative Agriculture,161.91,4,1500,33.2,Medium,238.55
Andhra Pradesh,Tropical Dry,Regenerative Agriculture,52.21,2,900,23.0,Low,28.94
Nagaland,Tropical Wet,Regenerative Agriculture,48.38,5,2000,73.9,High,155.25
Mizoram,Tropical Wet,Reforestation,159.3,3,2500,84.5,High,2128.59
Punjab,Humid Subtropical,Reforestation,247.13,9,700,3.6,Medium,1069.79
Rajasthan,Arid,Reforestation,223.44,5,500,4.8,Very Low,233.01
Karnataka,Tropical Dry,Afforestation,270.81,6,1300,20.1,Medium,1091.3
Meghalaya,Tropical Wet,Reforestation,333.32,3,2800,76.3,High,4604.73
Chhattisgarh,Humid Subtropical,Afforestation,258.65,5,1400,41.1,Medium,1117.34
Manipur,Subtropical,Afforestation,294.43,8,1500,74.3,Medium,1893.15
Meghalaya,Tropical Wet,Afforestation,316.85,4,2800,76.3,High,3425.2
Jharkhand,Humid Subtropical,Reforestation,192.66,7,1300,29.6,Medium,1218.03
Madhya Pradesh,Humid Subtropical,Afforestation,243.02,4,1200,25.1,Medium,862.21
Bihar,Humid Subtropical,Afforestation,234.65,6,1100,7.7,Medium,1039.11
Madhya Pradesh,Humid Subtropical,Reforestation,319.35,5,1200,25.1,Medium,1518.22
Gujarat,Arid,Reforestation,378.46,1,800,7.6,Low,318.89
Manipur,Subtropical,Regenerative Agriculture,156.31,4,1500,74.3,Medium,254.02
Chhattisgarh,Humid Subtropical,Reforestation,216.14,8,1400,41.1,Medium,1744.66
Punjab,Humid Subtropical,Regenerative Agriculture,183.7,9,700,3.6,Medium,221.43
Madhya Pradesh,Humid Subtropical,Reforestation,190.55,3,1200,25.1,Medium,746.8
Himachal Pradesh,Subtropical,Regenerative Agriculture,179.46,7,1600,27.1,Medium,409.4
Maharashtra,Tropical Dry,Regenerative Agriculture,97.01,3,1100,16.5,Medium,86.12
West Bengal,Humid Subtropical,Afforestation,260.11,7,1750,18.9,Medium,1641.42
Bihar,Humid Subtropical,Regenerative Agriculture,262.25,10,1100,7.7,Medium,439.08
Tamil Nadu,Tropical Dry,Reforestation,263.12,2,1000,17.4,Medium,744.49
Jharkhand,Humid Subtropical,Reforestation,18.41,3,1300,29.6,Medium,78.09
Arunachal Pradesh,Subtropical,Reforestation,333.96,7,2800,79.3,High,5880.17
Himachal Pradesh,Subtropical,Afforestation,12.78,8,1600,27.1,Medium,82.62
Mizoram,Tropical Wet,Afforestation,385.4,4,2500,84.5,High,3897.36
Punjab,Humid Subtropical,Afforestation,364.34,4,700,3.6,Medium,952.78
Nagaland,Tropical Wet,Regenerative Agriculture,107.9,3,2000,73.9,High,291.41
Goa,Tropical Wet,Afforestation,478.01,6,2900,60.0,High,6425.99
Uttarakhand,Subtropical,Reforestation,44.59,7,1800,45.4,High,517.08
Nagaland,Tropical Wet,Reforestation,43.07,8,2000,73.9,High,718.04
Himachal Pradesh,Subtropical,Regenerative Agriculture,73.55,7,1600,27.1,Medium,154.38
Odisha,Humid Subtropical,Reforestation,117.47,6,1500,33.2,Medium,831.4
Tripura,Tropical Wet,Afforestation,422.69,1,2200,73.7,Medium,2401.16
Madhya Pradesh,Humid Subtropical,Regenerative Agriculture,110.56,9,1200,25.1,Medium,192.18
Jharkhand,Humid Subtropical,Reforestation,87.32,7,1300,29.6,Medium,488.86
Tamil Nadu,Tropical Dry,Reforestation,42.63,2,1000,17.4,Medium,117.03
Gujarat,Arid,Reforestation,289.87,4,800,7.6,Low,320.38
Assam,Tropical Wet,Afforestation,459.23,8,2700,34.2,Medium,5704.61
Arunachal Pradesh,Subtropical,Regenerative Agriculture,51.79,2,2800,79.3,High,136.65
Andhra Pradesh,Tropical Dry,Afforestation,376.84,9,900,23.0,Low,1053.12
Sikkim,Subtropical,Reforestation,316.46,2,2700,47.3,High,3507.5
Punjab,Humid Subtropical,Reforestation,194.78,6,700,3.6,Medium,662.73
Mizoram,Tropical Wet,Afforestation,50.53,9,2500,84.5,High,733.85
West Bengal,Humid Subtropical,Reforestation,135.64,4,1750,18.9,Medium,855.75
Arunachal Pradesh,Subtropical,Regenerative Agriculture,283.18,3,2800,79.3,High,819.43
Telangana,Tropical Dry,Regenerative Agriculture,31.34,10,950,24.0,Low,36.23
Punjab,Humid Subtropical,Reforestation,232.38,9,700,3.6,Medium,1025.0
Rajasthan,Arid,Afforestation,483.36,1,500,4.8,Very Low,279.37
Assam,Tropical Wet,Regenerative Agriculture,283.47,9,2700,34.2,Medium,1366.19
Telangana,Tropical Dry,Afforestation,33.61,5,950,24.0,Low,75.35
Bihar,Humid Subtropical,Regenerative Agriculture,152.62,9,1100,7.7,Medium,235.76
Gujarat,Arid,Regenerative Agriculture,114.09,7,800,7.6,Low,44.45
Karnataka,Tropical Dry,Afforestation,214.09,4,1300,20.1,Medium,704.0
Karnataka,Tropical Dry,Reforestation,196.83,8,1300,20.1,Medium,1199.26
Bihar,Humid Subtropical,Afforestation,400.16,7,1100,7.7,Medium,1741.24
Odisha,Humid Subtropical,Regenerative Agriculture,42.09,3,1500,33.2,Medium,57.77
Haryana,Humid Subtropical,Reforestation,263.26,5,600,3.6,Low,716.22
Kerala,Tropical Wet,Afforestation,150.83,3,3000,52.3,High,1551.13
Rajasthan,Arid,Afforestation,413.42,6,500,4.8,Very Low,383.52
Madhya Pradesh,Humid Subtropical,Reforestation,20.66,5,1200,25.1,Medium,100.56
Nagaland,Tropical Wet,Reforestation,22.44,4,2000,73.9,High,260.19
Telangana,Tropical Dry,Reforestation,117.67,9,950,24.0,Low,485.73
Assam,Tropical Wet,Reforestation,214.83,6,2700,34.2,Medium,3404.38
Uttarakhand,Subtropical,Regenerative Agriculture,69.84,10,1800,45.4,High,254.29
Telangana,Tropical Dry,Regenerative Agriculture,174.73,10,950,24.0,Low,201.52
Goa,Tropical Wet,Afforestation,140.14,5,2900,60.0,High,1671.66
Jharkhand,Humid Subtropical,Afforestation,372.12,7,1300,29.6,Medium,1680.52
Uttarakhand,Subtropical,Regenerative Agriculture,200.59,7,1800,45.4,High,546.82
Assam,Tropical Wet,Regenerative Agriculture,204.3,8,2700,34.2,Medium,934.58
Maharashtra,Tropical Dry,Afforestation,205.02,4,1100,16.5,Medium,589.07
Maharashtra,Tropical Dry,Regenerative Agriculture,214.49,2,1100,16.5,Medium,168.57
Haryana,Humid Subtropical,Regenerative Agriculture,203.13,4,600,3.6,Low,145.97
Chhattisgarh,Humid Subtropical,Afforestation,127.19,8,1400,41.1,Medium,689.89
Himachal Pradesh,Subtropical,Reforestation,155.79,10,1600,27.1,Medium,1581.2
Telangana,Tropical Dry,Regenerative Agriculture,46.54,10,950,24.0,Low,51.88
Manipur,Subtropical,Regenerative Agriculture,294.59,8,1500,74.3,Medium,670.23
Maharashtra,Tropical Dry,Regenerative Agriculture,53.34,1,1100,16.5,Medium,38.51
Odisha,Humid Subtropical,Reforestation,195.95,9,1500,33.2,Medium,1742.62
Gujarat,Arid,Reforestation,280.69,2,800,7.6,Low,252.02
Arunachal Pradesh,Subtropical,Reforestation,218.92,10,2800,79.3,High,4514.95
Madhya Pradesh,Humid Subtropical,Reforestation,44.35,6,1200,25.1,Medium,224.43
Meghalaya,Tropical Wet,Reforestation,347.63,8,2800,76.3,High,7437.64
Telangana,Tropical Dry,Afforestation,34.49,1,950,24.0,Low,47.59
Telangana,Tropical Dry,Reforestation,56.92,4,950,24.0,Low,157.22
Meghalaya,Tropical Wet,Regenerative Agriculture,294.44,9,2800,76.3,High,1611.4
Arunachal Pradesh,Subtropical,Regenerative Agriculture,56.95,6,2800,79.3,High,207.7
Bihar,Humid Subtropical,Reforestation,392.75,4,1100,7.7,Medium,1622.41
Goa,Tropical Wet,Afforestation,480.47,5,2900,60.0,High,5759.74
Uttarakhand,Subtropical,Reforestation,387.32,8,1800,45.4,High,4876.9
Assam,Tropical Wet,Regenerative Agriculture,73.45,7,2700,34.2,Medium,295.49
Sikkim,Subtropical,Regenerative Agriculture,288.25,2,2700,47.3,High,752.78
Karnataka,Tropical Dry,Afforestation,14.43,5,1300,20.1,Medium,54.98
Haryana,Humid Subtropical,Reforestation,324.83,5,600,3.6,Low,874.29
Goa,Tropical Wet,Regenerative Agriculture,220.01,6,2900,60.0,High,948.05
Mizoram,Tropical Wet,Regenerative Agriculture,13.61,3,2500,84.5,High,49.13
Tripura,Tropical Wet,Afforestation,321.37,4,2200,73.7,Medium,2422.67
Madhya Pradesh,Humid Subtropical,Reforestation,368.59,1,1200,25.1,Medium,1114.91
Sikkim,Subtropical,Reforestation,397.09,4,2700,47.3,High,5199.16
Madhya Pradesh,Humid Subtropical,Regenerative Agriculture,127.6,1,1200,25.1,Medium,106.16
Rajasthan,Arid,Regenerative Agriculture,154.26,9,500,4.8,Very Low,55.82
Karnataka,Tropical Dry,Afforestation,27.65,1,1300,20.1,Medium,67.01
Karnataka,Tropical Dry,Afforestation,221.38,8,1300,20.1,Medium,986.73
Manipur,Subtropical,Afforestation,263.18,10,1500,74.3,Medium,1884.58
Tripura,Tropical Wet,Regenerative Agriculture,271.61,10,2200,73.7,Medium,1177.27
Maharashtra,Tropical Dry,Afforestation,215.53,4,1100,16.5,Medium,581.1
Maharashtra,Tropical Dry,Afforestation,154.89,7,1100,16.5,Medium,562.43
Gujarat,Arid,Reforestation,42.4,4,800,7.6,Low,49.42
Kerala,Tropical Wet,Regenerative Agriculture,33.04,8,3000,52.3,High,168.53
Assam,Tropical Wet,Reforestation,312.95,8,2700,34.2,Medium,5623.8
Jharkhand,Humid Subtropical,Afforestation,274.16,8,1300,29.6,Medium,1397.49
Uttar Pradesh,Humid Subtropical,Regenerative Agriculture,279.65,5,1000,6.1,Medium,307.7
Mizoram,Tropical Wet,Afforestation,486.81,7,2500,84.5,High,5933.58
Tripura,Tropical Wet,Reforestation,18.88,4,2200,73.7,Medium,219.36
Himachal Pradesh,Subtropical,Afforestation,425.73,7,1600,27.1,Medium,2588.67
Chhattisgarh,Humid Subtropical,Reforestation,359.98,5,1400,41.1,Medium,2299.07
Gujarat,Arid,Afforestation,191.76,6,800,7.6,Low,231.9
Assam,Tropical Wet,Regenerative Agriculture,70.04,6,2700,34.2,Medium,283.16
Sikkim,Subtropical,Regenerative Agriculture,127.27,10,2700,47.3,High,606.31
Tamil Nadu,Tropical Dry,Regenerative Agriculture,84.36,9,1000,17.4,Medium,113.6
Bihar,Humid Subtropical,Afforestation,187.24,4,1100,7.7,Medium,639.07
Himachal Pradesh,Subtropical,Afforestation,73.67,5,1600,27.1,Medium,396.45
Jharkhand,Humid Subtropical,Regenerative Agriculture,113.94,9,1300,29.6,Medium,208.27
Odisha,Humid Subtropical,Reforestation,283.43,7,1500,33.2,Medium,2268.78
Punjab,Humid Subtropical,Reforestation,295.66,9,700,3.6,Medium,1281.12
Sikkim,Subtropical,Reforestation,325.72,9,2700,47.3,High,6096.99
Uttar Pradesh,Humid Subtropical,Afforestation,429.7,1,1000,6.1,Medium,963.5
Telangana,Tropical Dry,Regenerative Agriculture,133.42,1,950,24.0,Low,69.0
Assam,Tropical Wet,Reforestation,21.18,4,2700,34.2,Medium,268.19
Meghalaya,Tropical Wet,Reforestation,285.92,2,2800,76.3,High,3430.56
West Bengal,Humid Subtropical,Afforestation,410.39,9,1750,18.9,Medium,2938.61
Kerala,Tropical Wet,Afforestation,274.96,5,3000,52.3,High,3398.64
Nagaland,Tropical Wet,Afforestation,481.14,3,2000,73.9,High,3598.63
Manipur,Subtropical,Regenerative Agriculture,264.41,9,1500,74.3,Medium,617.33
Punjab,Humid Subtropical,Reforestation,350.49,3,700,3.6,Medium,914.88
Jharkhand,Humid Subtropical,Afforestation,44.74,8,1300,29.6,Medium,225.37
Uttar Pradesh,Humid Subtropical,Afforestation,278.94,5,1000,6.1,Medium,991.03
Andhra Pradesh,Tropical Dry,Afforestation,182.95,1,900,23.0,Low,256.65
Haryana,Humid Subtropical,Reforestation,248.12,8,600,3.6,Low,875.52
West Bengal,Humid Subtropical,Afforestation,150.02,9,1750,18.9,Medium,1049.48
Goa,Tropical Wet,Reforestation,158.96,4,2900,60.0,High,2550.51
Kerala,Tropical Wet,Afforestation,394.58,7,3000,52.3,High,5224.97
Manipur,Subtropical,Reforestation,246.42,4,1500,74.3,Medium,1665.04
Odisha,Humid Subtropical,Reforestation,377.39,9,1500,33.2,Medium,3245.59
Nagaland,Tropical Wet,Reforestation,58.62,9,2000,73.9,High,1027.08
Mizoram,Tropical Wet,Reforestation,286.25,9,2500,84.5,High,6272.62
Tripura,Tropical Wet,Regenerative Agriculture,183.62,2,2200,73.7,Medium,393.88
Jharkhand,Humid Subtropical,Regenerative Agriculture,84.22,8,1300,29.6,Medium,149.29
Andhra Pradesh,Tropical Dry,Regenerative Agriculture,27.71,6,900,23.0,Low,22.6
Uttar Pradesh,Humid Subtropical,Regenerative Agriculture,131.96,4,1000,6.1,Medium,136.59
Himachal Pradesh,Subtropical,Reforestation,117.95,2,1600,27.1,Medium,643.11
Bihar,Humid Subtropical,Regenerative Agriculture,115.11,10,1100,7.7,Medium,206.4
Nagaland,Tropical Wet,Afforestation,267.62,2,2000,73.9,High,1762.38
Assam,Tropical Wet,Afforestation,67.36,9,2700,34.2,Medium,937.2
West Bengal,Humid Subtropical,Reforestation,255.7,9,1750,18.9,Medium,2453.97
Rajasthan,Arid,Afforestation,17.54,4,500,4.8,Very Low,14.49
Manipur,Subtropical,Afforestation,118.04,9,1500,74.3,Medium,816.19
Rajasthan,Arid,Reforestation,87.59,6,500,4.8,Very Low,97.78
Meghalaya,Tropical Wet,Regenerative Agriculture,29.87,9,2800,76.3,High,163.68
Haryana,Humid Subtropical,Regenerative Agriculture,81.32,9,600,3.6,Low,80.68
Karnataka,Tropical Dry,Reforestation,284.83,8,1300,20.1,Medium,1632.48
Tripura,Tropical Wet,Afforestation,411.0,4,2200,73.7,Medium,3172.74
Uttarakhand,Subtropical,Reforestation,39.07,2,1800,45.4,High,283.85
Meghalaya,Tropical Wet,Reforestation,248.59,2,2800,76.3,High,2986.36
Arunachal Pradesh,Subtropical,Reforestation,162.56,4,2800,79.3,High,2082.63
West Bengal,Humid Subtropical,Regenerative Agriculture,165.55,3,1750,18.9,Medium,269.78
Odisha,Humid Subtropical,Regenerative Agriculture,158.83,3,1500,33.2,Medium,217.15
Gujarat,Arid,Reforestation,179.59,6,800,7.6,Low,239.27
Haryana,Humid Subtropical,Afforestation,448.72,9,600,3.6,Low,1498.09
Arunachal Pradesh,Subtropical,Regenerative Agriculture,139.03,10,2800,79.3,High,715.79
Chhattisgarh,Humid Subtropical,Reforestation,264.99,5,1400,41.1,Medium,1599.33
Himachal Pradesh,Subtropical,Reforestation,332.53,6,1600,27.1,Medium,2583.0
Rajasthan,Arid,Reforestation,208.51,6,500,4.8,Very Low,242.34
Odisha,Humid Subtropical,Regenerative Agriculture,87.91,3,1500,33.2,Medium,123.96
Kerala,Tropical Wet,Reforestation,76.4,5,3000,52.3,High,1253.41
Sikkim,Subtropical,Reforestation,377.87,2,2700,47.3,High,4088.09
Uttar Pradesh,Humid Subtropical,Regenerative Agriculture,37.58,5,1000,6.1,Medium,40.71
Kerala,Tropical Wet,Regenerative Agriculture,156.93,7,3000,52.3,High,773.51
Chhattisgarh,Humid Subtropical,Afforestation,415.78,7,1400,41.1,Medium,2045.57
Mizoram,Tropical Wet,Reforestation,151.45,10,2500,84.5,High,3425.32
Sikkim,Subtropical,Afforestation,452.74,6,2700,47.3,High,4824.64
Manipur,Subtropical,Afforestation,256.53,6,1500,74.3,Medium,1464.72
Punjab,Humid Subtropical,Afforestation,178.94,3,700,3.6,Medium,421.47
Jharkhand,Humid Subtropical,Regenerative Agriculture,185.11,5,1300,29.6,Medium,271.83
Uttar Pradesh,Humid Subtropical,Regenerative Agriculture,149.37,1,1000,6.1,Medium,103.78
Punjab,Humid Subtropical,Afforestation,362.18,6,700,3.6,Medium,1091.64
Bihar,Humid Subtropical,Afforestation,179.16,10,1100,7.7,Medium,1026.04
Manipur,Subtropical,Reforestation,61.78,3,1500,74.3,Medium,373.63
Haryana,Humid Subtropical,Regenerative Agriculture,77.38,7,600,3.6,Low,63.4
Himachal Pradesh,Subtropical,Reforestation,118.03,6,1600,27.1,Medium,931.88
Himachal Pradesh,Subtropical,Afforestation,220.18,3,1600,27.1,Medium,1042.23
Meghalaya,Tropical Wet,Reforestation,173.57,10,2800,76.3,High,4195.91
Manipur,Subtropical,Afforestation,436.56,2,1500,74.3,Medium,1570.87
Uttarakhand,Subtropical,Regenerative Agriculture,39.04,1,1800,45.4,High,63.87
Tripura,Tropical Wet,Reforestation,212.23,5,2200,73.7,Medium,2641.85
Chhattisgarh,Humid Subtropical,Afforestation,342.66,10,1400,41.1,Medium,1940.77
Sikkim,Subtropical,Reforestation,320.21,9,2700,47.3,High,6285.48
West Bengal,Humid Subtropical,Afforestation,209.98,5,1750,18.9,Medium,1156.43
Uttarakhand,Subtropical,Afforestation,368.35,9,1800,45.4,High,3343.2
Odisha,Humid Subtropical,Afforestation,237.88,6,1500,33.2,Medium,1191.29
Manipur,Subtropical,Reforestation,319.75,3,1500,74.3,Medium,1998.57
Manipur,Subtropical,Reforestation,170.76,3,1500,74.3,Medium,1028.39
Jharkhand,Humid Subtropical,Reforestation,362.18,2,1300,29.6,Medium,1405.51
Maharashtra,Tropical Dry,Reforestation,199.52,9,1100,16.5,Medium,1104.63
Uttar Pradesh,Humid Subtropical,Afforestation,491.04,2,1000,6.1,Medium,1309.99
Goa,Tropical Wet,Afforestation,403.87,4,2900,60.0,High,4187.98
Bihar,Humid Subtropical,Reforestation,158.43,7,1100,7.7,Medium,808.19
Assam,Tropical Wet,Regenerative Agriculture,114.0,10,2700,34.2,Medium,591.06
Andhra Pradesh,Tropical Dry,Reforestation,269.75,1,900,23.0,Low,495.32
Karnataka,Tropical Dry,Regenerative Agriculture,242.33,8,1300,20.1,Medium,379.56
Maharashtra,Tropical Dry,Afforestation,296.02,5,1100,16.5,Medium,913.98
Uttarakhand,Subtropical,Afforestation,181.6,10,1800,45.4,High,1840.57
West Bengal,Humid Subtropical,Regenerative Agriculture,200.43,6,1750,18.9,Medium,399.22
Chhattisgarh,Humid Subtropical,Afforestation,136.53,3,1400,41.1,Medium,509.3
Tamil Nadu,Tropical Dry,Afforestation,275.41,10,1000,17.4,Medium,1089.8
Telangana,Tropical Dry,Reforestation,174.76,6,950,24.0,Low,586.21
Jharkhand,Humid Subtropical,Afforestation,115.31,10,1300,29.6,Medium,624.72
Telangana,Tropical Dry,Regenerative Agriculture,60.44,1,950,24.0,Low,30.45
Manipur,Subtropical,Reforestation,188.55,1,1500,74.3,Medium,908.09
Nagaland,Tropical Wet,Afforestation,139.39,6,2000,73.9,High,1331.18
Rajasthan,Arid,Afforestation,350.37,4,500,4.8,Very Low,295.18
Tripura,Tropical Wet,Reforestation,39.31,5,2200,73.7,Medium,497.54
Punjab,Humid Subtropical,Regenerative Agriculture,60.38,4,700,3.6,Medium,48.5
Chhattisgarh,Humid Subtropical,Afforestation,376.44,1,1400,41.1,Medium,1051.96
Bihar,Humid Subtropical,Reforestation,174.87,3,1100,7.7,Medium,643.01
Himachal Pradesh,Subtropical,Afforestation,318.72,2,1600,27.1,Medium,1259.26
Gujarat,Arid,Regenerative Agriculture,156.69,7,800,7.6,Low,63.77
Maharashtra,Tropical Dry,Afforestation,414.45,2,1100,16.5,Medium,969.43
Nagaland,Tropical Wet,Regenerative Agriculture,299.67,10,2000,73.9,High,1374.84
Meghalaya,Tropical Wet,Afforestation,238.25,1,2800,76.3,High,1818.8
Haryana,Humid Subtropical,Afforestation,123.69,6,600,3.6,Low,334.12
Gujarat,Arid,Reforestation,286.87,4,800,7.6,Low,338.26
Uttarakhand,Subtropical,Afforestation,433.57,10,1800,45.4,High,4569.04
Manipur,Subtropical,Afforestation,43.97,3,1500,74.3,Medium,193.37
Andhra Pradesh,Tropical Dry,Afforestation,122.15,3,900,23.0,Low,213.59
Punjab,Humid Subtropical,Regenerative Agriculture,279.1,7,700,3.6,Medium,294.79
Mizoram,Tropical Wet,Regenerative Agriculture,135.7,2,2500,84.5,High,413.75
Assam,Tropical Wet,Reforestation,324.7,4,2700,34.2,Medium,4369.18
Andhra Pradesh,Tropical Dry,Afforestation,340.65,7,900,23.0,Low,873.09
Bihar,Humid Subtropical,Reforestation,57.37,5,1100,7.7,Medium,251.15
West Bengal,Humid Subtropical,Regenerative Agriculture,292.4,6,1750,18.9,Medium,601.66
Tamil Nadu,Tropical Dry,Reforestation,75.14,7,1000,17.4,Medium,311.77
Telangana,Tropical Dry,Reforestation,190.24,1,950,24.0,Low,375.15
Gujarat,Arid,Reforestation,38.33,2,800,7.6,Low,36.14
Andhra Pradesh,Tropical Dry,Regenerative Agriculture,252.26,6,900,23.0,Low,213.52
Uttar Pradesh,Humid Subtropical,Reforestation,365.43,8,1000,6.1,Medium,1923.1
Goa,Tropical Wet,Reforestation,239.53,8,2900,60.0,High,5141.37
Telangana,Tropical Dry,Regenerative Agriculture,20.34,8,950,24.0,Low,20.36
Punjab,Humid Subtropical,Reforestation,268.73,7,700,3.6,Medium,1040.62
Uttarakhand,Subtropical,Afforestation,488.33,8,1800,45.4,High,4350.45
Odisha,Humid Subtropical,Regenerative Agriculture,41.94,3,1500,33.2,Medium,54.84
Uttar Pradesh,Humid Subtropical,Afforestation,449.71,7,1000,6.1,Medium,1898.52
Madhya Pradesh,Humid Subtropical,Reforestation,64.26,7,1200,25.1,Medium,366.86
Madhya Pradesh,Humid Subtropical,Regenerative Agriculture,121.81,1,1200,25.1,Medium,102.91
Arunachal Pradesh,Subtropical,Regenerative Agriculture,67.18,2,2800,79.3,High,171.56
West Bengal,Humid Subtropical,Reforestation,118.4,10,1750,18.9,Medium,1192.54
Uttar Pradesh,Humid Subtropical,Regenerative Agriculture,295.66,9,1000,6.1,Medium,418.1
Maharashtra,Tropical Dry,Regenerative Agriculture,240.5,8,1100,16.5,Medium,321.53
Assam,Tropical Wet,Afforestation,158.21,4,2700,34.2,Medium,1522.54
Mizoram,Tropical Wet,Reforestation,326.47,2,2500,84.5,High,4050.43
Odisha,Humid Subtropical,Regenerative Agriculture,34.08,7,1500,33.2,Medium,63.82
Andhra Pradesh,Tropical Dry,Reforestation,324.46,5,900,23.0,Low,953.57
Gujarat,Arid,Regenerative Agriculture,5.93,7,800,7.6,Low,2.31
Sikkim,Subtropical,Afforestation,235.2,10,2700,47.3,High,3255.45
Rajasthan,Arid,Afforestation,291.4,3,500,4.8,Very Low,202.52
Telangana,Tropical Dry,Afforestation,432.48,7,950,24.0,Low,1135.88
West Bengal,Humid Subtropical,Afforestation,249.8,9,1750,18.9,Medium,1853.91
Telangana,Tropical Dry,Reforestation,337.72,7,950,24.0,Low,1181.24
Uttarakhand,Subtropical,Regenerative Agriculture,211.07,9,1800,45.4,High,684.54
Maharashtra,Tropical Dry,Afforestation,446.04,1,1100,16.5,Medium,909.89
Jharkhand,Humid Subtropical,Reforestation,349.8,6,1300,29.6,Medium,1920.69
Assam,Tropical Wet,Regenerative Agriculture,280.04,6,2700,34.2,Medium,1092.13
Meghalaya,Tropical Wet,Afforestation,209.21,6,2800,76.3,High,2644.77
Nagaland,Tropical Wet,Regenerative Agriculture,173.52,9,2000,73.9,High,720.02
Tamil Nadu,Tropical Dry,Regenerative Agriculture,268.73,1,1000,17.4,Medium,177.22
West Bengal,Humid Subtropical,Regenerative Agriculture,174.1,5,1750,18.9,Medium,333.56
Karnataka,Tropical Dry,Regenerative Agriculture,69.37,10,1300,20.1,Medium,122.55
Uttar Pradesh,Humid Subtropical,Regenerative Agriculture,178.74,4,1000,6.1,Medium,178.99
Rajasthan,Arid,Afforestation,84.5,1,500,4.8,Very Low,51.91
Kerala,Tropical Wet,Regenerative Agriculture,63.85,8,3000,52.3,High,337.5
Rajasthan,Arid,Regenerative Agriculture,90.98,8,500,4.8,Very Low,31.36
West Bengal,Humid Subtropical,Reforestation,317.54,7,1750,18.9,Medium,2699.73
Bihar,Humid Subtropical,Reforestation,212.48,7,1100,7.7,Medium,1157.23
Rajasthan,Arid,Reforestation,168.18,2,500,4.8,Very Low,126.24
Maharashtra,Tropical Dry,Regenerative Agriculture,186.46,9,1100,16.5,Medium,260.94
Uttar Pradesh,Humid Subtropical,Reforestation,312.82,5,1000,6.1,Medium,1185.5
Bihar,Humid Subtropical,Regenerative Agriculture,52.4,3,1100,7.7,Medium,54.15
Andhra Pradesh,Tropical Dry,Reforestation,97.97,1,900,23.0,Low,181.71
Maharashtra,Tropical Dry,Regenerative Agriculture,56.18,1,1100,16.5,Medium,39.9
Andhra Pradesh,Tropical Dry,Reforestation,165.96,7,900,23.0,Low,551.88
Chhattisgarh,Humid Subtropical,Afforestation,429.68,8,1400,41.1,Medium,2298.04
Punjab,Humid Subtropical,Reforestation,155.87,6,700,3.6,Medium,572.46
Meghalaya,Tropical Wet,Regenerative Agriculture,106.8,1,2800,76.3,High,289.1
Madhya Pradesh,Humid Subtropical,Regenerative Agriculture,91.66,8,1200,25.1,Medium,148.55
Sikkim,Subtropical,Reforestation,276.22,6,2700,47.3,High,4377.9
Haryana,Humid Subtropical,Reforestation,253.55,5,600,3.6,Low,703.92
Chhattisgarh,Humid Subtropical,Afforestation,147.99,10,1400,41.1,Medium,926.22
Rajasthan,Arid,Reforestation,290.68,9,500,4.8,Very Low,391.86
Manipur,Subtropical,Reforestation,122.08,8,1500,74.3,Medium,1051.89
Odisha,Humid Subtropical,Regenerative Agriculture,255.61,10,1500,33.2,Medium,608.12
Telangana,Tropical Dry,Reforestation,372.52,9,950,24.0,Low,1463.73
Himachal Pradesh,Subtropical,Regenerative Agriculture,49.39,9,1600,27.1,Medium,125.78
Maharashtra,Tropical Dry,Reforestation,83.22,8,1100,16.5,Medium,432.12
Mizoram,Tropical Wet,Regenerative Agriculture,228.33,1,2500,84.5,High,575.0
Goa,Tropical Wet,Regenerative Agriculture,265.95,4,2900,60.0,High,1049.79
Telangana,Tropical Dry,Regenerative Agriculture,92.05,7,950,24.0,Low,84.96
Goa,Tropical Wet,Reforestation,376.99,5,2900,60.0,High,6198.06
Jharkhand,Humid Subtropical,Afforestation,413.02,5,1300,29.6,Medium,1665.12
Nagaland,Tropical Wet,Afforestation,251.48,10,2000,73.9,High,3405.51
Gujarat,Arid,Regenerative Agriculture,132.98,5,800,7.6,Low,41.91
Nagaland,Tropical Wet,Afforestation,32.17,7,2000,73.9,High,353.79
Assam,Tropical Wet,Regenerative Agriculture,279.81,3,2700,34.2,Medium,874.4
Meghalaya,Tropical Wet,Reforestation,230.82,4,2800,76.3,High,3657.94
Sikkim,Subtropical,Regenerative Agriculture,79.91,5,2700,47.3,High,274.82
Nagaland,Tropical Wet,Afforestation,120.87,2,2000,73.9,High,803.54
Kerala,Tropical Wet,Regenerative Agriculture,199.32,7,3000,52.3,High,965.25
Bihar,Humid Subtropical,Reforestation,320.52,7,1100,7.7,Medium,1607.43
Chhattisgarh,Humid Subtropical,Afforestation,127.63,2,1400,41.1,Medium,403.77
Maharashtra,Tropical Dry,Afforestation,310.85,1,1100,16.5,Medium,664.78
Jharkhand,Humid Subtropical,Regenerative Agriculture,208.18,10,1300,29.6,Medium,422.16
Nagaland,Tropical Wet,Regenerative Agriculture,108.49,8,2000,73.9,High,435.99
Himachal Pradesh,Subtropical,Afforestation,170.81,10,1600,27.1,Medium,1322.93
Uttarakhand,Subtropical,Reforestation,366.46,3,1800,45.4,High,3022.44
Gujarat,Arid,Reforestation,161.68,6,800,7.6,Low,224.28
Madhya Pradesh,Humid Subtropical,Regenerative Agriculture,9.94,5,1200,25.1,Medium,13.13
Bihar,Humid Subtropical,Reforestation,278.29,9,1100,7.7,Medium,1693.68
Chhattisgarh,Humid Subtropical,Reforestation,77.07,2,1400,41.1,Medium,358.01
Arunachal Pradesh,Subtropical,Afforestation,464.77,7,2800,79.3,High,5311.73
Manipur,Subtropical,Regenerative Agriculture,281.85,3,1500,74.3,Medium,409.4
Sikkim,Subtropical,Regenerative Agriculture,109.63,4,2700,47.3,High,356.76
Telangana,Tropical Dry,Afforestation,224.71,7,950,24.0,Low,598.17
Andhra Pradesh,Tropical Dry,Reforestation,55.76,4,900,23.0,Low,150.79
Gujarat,Arid,Afforestation,44.35,4,800,7.6,Low,43.25
Maharashtra,Tropical Dry,Regenerative Agriculture,13.6,4,1100,16.5,Medium,12.92
Rajasthan,Arid,Reforestation,229.46,6,500,4.8,Very Low,254.11
Maharashtra,Tropical Dry,Regenerative Agriculture,220.79,9,1100,16.5,Medium,328.19
Tripura,Tropical Wet,Regenerative Agriculture,116.99,9,2200,73.7,Medium,467.11
Uttarakhand,Subtropical,Regenerative Agriculture,31.96,6,1800,45.4,High,89.5
Tripura,Tropical Wet,Reforestation,332.42,7,2200,73.7,Medium,4899.53
Mizoram,Tropical Wet,Reforestation,223.01,10,2500,84.5,High,5122.13
Punjab,Humid Subtropical,Reforestation,111.7,2,700,3.6,Medium,266.21
Himachal Pradesh,Subtropical,Reforestation,212.93,5,1600,27.1,Medium,1495.92
Odisha,Humid Subtropical,Regenerative Agriculture,170.02,10,1500,33.2,Medium,395.15
Andhra Pradesh,Tropical Dry,Regenerative Agriculture,293.61,4,900,23.0,Low,194.5
Manipur,Subtropical,Afforestation,430.02,8,1500,74.3,Medium,2664.23
Nagaland,Tropical Wet,Regenerative Agriculture,284.29,4,2000,73.9,High,856.84
Rajasthan,Arid,Regenerative Agriculture,235.16,9,500,4.8,Very Low,82.83
Haryana,Humid Subtropical,Regenerative Agriculture,140.6,2,600,3.6,Low,77.58
Himachal Pradesh,Subtropical,Afforestation,160.54,7,1600,27.1,Medium,976.06
Jharkhand,Humid Subtropical,Reforestation,80.81,9,1300,29.6,Medium,581.47
Gujarat,Arid,Reforestation,146.11,9,800,7.6,Low,251.53
Jharkhand,Humid Subtropical,Reforestation,76.46,2,1300,29.6,Medium,298.12
Madhya Pradesh,Humid Subtropical,Afforestation,474.64,7,1200,25.1,Medium,2051.16
Punjab,Humid Subtropical,Afforestation,123.42,2,700,3.6,Medium,258.71
Bihar,Humid Subtropical,Regenerative Agriculture,16.62,1,1100,7.7,Medium,13.24
Manipur,Subtropical,Reforestation,345.31,10,1500,74.3,Medium,3471.17
Tamil Nadu,Tropical Dry,Afforestation,287.45,6,1000,17.4,Medium,852.55
Goa,Tropical Wet,Reforestation,120.97,8,2900,60.0,High,2554.7
Gujarat,Arid,Regenerative Agriculture,19.92,1,800,7.6,Low,4.46
Sikkim,Subtropical,Afforestation,52.92,10,2700,47.3,High,756.98
Himachal Pradesh,Subtropical,Afforestation,50.93,10,1600,27.1,Medium,380.6
Tripura,Tropical Wet,Afforestation,436.61,5,2200,73.7,Medium,3751.63
Himachal Pradesh,Subtropical,Reforestation,227.81,10,1600,27.1,Medium,2418.15
Madhya Pradesh,Humid Subtropical,Afforestation,382.48,4,1200,25.1,Medium,1357.83
Assam,Tropical Wet,Reforestation,172.26,2,2700,34.2,Medium,1902.21
Mizoram,Tropical Wet,Reforestation,28.35,3,2500,84.5,High,371.35
Bihar,Humid Subtropical,Afforestation,178.96,4,1100,7.7,Medium,649.13
Uttar Pradesh,Humid Subtropical,Regenerative Agriculture,92.7,7,1000,6.1,Medium,118.13
Uttar Pradesh,Humid Subtropical,Regenerative Agriculture,238.2,4,1000,6.1,Medium,229.13
Karnataka,Tropical Dry,Reforestation,167.84,4,1300,20.1,Medium,743.42
Bihar,Humid Subtropical,Reforestation,28.45,2,1100,7.7,Medium,99.85
Rajasthan,Arid,Reforestation,186.14,7,500,4.8,Very Low,232.73
Madhya Pradesh,Humid Subtropical,Afforestation,322.57,5,1200,25.1,Medium,1167.09
Goa,Tropical Wet,Regenerative Agriculture,126.3,2,2900,60.0,High,402.67
Uttarakhand,Subtropical,Reforestation,24.06,8,1800,45.4,High,313.8
Kerala,Tropical Wet,Regenerative Agriculture,169.08,4,3000,52.3,High,644.72
Telangana,Tropical Dry,Regenerative Agriculture,143.93,1,950,24.0,Low,80.3
Himachal Pradesh,Subtropical,Afforestation,385.03,2,1600,27.1,Medium,1550.73
Manipur,Subtropical,Reforestation,125.82,2,1500,74.3,Medium,731.02
Andhra Pradesh,Tropical Dry,Regenerative Agriculture,254.83,3,900,23.0,Low,162.58
Goa,Tropical Wet,Afforestation,344.44,6,2900,60.0,High,4605.18
Uttar Pradesh,Humid Subtropical,Reforestation,70.21,10,1000,6.1,Medium,392.67
Rajasthan,Arid,Afforestation,329.6,5,500,4.8,Very Low,303.92
Bihar,Humid Subtropical,Afforestation,306.94,4,1100,7.7,Medium,1071.83
Uttarakhand,Subtropical,Reforestation,85.63,9,1800,45.4,High,1166.52
Goa,Tropical Wet,Afforestation,238.02,9,2900,60.0,High,3880.53
Uttarakhand,Subtropical,Regenerative Agriculture,191.26,1,1800,45.4,High,310.34
Manipur,Subtropical,Reforestation,128.93,9,1500,74.3,Medium,1266.83
Tripura,Tropical Wet,Afforestation,44.0,5,2200,73.7,Medium,390.16
Arunachal Pradesh,Subtropical,Reforestation,323.08,10,2800,79.3,High,6480.02
Assam,Tropical Wet,Afforestation,153.74,4,2700,34.2,Medium,1420.62
Odisha,Humid Subtropical,Afforestation,160.86,4,1500,33.2,Medium,706.07
Punjab,Humid Subtropical,Afforestation,143.26,5,700,3.6,Medium,428.33
Assam,Tropical Wet,Afforestation,320.52,7,2700,34.2,Medium,3960.48
Gujarat,Arid,Afforestation,177.94,1,800,7.6,Low,123.23
Karnataka,Tropical Dry,Reforestation,368.58,2,1300,20.1,Medium,1334.89
Punjab,Humid Subtropical,Regenerative Agriculture,93.14,1,700,3.6,Medium,52.29
Madhya Pradesh,Humid Subtropical,Regenerative Agriculture,100.2,3,1200,25.1,Medium,111.7
Bihar,Humid Subtropical,Reforestation,248.75,9,1100,7.7,Medium,1495.45
Maharashtra,Tropical Dry,Regenerative Agriculture,146.61,7,1100,16.5,Medium,184.78
Bihar,Humid Subtropical,Reforestation,40.34,4,1100,7.7,Medium,165.61
Gujarat,Arid,Regenerative Agriculture,244.68,10,800,7.6,Low,109.52
Goa,Tropical Wet,Afforestation,431.18,8,2900,60.0,High,6304.28
Uttarakhand,Subtropical,Regenerative Agriculture,112.58,3,1800,45.4,High,221.69
Uttar Pradesh,Humid Subtropical,Afforestation,135.8,7,1000,6.1,Medium,569.32
Assam,Tropical Wet,Regenerative Agriculture,152.49,6,2700,34.2,Medium,592.67
Rajasthan,Arid,Afforestation,149.43,4,500,4.8,Very Low,122.54
Himachal Pradesh,Subtropical,Afforestation,400.29,3,1600,27.1,Medium,1798.03
Chhattisgarh,Humid Subtropical,Regenerative Agriculture,146.15,9,1400,41.1,Medium,282.85
Uttar Pradesh,Humid Subtropical,Regenerative Agriculture,250.56,3,1000,6.1,Medium,231.73
Gujarat,Arid,Regenerative Agriculture,193.14,6,800,7.6,Low,74.65
Goa,Tropical Wet,Regenerative Agriculture,85.18,6,2900,60.0,High,369.84
Tamil Nadu,Tropical Dry,Afforestation,488.75,8,1000,17.4,Medium,1664.68
West Bengal,Humid Subtropical,Reforestation,359.05,7,1750,18.9,Medium,2929.15
Jharkhand,Humid Subtropical,Reforestation,311.62,3,1300,29.6,Medium,1445.0
Madhya Pradesh,Humid Subtropical,Afforestation,20.26,8,1200,25.1,Medium,92.67
Uttar Pradesh,Humid Subtropical,Reforestation,256.83,1,1000,6.1,Medium,700.09
Tripura,Tropical Wet,Reforestation,133.29,6,2200,73.7,Medium,1879.31
Arunachal Pradesh,Subtropical,Regenerative Agriculture,290.95,10,2800,79.3,High,1472.44
Jharkhand,Humid Subtropical,Reforestation,194.69,1,1300,29.6,Medium,647.13
Haryana,Humid Subtropical,Afforestation,62.11,4,600,3.6,Low,136.85
Rajasthan,Arid,Regenerative Agriculture,138.37,9,500,4.8,Very Low,48.24
Himachal Pradesh,Subtropical,Afforestation,226.6,4,1600,27.1,Medium,1068.48
Chhattisgarh,Humid Subtropical,Reforestation,190.32,9,1400,41.1,Medium,1599.31
Arunachal Pradesh,Subtropical,Afforestation,84.2,10,2800,79.3,High,1226.99
Jharkhand,Humid Subtropical,Regenerative Agriculture,159.95,2,1300,29.6,Medium,158.11
Kerala,Tropical Wet,Afforestation,341.05,4,3000,52.3,High,3542.52
Sikkim,Subtropical,Regenerative Agriculture,210.97,4,2700,47.3,High,722.28
Karnataka,Tropical Dry,Afforestation,292.72,8,1300,20.1,Medium,1387.33
Manipur,Subtropical,Reforestation,219.04,9,1500,74.3,Medium,2039.03
Uttarakhand,Subtropical,Regenerative Agriculture,49.68,4,1800,45.4,High,107.9
Mizoram,Tropical Wet,Afforestation,266.6,10,2500,84.5,High,4327.78
Bihar,Humid Subtropical,Regenerative Agriculture,238.47,4,1100,7.7,Medium,232.63
Arunachal Pradesh,Subtropical,Reforestation,121.67,7,2800,79.3,High,1994.9
Chhattisgarh,Humid Subtropical,Regenerative Agriculture,101.08,6,1400,41.1,Medium,171.47
Nagaland,Tropical Wet,Reforestation,195.76,2,2000,73.9,High,1931.71
Jharkhand,Humid Subtropical,Reforestation,200.29,5,1300,29.6,Medium,1056.57
Telangana,Tropical Dry,Reforestation,252.9,7,950,24.0,Low,863.61
Madhya Pradesh,Humid Subtropical,Regenerative Agriculture,185.06,7,1200,25.1,Medium,287.54
Madhya Pradesh,Humid Subtropical,Reforestation,63.93,7,1200,25.1,Medium,360.75
Mizoram,Tropical Wet,Reforestation,185.39,10,2500,84.5,High,4413.71
Andhra Pradesh,Tropical Dry,Regenerative Agriculture,178.46,1,900,23.0,Low,85.9
Goa,Tropical Wet,Regenerative Agriculture,191.28,9,2900,60.0,High,1053.92
Punjab,Humid Subtropical,Afforestation,17.14,7,700,3.6,Medium,54.59
Punjab,Humid Subtropical,Afforestation,290.09,6,700,3.6,Medium,905.98
Mizoram,Tropical Wet,Regenerative Agriculture,237.38,5,2500,84.5,High,892.98
Tripura,Tropical Wet,Reforestation,45.84,3,2200,73.7,Medium,474.79
Manipur,Subtropical,Reforestation,92.88,3,1500,74.3,Medium,557.86
Rajasthan,Arid,Afforestation,246.81,8,500,4.8,Very Low,275.04
Maharashtra,Tropical Dry,Regenerative Agriculture,62.28,4,1100,16.5,Medium,63.32
Meghalaya,Tropical Wet,Afforestation,283.36,5,2800,76.3,High,3595.25
Jharkhand,Humid Subtropical,Regenerative Agriculture,33.91,6,1300,29.6,Medium,47.5
Tamil Nadu,Tropical Dry,Regenerative Agriculture,178.82,8,1000,17.4,Medium,229.24
Odisha,Humid Subtropical,Afforestation,47.82,9,1500,33.2,Medium,282.11
Jharkhand,Humid Subtropical,Regenerative Agriculture,296.9,5,1300,29.6,Medium,417.57
Andhra Pradesh,Tropical Dry,Afforestation,79.85,2,900,23.0,Low,123.39
Haryana,Humid Subtropical,Regenerative Agriculture,102.69,9,600,3.6,Low,102.61
Maharashtra,Tropical Dry,Afforestation,20.89,9,1100,16.5,Medium,90.35
Uttarakhand,Subtropical,Regenerative Agriculture,120.98,5,1800,45.4,High,300.37
Jharkhand,Humid Subtropical,Reforestation,252.75,2,1300,29.6,Medium,1001.85
Arunachal Pradesh,Subtropical,Regenerative Agriculture,277.12,2,2800,79.3,High,765.87
Himachal Pradesh,Subtropical,Afforestation,327.25,3,1600,27.1,Medium,1459.7
Telangana,Tropical Dry,Afforestation,319.05,7,950,24.0,Low,846.34
Bihar,Humid Subtropical,Regenerative Agriculture,9.92,3,1100,7.7,Medium,10.1
Haryana,Humid Subtropical,Regenerative Agriculture,114.78,4,600,3.6,Low,74.9
Sikkim,Subtropical,Afforestation,349.1,2,2700,47.3,High,2562.35
Nagaland,Tropical Wet,Afforestation,313.12,6,2000,73.9,High,3256.11
Bihar,Humid Subtropical,Regenerative Agriculture,121.82,8,1100,7.7,Medium,189.05
Andhra Pradesh,Tropical Dry,Regenerative Agriculture,128.42,2,900,23.0,Low,69.01
Punjab,Humid Subtropical,Regenerative Agriculture,52.63,9,700,3.6,Medium,59.82
Telangana,Tropical Dry,Reforestation,41.62,8,950,24.0,Low,150.61
Manipur,Subtropical,Reforestation,197.12,4,1500,74.3,Medium,1270.36
Madhya Pradesh,Humid Subtropical,Afforestation,212.08,5,1200,25.1,Medium,812.68
Chhattisgarh,Humid Subtropical,Afforestation,249.21,7,1400,41.1,Medium,1281.05
Haryana,Humid Subtropical,Afforestation,350.07,2,600,3.6,Low,621.44
Jharkhand,Humid Subtropical,Reforestation,17.49,6,1300,29.6,Medium,99.18
Nagaland,Tropical Wet,Afforestation,166.16,2,2000,73.9,High,1123.54
Maharashtra,Tropical Dry,Regenerative Agriculture,56.45,3,1100,16.5,Medium,49.08
Odisha,Humid Subtropical,Afforestation,134.27,1,1500,33.2,Medium,424.5
Assam,Tropical Wet,Afforestation,21.06,2,2700,34.2,Medium,160.5
Manipur,Subtropical,Regenerative Agriculture,131.75,6,1500,74.3,Medium,259.18
Manipur,Subtropical,Afforestation,290.34,3,1500,74.3,Medium,1198.51
Maharashtra,Tropical Dry,Regenerative Agriculture,118.5,9,1100,16.5,Medium,169.46
Rajasthan,Arid,Reforestation,242.02,6,500,4.8,Very Low,264.5
Tripura,Tropical Wet,Regenerative Agriculture,55.69,9,2200,73.7,Medium,227.08
Uttar Pradesh,Humid Subtropical,Reforestation,124.06,4,1000,6.1,Medium,475.49
Assam,Tropical Wet,Regenerative Agriculture,259.73,9,2700,34.2,Medium,1182.92
Chhattisgarh,Humid Subtropical,Afforestation,19.87,3,1400,41.1,Medium,74.75
Mizoram,Tropical Wet,Regenerative Agriculture,200.59,2,2500,84.5,High,596.44
Rajasthan,Arid,Reforestation,298.33,9,500,4.8,Very Low,416.39
Madhya Pradesh,Humid Subtropical,Regenerative Agriculture,70.09,10,1200,25.1,Medium,128.65
Rajasthan,Arid,Afforestation,340.7,10,500,4.8,Very Low,465.31
Haryana,Humid Subtropical,Regenerative Agriculture,188.01,7,600,3.6,Low,162.1
Madhya Pradesh,Humid Subtropical,Regenerative Agriculture,118.85,10,1200,25.1,Medium,224.2
Jharkhand,Humid Subtropical,Regenerative Agriculture,289.86,7,1300,29.6,Medium,486.34
Sikkim,Subtropical,Afforestation,339.14,10,2700,47.3,High,4666.84
Nagaland,Tropical Wet,Regenerative Agriculture,97.1,2,2000,73.9,High,230.01
Andhra Pradesh,Tropical Dry,Reforestation,135.61,5,900,23.0,Low,375.51
Manipur,Subtropical,Reforestation,91.47,8,1500,74.3,Medium,801.16
Karnataka,Tropical Dry,Regenerative Agriculture,226.63,7,1300,20.1,Medium,332.64
Manipur,Subtropical,Reforestation,262.0,3,1500,74.3,Medium,1599.02
Sikkim,Subtropical,Afforestation,452.59,6,2700,47.3,High,4893.41
Haryana,Humid Subtropical,Regenerative Agriculture,263.27,7,600,3.6,Low,222.99
West Bengal,Humid Subtropical,Reforestation,309.39,9,1750,18.9,Medium,2901.3
Punjab,Humid Subtropical,Afforestation,337.98,10,700,3.6,Medium,1404.41
Manipur,Subtropical,Reforestation,135.14,3,1500,74.3,Medium,794.47
Bihar,Humid Subtropical,Regenerative Agriculture,226.79,8,1100,7.7,Medium,336.97
Manipur,Subtropical,Reforestation,345.52,9,1500,74.3,Medium,3379.67
Maharashtra,Tropical Dry,Reforestation,112.14,3,1100,16.5,Medium,377.52
Bihar,Humid Subtropical,Afforestation,36.28,1,1100,7.7,Medium,96.21
Telangana,Tropical Dry,Regenerative Agriculture,54.64,10,950,24.0,Low,61.62
Madhya Pradesh,Humid Subtropical,Afforestation,102.71,4,1200,25.1,Medium,328.95
Sikkim,Subtropical,Regenerative Agriculture,238.95,3,2700,47.3,High,710.9
Uttar Pradesh,Humid Subtropical,Regenerative Agriculture,36.09,4,1000,6.1,Medium,37.55
Sikkim,Subtropical,Regenerative Agriculture,185.54,6,2700,47.3,High,702.36
Gujarat,Arid,Reforestation,33.17,6,800,7.6,Low,46.23
Punjab,Humid Subtropical,Regenerative Agriculture,78.39,9,700,3.6,Medium,89.76
Goa,Tropical Wet,Afforestation,78.23,4,2900,60.0,High,849.04
Himachal Pradesh,Subtropical,Reforestation,147.48,2,1600,27.1,Medium,773.92
Arunachal Pradesh,Subtropical,Reforestation,193.1,7,2800,79.3,High,3600.14
Nagaland,Tropical Wet,Reforestation,393.35,6,2000,73.9,High,5944.02
Goa,Tropical Wet,Afforestation,231.12,9,2900,60.0,High,3468.16
Madhya Pradesh,Humid Subtropical,Afforestation,394.68,3,1200,25.1,Medium,1271.98
Mizoram,Tropical Wet,Reforestation,264.77,1,2500,84.5,High,2795.32
Punjab,Humid Subtropical,Reforestation,373.37,7,700,3.6,Medium,1385.49
Goa,Tropical Wet,Reforestation,244.48,7,2900,60.0,High,4777.43
Uttarakhand,Subtropical,Regenerative Agriculture,21.15,8,1800,45.4,High,66.03
Karnataka,Tropical Dry,Afforestation,432.42,2,1300,20.1,Medium,1186.05
Punjab,Humid Subtropical,Afforestation,68.98,1,700,3.6,Medium,131.06
Arunachal Pradesh,Subtropical,Regenerative Agriculture,279.0,1,2800,79.3,High,624.64
Arunachal Pradesh,Subtropical,Regenerative Agriculture,115.57,1,2800,79.3,High,275.92
Haryana,Humid Subtropical,Reforestation,57.58,4,600,3.6,Low,148.03
Odisha,Humid Subtropical,Afforestation,201.99,2,1500,33.2,Medium,676.28
Bihar,Humid Subtropical,Afforestation,372.15,7,1100,7.7,Medium,1708.7
Arunachal Pradesh,Subtropical,Regenerative Agriculture,203.12,10,2800,79.3,High,1025.39
Goa,Tropical Wet,Reforestation,29.51,7,2900,60.0,High,590.7
Maharashtra,Tropical Dry,Reforestation,110.71,1,1100,16.5,Medium,294.01
Assam,Tropical Wet,Reforestation,168.48,2,2700,34.2,Medium,1857.55
Gujarat,Arid,Afforestation,13.42,10,800,7.6,Low,20.64
Manipur,Subtropical,Regenerative Agriculture,10.39,4,1500,74.3,Medium,16.22
Odisha,Humid Subtropical,Regenerative Agriculture,59.55,6,1500,33.2,Medium,102.07
Jharkhand,Humid Subtropical,Regenerative Agriculture,71.06,6,1300,29.6,Medium,108.97
Kerala,Tropical Wet,Regenerative Agriculture,105.1,2,3000,52.3,High,336.54
Punjab,Humid Subtropical,Reforestation,129.76,7,700,3.6,Medium,498.41
Bihar,Humid Subtropical,Regenerative Agriculture,192.3,3,1100,7.7,Medium,185.82
Jharkhand,Humid Subtropical,Reforestation,365.13,1,1300,29.6,Medium,1267.81
Mizoram,Tropical Wet,Afforestation,478.17,5,2500,84.5,High,5599.67
Madhya Pradesh,Humid Subtropical,Regenerative Agriculture,256.91,8,1200,25.1,Medium,413.77
Assam,Tropical Wet,Reforestation,208.45,1,2700,34.2,Medium,2001.06
Jharkhand,Humid Subtropical,Regenerative Agriculture,267.02,5,1300,29.6,Medium,363.05
Gujarat,Arid,Afforestation,202.73,7,800,7.6,Low,252.07
Manipur,Subtropical,Reforestation,79.51,1,1500,74.3,Medium,396.7
Karnataka,Tropical Dry,Afforestation,86.33,5,1300,20.1,Medium,314.39
Chhattisgarh,Humid Subtropical,Reforestation,320.35,6,1400,41.1,Medium,2132.59
Chhattisgarh,Humid Subtropical,Afforestation,478.27,10,1400,41.1,Medium,2937.77
Kerala,Tropical Wet,Regenerative Agriculture,211.38,7,3000,52.3,High,1032.78
Goa,Tropical Wet,Regenerative Agriculture,249.6,7,2900,60.0,High,1194.63
Nagaland,Tropical Wet,Regenerative Agriculture,145.93,10,2000,73.9,High,670.18
Goa,Tropical Wet,Afforestation,469.65,7,2900,60.0,High,6699.93
Tripura,Tropical Wet,Regenerative Agriculture,248.65,2,2200,73.7,Medium,589.15
Nagaland,Tropical Wet,Regenerative Agriculture,187.65,10,2000,73.9,High,863.26
Goa,Tropical Wet,Reforestation,328.54,1,2900,60.0,High,3703.84
Himachal Pradesh,Subtropical,Reforestation,232.29,8,1600,27.1,Medium,2056.02
Uttarakhand,Subtropical,Afforestation,267.78,1,1800,45.4,High,1219.15
Chhattisgarh,Humid Subtropical,Reforestation,160.62,2,1400,41.1,Medium,711.92
Tripura,Tropical Wet,Afforestation,178.04,7,2200,73.7,Medium,1759.66
Chhattisgarh,Humid Subtropical,Afforestation,428.29,9,1400,41.1,Medium,2468.98
Mizoram,Tropical Wet,Regenerative Agriculture,30.69,9,2500,84.5,High,159.93
Mizoram,Tropical Wet,Afforestation,12.96,9,2500,84.5,High,194.63
Haryana,Humid Subtropical,Reforestation,327.75,4,600,3.6,Low,831.61
Punjab,Humid Subtropical,Afforestation,281.46,1,700,3.6,Medium,550.09
Arunachal Pradesh,Subtropical,Reforestation,79.0,5,2800,79.3,High,1101.46
Gujarat,Arid,Afforestation,66.3,4,800,7.6,Low,67.22
Arunachal Pradesh,Subtropical,Regenerative Agriculture,222.69,8,2800,79.3,High,965.99
Rajasthan,Arid,Regenerative Agriculture,152.26,5,500,4.8,Very Low,41.92
Punjab,Humid Subtropical,Regenerative Agriculture,30.7,10,700,3.6,Medium,35.73
Haryana,Humid Subtropical,Afforestation,227.98,5,600,3.6,Low,534.43
Meghalaya,Tropical Wet,Reforestation,368.13,3,2800,76.3,High,5395.89
Sikkim,Subtropical,Regenerative Agriculture,218.91,1,2700,47.3,High,511.86
Punjab,Humid Subtropical,Reforestation,154.85,4,700,3.6,Medium,464.15
Gujarat,Arid,Reforestation,224.67,8,800,7.6,Low,366.81
Bihar,Humid Subtropical,Reforestation,186.69,9,1100,7.7,Medium,1170.63
Chhattisgarh,Humid Subtropical,Afforestation,237.46,6,1400,41.1,Medium,1080.26
Uttarakhand,Subtropical,Regenerative Agriculture,226.06,10,1800,45.4,High,770.73
Chhattisgarh,Humid Subtropical,Afforestation,246.47,3,1400,41.1,Medium,856.02
Uttar Pradesh,Humid Subtropical,Afforestation,203.93,2,1000,6.1,Medium,522.35
Telangana,Tropical Dry,Reforestation,217.14,8,950,24.0,Low,747.18
Goa,Tropical Wet,Reforestation,211.72,4,2900,60.0,High,3139.77
Sikkim,Subtropical,Reforestation,68.27,2,2700,47.3,High,709.55
Uttar Pradesh,Humid Subtropical,Regenerative Agriculture,281.92,7,1000,6.1,Medium,365.49
Assam,Tropical Wet,Reforestation,235.82,2,2700,34.2,Medium,2636.59
Telangana,Tropical Dry,Afforestation,262.68,4,950,24.0,Low,537.32
West Bengal,Humid Subtropical,Reforestation,244.97,3,1750,18.9,Medium,1402.61
Maharashtra,Tropical Dry,Regenerative Agriculture,168.87,3,1100,16.5,Medium,154.7
Andhra Pradesh,Tropical Dry,Afforestation,390.63,5,900,23.0,Low,827.46
Andhra Pradesh,Tropical Dry,Regenerative Agriculture,131.95,10,900,23.0,Low,144.81
Karnataka,Tropical Dry,Regenerative Agriculture,46.46,6,1300,20.1,Medium,65.58
Sikkim,Subtropical,Reforestation,30.98,5,2700,47.3,High,456.14
Tamil Nadu,Tropical Dry,Afforestation,223.34,7,1000,17.4,Medium,750.94
Gujarat,Arid,Reforestation,373.11,7,800,7.6,Low,536.16
Manipur,Subtropical,Afforestation,286.56,4,1500,74.3,Medium,1334.87
Tamil Nadu,Tropical Dry,Afforestation,356.64,5,1000,17.4,Medium,1009.0
Mizoram,Tropical Wet,Regenerative Agriculture,277.17,1,2500,84.5,High,720.32
Tamil Nadu,Tropical Dry,Reforestation,85.76,3,1000,17.4,Medium,257.61
Telangana,Tropical Dry,Afforestation,209.87,10,950,24.0,Low,677.62
Andhra Pradesh,Tropical Dry,Afforestation,366.73,5,900,23.0,Low,773.23
Tamil Nadu,Tropical Dry,Afforestation,332.57,6,1000,17.4,Medium,1026.39
Arunachal Pradesh,Subtropical,Afforestation,404.51,2,2800,79.3,High,2881.65
Chhattisgarh,Humid Subtropical,Reforestation,337.02,6,1400,41.1,Medium,2223.19
Telangana,Tropical Dry,Reforestation,369.41,10,950,24.0,Low,1572.55
Nagaland,Tropical Wet,Regenerative Agriculture,30.19,8,2000,73.9,High,117.97
Madhya Pradesh,Humid Subtropical,Reforestation,251.46,7,1200,25.1,Medium,1313.02
Odisha,Humid Subtropical,Afforestation,233.84,10,1500,33.2,Medium,1514.18
West Bengal,Humid Subtropical,Reforestation,209.39,4,1750,18.9,Medium,1361.03
Jharkhand,Humid Subtropical,Regenerative Agriculture,238.62,9,1300,29.6,Medium,448.49
Uttar Pradesh,Humid Subtropical,Reforestation,162.41,7,1000,6.1,Medium,796.26
Arunachal Pradesh,Subtropical,Regenerative Agriculture,129.41,2,2800,79.3,High,335.86
Uttar Pradesh,Humid Subtropical,Regenerative Agriculture,258.94,6,1000,6.1,Medium,291.39
Maharashtra,Tropical Dry,Afforestation,443.56,5,1100,16.5,Medium,1420.14
Tamil Nadu,Tropical Dry,Regenerative Agriculture,231.15,2,1000,17.4,Medium,176.34
Assam,Tropical Wet,Reforestation,257.85,5,2700,34.2,Medium,3885.44
Manipur,Subtropical,Reforestation,306.74,6,1500,74.3,Medium,2354.26
Arunachal Pradesh,Subtropical,Afforestation,278.19,10,2800,79.3,High,3968.77
Bihar,Humid Subtropical,Afforestation,165.52,3,1100,7.7,Medium,537.43
Chhattisgarh,Humid Subtropical,Regenerative Agriculture,34.38,2,1400,41.1,Medium,39.86
Rajasthan,Arid,Afforestation,305.57,2,500,4.8,Very Low,202.12
Punjab,Humid Subtropical,Reforestation,310.04,5,700,3.6,Medium,1031.08
Rajasthan,Arid,Afforestation,104.06,4,500,4.8,Very Low,83.33
Arunachal Pradesh,Subtropical,Regenerative Agriculture,64.53,7,2800,79.3,High,268.34
Maharashtra,Tropical Dry,Regenerative Agriculture,93.79,4,1100,16.5,Medium,91.98
Andhra Pradesh,Tropical Dry,Reforestation,378.52,7,900,23.0,Low,1307.17
Madhya Pradesh,Humid Subtropical,Afforestation,82.5,7,1200,25.1,Medium,353.03
Uttarakhand,Subtropical,Reforestation,311.09,4,1800,45.4,High,2829.88
Maharashtra,Tropical Dry,Regenerative Agriculture,11.2,9,1100,16.5,Medium,14.97
Uttar Pradesh,Humid Subtropical,Reforestation,254.16,3,1000,6.1,Medium,854.91
Mizoram,Tropical Wet,Reforestation,375.13,7,2500,84.5,High,7185.89
Gujarat,Arid,Regenerative Agriculture,281.76,4,800,7.6,Low,86.91
Madhya Pradesh,Humid Subtropical,Afforestation,115.43,9,1200,25.1,Medium,583.12
Nagaland,Tropical Wet,Regenerative Agriculture,23.82,3,2000,73.9,High,61.18
Bihar,Humid Subtropical,Regenerative Agriculture,65.03,6,1100,7.7,Medium,86.77
Meghalaya,Tropical Wet,Afforestation,436.07,2,2800,76.3,High,3740.65
Andhra Pradesh,Tropical Dry,Regenerative Agriculture,165.06,9,900,23.0,Low,171.88
Assam,Tropical Wet,Afforestation,308.02,2,2700,34.2,Medium,2277.72
Himachal Pradesh,Subtropical,Reforestation,370.86,4,1600,27.1,Medium,2375.07
Tripura,Tropical Wet,Reforestation,60.52,8,2200,73.7,Medium,893.61
Meghalaya,Tropical Wet,Reforestation,355.47,7,2800,76.3,High,7180.94
Punjab,Humid Subtropical,Reforestation,374.58,8,700,3.6,Medium,1448.72
Punjab,Humid Subtropical,Reforestation,29.78,8,700,3.6,Medium,121.64
Punjab,Humid Subtropical,Afforestation,361.46,9,700,3.6,Medium,1294.42
Himachal Pradesh,Subtropical,Afforestation,433.54,4,1600,27.1,Medium,2121.3
Assam,Tropical Wet,Regenerative Agriculture,210.66,6,2700,34.2,Medium,823.79
Arunachal Pradesh,Subtropical,Afforestation,498.44,1,2800,79.3,High,3352.35
Chhattisgarh,Humid Subtropical,Regenerative Agriculture,51.74,4,1400,41.1,Medium,72.21
Himachal Pradesh,Subtropical,Regenerative Agriculture,291.69,5,1600,27.1,Medium,550.03
Mizoram,Tropical Wet,Afforestation,328.91,2,2500,84.5,High,2543.02
Gujarat,Arid,Reforestation,212.58,4,800,7.6,Low,241.74
Tripura,Tropical Wet,Afforestation,91.43,4,2200,73.7,Medium,753.53
West Bengal,Humid Subtropical,Reforestation,330.91,7,1750,18.9,Medium,2741.53
Rajasthan,Arid,Regenerative Agriculture,267.89,10,500,4.8,Very Low,105.98
Tamil Nadu,Tropical Dry,Reforestation,150.48,3,1000,17.4,Medium,443.54
Sikkim,Subtropical,Regenerative Agriculture,192.59,5,2700,47.3,High,678.45
Sikkim,Subtropical,Afforestation,33.06,10,2700,47.3,High,473.06
Maharashtra,Tropical Dry,Reforestation,190.97,3,1100,16.5,Medium,618.39
Assam,Tropical Wet,Reforestation,19.05,8,2700,34.2,Medium,350.66
Sikkim,Subtropical,Reforestation,111.59,6,2700,47.3,High,1806.6
Jharkhand,Humid Subtropical,Afforestation,394.74,5,1300,29.6,Medium,1626.68
Mizoram,Tropical Wet,Afforestation,294.12,6,2500,84.5,High,3611.53
Jharkhand,Humid Subtropical,Afforestation,413.59,1,1300,29.6,Medium,1062.31
Meghalaya,Tropical Wet,Afforestation,225.39,6,2800,76.3,High,2880.99
Rajasthan,Arid,Regenerative Agriculture,26.93,2,500,4.8,Very Low,5.46
Rajasthan,Arid,Afforestation,455.7,1,500,4.8,Very Low,273.48
Goa,Tropical Wet,Regenerative Agriculture,284.77,7,2900,60.0,High,1448.7
West Bengal,Humid Subtropical,Afforestation,16.96,2,1750,18.9,Medium,70.43
Assam,Tropical Wet,Regenerative Agriculture,221.28,7,2700,34.2,Medium,937.09
Maharashtra,Tropical Dry,Afforestation,37.3,9,1100,16.5,Medium,152.83
Mizoram,Tropical Wet,Reforestation,206.86,8,2500,84.5,High,4221.6
Odisha,Humid Subtropical,Reforestation,128.74,10,1500,33.2,Medium,1221.28
Jharkhand,Humid Subtropical,Regenerative Agriculture,185.35,1,1300,29.6,Medium,172.28
Punjab,Humid Subtropical,Afforestation,448.91,9,700,3.6,Medium,1725.83
Himachal Pradesh,Subtropical,Afforestation,261.79,3,1600,27.1,Medium,1210.35
Madhya Pradesh,Humid Subtropical,Afforestation,377.79,10,1200,25.1,Medium,1935.12
Himachal Pradesh,Subtropical,Regenerative Agriculture,7.68,7,1600,27.1,Medium,15.45
Gujarat,Arid,Regenerative Agriculture,213.55,7,800,7.6,Low,84.83
Sikkim,Subtropical,Afforestation,129.63,8,2700,47.3,High,1717.36
Tripura,Tropical Wet,Reforestation,65.59,9,2200,73.7,Medium,1117.18
West Bengal,Humid Subtropical,Afforestation,129.56,3,1750,18.9,Medium,591.79
Uttar Pradesh,Humid Subtropical,Afforestation,445.62,2,1000,6.1,Medium,1162.24
Andhra Pradesh,Tropical Dry,Reforestation,279.79,7,900,23.0,Low,913.0
Punjab,Humid Subtropical,Regenerative Agriculture,118.95,1,700,3.6,Medium,66.54
Tripura,Tropical Wet,Afforestation,33.48,10,2200,73.7,Medium,399.99
Nagaland,Tropical Wet,Regenerative Agriculture,126.28,10,2000,73.9,High,559.25
Himachal Pradesh,Subtropical,Reforestation,261.79,1,1600,27.1,Medium,1242.26
Manipur,Subtropical,Regenerative Agriculture,31.13,7,1500,74.3,Medium,62.19
Goa,Tropical Wet,Reforestation,204.46,10,2900,60.0,High,4835.74
Himachal Pradesh,Subtropical,Reforestation,328.7,5,1600,27.1,Medium,2213.02
Arunachal Pradesh,Subtropical,Regenerative Agriculture,281.66,6,2800,79.3,High,1056.99
Tripura,Tropical Wet,Afforestation,276.95,4,2200,73.7,Medium,2110.33
Tamil Nadu,Tropical Dry,Regenerative Agriculture,216.03,4,1000,17.4,Medium,191.11
Tamil Nadu,Tropical Dry,Afforestation,116.55,3,1000,17.4,Medium,259.32
Madhya Pradesh,Humid Subtropical,Reforestation,390.94,3,1200,25.1,Medium,1541.63
Maharashtra,Tropical Dry,Reforestation,153.08,8,1100,16.5,Medium,795.06
Telangana,Tropical Dry,Afforestation,391.09,4,950,24.0,Low,781.93
Sikkim,Subtropical,Regenerative Agriculture,192.51,2,2700,47.3,High,510.37
Jharkhand,Humid Subtropical,Afforestation,210.5,4,1300,29.6,Medium,775.77
Bihar,Humid Subtropical,Regenerative Agriculture,45.43,3,1100,7.7,Medium,44.37
Meghalaya,Tropical Wet,Reforestation,393.8,5,2800,76.3,High,6800.13
Telangana,Tropical Dry,Afforestation,458.4,1,950,24.0,Low,657.52
Jharkhand,Humid Subtropical,Reforestation,233.78,3,1300,29.6,Medium,954.96
Andhra Pradesh,Tropical Dry,Reforestation,357.27,8,900,23.0,Low,1250.66
Tamil Nadu,Tropical Dry,Reforestation,290.07,3,1000,17.4,Medium,831.16
Karnataka,Tropical Dry,Regenerative Agriculture,153.72,9,1300,20.1,Medium,262.33
Goa,Tropical Wet,Reforestation,186.78,7,2900,60.0,High,3657.13
Nagaland,Tropical Wet,Afforestation,159.02,6,2000,73.9,High,1471.0
Nagaland,Tropical Wet,Reforestation,361.4,4,2000,73.9,High,4340.74
Maharashtra,Tropical Dry,Afforestation,384.74,1,1100,16.5,Medium,759.45
Bihar,Humid Subtropical,Reforestation,218.55,7,1100,7.7,Medium,1138.37
Tamil Nadu,Tropical Dry,Regenerative Agriculture,44.36,2,1000,17.4,Medium,33.37
Punjab,Humid Subtropical,Afforestation,60.58,6,700,3.6,Medium,173.1
West Bengal,Humid Subtropical,Afforestation,328.28,5,1750,18.9,Medium,1877.84
Tripura,Tropical Wet,Afforestation,373.73,10,2200,73.7,Medium,4426.34
Tripura,Tropical Wet,Reforestation,361.27,6,2200,73.7,Medium,4965.63
Mizoram,Tropical Wet,Regenerative Agriculture,247.24,5,2500,84.5,High,990.29
Manipur,Subtropical,Afforestation,466.85,6,1500,74.3,Medium,2617.44
Chhattisgarh,Humid Subtropical,Regenerative Agriculture,133.84,3,1400,41.1,Medium,169.72
Andhra Pradesh,Tropical Dry,Afforestation,499.12,1,900,23.0,Low,730.31
Madhya Pradesh,Humid Subtropical,Regenerative Agriculture,292.46,2,1200,25.1,Medium,292.26
Meghalaya,Tropical Wet,Regenerative Agriculture,196.81,7,2800,76.3,High,983.23
Kerala,Tropical Wet,Afforestation,378.38,4,3000,52.3,High,4040.76
Arunachal Pradesh,Subtropical,Reforestation,285.08,10,2800,79.3,High,5838.78
Mizoram,Tropical Wet,Afforestation,219.18,6,2500,84.5,High,2698.0
Telangana,Tropical Dry,Reforestation,373.62,6,950,24.0,Low,1225.76
Uttarakhand,Subtropical,Afforestation,490.71,5,1800,45.4,High,3553.24
Rajasthan,Arid,Reforestation,290.4,10,500,4.8,Very Low,412.98
Maharashtra,Tropical Dry,Afforestation,71.37,1,1100,16.5,Medium,144.44
Goa,Tropical Wet,Reforestation,298.68,10,2900,60.0,High,7300.61
Chhattisgarh,Humid Subtropical,Reforestation,177.2,9,1400,41.1,Medium,1466.24
Madhya Pradesh,Humid Subtropical,Regenerative Agriculture,61.79,5,1200,25.1,Medium,81.12
Maharashtra,Tropical Dry,Regenerative Agriculture,191.16,5,1100,16.5,Medium,204.76
Jharkhand,Humid Subtropical,Afforestation,277.77,10,1300,29.6,Medium,1645.06
Tamil Nadu,Tropical Dry,Afforestation,366.45,4,1000,17.4,Medium,924.28
Bihar,Humid Subtropical,Regenerative Agriculture,178.4,8,1100,7.7,Medium,262.07
Uttarakhand,Subtropical,Reforestation,33.87,6,1800,45.4,High,349.5
West Bengal,Humid Subtropical,Afforestation,23.04,3,1750,18.9,Medium,103.94
Sikkim,Subtropical,Regenerative Agriculture,252.33,8,2700,47.3,High,1143.61
Tripura,Tropical Wet,Reforestation,150.71,10,2200,73.7,Medium,2774.11
Gujarat,Arid,Reforestation,275.34,5,800,7.6,Low,336.88
Tamil Nadu,Tropical Dry,Afforestation,61.77,3,1000,17.4,Medium,144.15
Nagaland,Tropical Wet,Afforestation,167.94,5,2000,73.9,High,1546.26
Punjab,Humid Subtropical,Reforestation,36.64,5,700,3.6,Medium,121.98
Uttar Pradesh,Humid Subtropical,Regenerative Agriculture,285.34,4,1000,6.1,Medium,269.47
Kerala,Tropical Wet,Afforestation,26.38,9,3000,52.3,High,428.29
Himachal Pradesh,Subtropical,Regenerative Agriculture,215.1,8,1600,27.1,Medium,508.3
Chhattisgarh,Humid Subtropical,Afforestation,113.74,10,1400,41.1,Medium,667.12
Meghalaya,Tropical Wet,Regenerative Agriculture,195.55,6,2800,76.3,High,875.45
Goa,Tropical Wet,Regenerative Agriculture,250.64,10,2900,60.0,High,1509.36
Manipur,Subtropical,Regenerative Agriculture,278.76,10,1500,74.3,Medium,699.14
Telangana,Tropical Dry,Regenerative Agriculture,264.23,1,950,24.0,Low,142.57
Mizoram,Tropical Wet,Regenerative Agriculture,65.66,7,2500,84.5,High,305.64
Madhya Pradesh,Humid Subtropical,Afforestation,157.78,8,1200,25.1,Medium,700.12
Meghalaya,Tropical Wet,Reforestation,50.81,9,2800,76.3,High,1173.12
Manipur,Subtropical,Afforestation,62.54,3,1500,74.3,Medium,282.26
Bihar,Humid Subtropical,Regenerative Agriculture,221.42,5,1100,7.7,Medium,273.17
Bihar,Humid Subtropical,Reforestation,275.69,7,1100,7.7,Medium,1381.76
Himachal Pradesh,Subtropical,Regenerative Agriculture,35.32,10,1600,27.1,Medium,97.7
Manipur,Subtropical,Afforestation,218.14,1,1500,74.3,Medium,720.1
Mizoram,Tropical Wet,Reforestation,281.33,1,2500,84.5,High,3075.15
Manipur,Subtropical,Afforestation,392.54,5,1500,74.3,Medium,1940.57
Arunachal Pradesh,Subtropical,Afforestation,220.77,7,2800,79.3,High,2608.7
Chhattisgarh,Humid Subtropical,Reforestation,187.97,1,1400,41.1,Medium,751.07
Mizoram,Tropical Wet,Afforestation,127.27,1,2500,84.5,High,939.74
Karnataka,Tropical Dry,Reforestation,366.2,2,1300,20.1,Medium,1297.41
Gujarat,Arid,Afforestation,136.0,8,800,7.6,Low,190.82
Assam,Tropical Wet,Reforestation,191.23,1,2700,34.2,Medium,1907.09
Telangana,Tropical Dry,Regenerative Agriculture,74.33,3,950,24.0,Low,51.12
Nagaland,Tropical Wet,Afforestation,294.0,10,2000,73.9,High,3604.09
Uttar Pradesh,Humid Subtropical,Reforestation,17.71,9,1000,6.1,Medium,94.17
Gujarat,Arid,Afforestation,483.07,5,800,7.6,Low,515.48
Maharashtra,Tropical Dry,Reforestation,321.12,6,1100,16.5,Medium,1412.5
Meghalaya,Tropical Wet,Reforestation,97.08,3,2800,76.3,High,1355.59
Chhattisgarh,Humid Subtropical,Afforestation,137.72,9,1400,41.1,Medium,769.32
Rajasthan,Arid,Regenerative Agriculture,295.92,7,500,4.8,Very Low,100.32
Punjab,Humid Subtropical,Afforestation,19.08,6,700,3.6,Medium,59.98
Arunachal Pradesh,Subtropical,Afforestation,423.04,10,2800,79.3,High,6096.41
Tamil Nadu,Tropical Dry,Reforestation,296.77,9,1000,17.4,Medium,1464.57
Nagaland,Tropical Wet,Reforestation,220.9,3,2000,73.9,High,2500.5
Chhattisgarh,Humid Subtropical,Afforestation,409.87,5,1400,41.1,Medium,1707.16
Sikkim,Subtropical,Reforestation,328.24,4,2700,47.3,High,4143.11
Goa,Tropical Wet,Regenerative Agriculture,190.86,10,2900,60.0,High,1131.28
Uttar Pradesh,Humid Subtropical,Reforestation,262.83,5,1000,6.1,Medium,1029.38
West Bengal,Humid Subtropical,Reforestation,96.43,8,1750,18.9,Medium,873.4
Manipur,Subtropical,Afforestation,178.26,8,1500,74.3,Medium,1099.97
Manipur,Subtropical,Regenerative Agriculture,283.92,10,1500,74.3,Medium,737.34
Arunachal Pradesh,Subtropical,Reforestation,303.96,9,2800,79.3,High,5455.14
Kerala,Tropical Wet,Regenerative Agriculture,264.0,1,3000,52.3,High,726.04
Chhattisgarh,Humid Subtropical,Afforestation,225.69,5,1400,41.1,Medium,956.45
Mizoram,Tropical Wet,Afforestation,213.66,6,2500,84.5,High,2563.08
Arunachal Pradesh,Subtropical,Reforestation,36.46,10,2800,79.3,High,756.74
Uttarakhand,Subtropical,Afforestation,497.87,10,1800,45.4,High,4788.78
Goa,Tropical Wet,Afforestation,435.79,2,2900,60.0,High,3775.17
Nagaland,Tropical Wet,Reforestation,291.7,9,2000,73.9,High,4885.8
Punjab,Humid Subtropical,Reforestation,109.64,6,700,3.6,Medium,384.57
Gujarat,Arid,Reforestation,193.33,10,800,7.6,Low,368.03
Bihar,Humid Subtropical,Regenerative Agriculture,43.17,7,1100,7.7,Medium,60.96
Maharashtra,Tropical Dry,Reforestation,373.03,5,1100,16.5,Medium,1575.0
West Bengal,Humid Subtropical,Afforestation,90.64,2,1750,18.9,Medium,359.83
Jharkhand,Humid Subtropical,Afforestation,467.45,10,1300,29.6,Medium,2718.65
Tamil Nadu,Tropical Dry,Regenerative Agriculture,201.59,1,1000,17.4,Medium,119.61
Manipur,Subtropical,Regenerative Agriculture,131.8,9,1500,74.3,Medium,316.72
Andhra Pradesh,Tropical Dry,Afforestation,361.61,5,900,23.0,Low,750.04
Kerala,Tropical Wet,Regenerative Agriculture,6.44,2,3000,52.3,High,19.63
Mizoram,Tropical Wet,Afforestation,209.38,8,2500,84.5,High,2882.28
Meghalaya,Tropical Wet,Reforestation,297.06,7,2800,76.3,High,5967.43
Uttarakhand,Subtropical,Reforestation,31.0,10,1800,45.4,High,449.89
Karnataka,Tropical Dry,Regenerative Agriculture,113.0,1,1300,20.1,Medium,94.37
Goa,Tropical Wet,Regenerative Agriculture,299.4,3,2900,60.0,High,1025.1
Maharashtra,Tropical Dry,Reforestation,392.4,10,1100,16.5,Medium,2300.8
Kerala,Tropical Wet,Afforestation,315.05,10,3000,52.3,High,5476.55
Arunachal Pradesh,Subtropical,Afforestation,315.63,5,2800,79.3,High,3133.09
Tamil Nadu,Tropical Dry,Regenerative Agriculture,124.91,4,1000,17.4,Medium,116.09
Haryana,Humid Subtropical,Afforestation,339.45,8,600,3.6,Low,992.54
Tripura,Tropical Wet,Reforestation,92.35,6,2200,73.7,Medium,1224.52
Punjab,Humid Subtropical,Reforestation,71.92,5,700,3.6,Medium,233.48
Kerala,Tropical Wet,Regenerative Agriculture,195.32,5,3000,52.3,High,772.95
Manipur,Subtropical,Regenerative Agriculture,153.28,9,1500,74.3,Medium,363.49
Meghalaya,Tropical Wet,Reforestation,271.39,5,2800,76.3,High,4554.75
Chhattisgarh,Humid Subtropical,Afforestation,477.13,5,1400,41.1,Medium,2052.37
Nagaland,Tropical Wet,Reforestation,63.35,9,2000,73.9,High,1002.01
Chhattisgarh,Humid Subtropical,Reforestation,139.53,3,1400,41.1,Medium,697.12
Rajasthan,Arid,Regenerative Agriculture,185.87,9,500,4.8,Very Low,69.46
Jharkhand,Humid Subtropical,Regenerative Agriculture,194.7,5,1300,29.6,Medium,260.0
Jharkhand,Humid Subtropical,Regenerative Agriculture,40.24,5,1300,29.6,Medium,57.35
Uttar Pradesh,Humid Subtropical,Regenerative Agriculture,65.93,8,1000,6.1,Medium,87.86
Arunachal Pradesh,Subtropical,Reforestation,115.36,10,2800,79.3,High,2417.74
Tripura,Tropical Wet,Afforestation,58.63,8,2200,73.7,Medium,633.69
Maharashtra,Tropical Dry,Reforestation,21.13,2,1100,16.5,Medium,61.92
Rajasthan,Arid,Regenerative Agriculture,271.35,4,500,4.8,Very Low,67.52
Uttarakhand,Subtropical,Afforestation,383.94,2,1800,45.4,High,1954.64
Sikkim,Subtropical,Reforestation,348.64,10,2700,47.3,High,7005.44
Punjab,Humid Subtropical,Afforestation,61.84,1,700,3.6,Medium,114.71
Kerala,Tropical Wet,Afforestation,103.92,7,3000,52.3,High,1454.45
Gujarat,Arid,Afforestation,203.15,3,800,7.6,Low,184.39
Madhya Pradesh,Humid Subtropical,Regenerative Agriculture,105.59,2,1200,25.1,Medium,105.14
Tripura,Tropical Wet,Reforestation,241.34,6,2200,73.7,Medium,3259.19
Sikkim,Subtropical,Regenerative Agriculture,75.31,3,2700,47.3,High,223.59
Jharkhand,Humid Subtropical,Reforestation,106.96,5,1300,29.6,Medium,602.4
Andhra Pradesh,Tropical Dry,Regenerative Agriculture,234.64,1,900,23.0,Low,115.42
Chhattisgarh,Humid Subtropical,Reforestation,152.28,1,1400,41.1,Medium,620.41
Madhya Pradesh,Humid Subtropical,Reforestation,141.57,1,1200,25.1,Medium,451.16
West Bengal,Humid Subtropical,Afforestation,110.93,5,1750,18.9,Medium,573.6
Nagaland,Tropical Wet,Regenerative Agriculture,149.34,7,2000,73.9,High,564.56
Nagaland,Tropical Wet,Afforestation,373.58,10,2000,73.9,High,4535.39
Jharkhand,Humid Subtropical,Reforestation,278.08,7,1300,29.6,Medium,1779.72
Odisha,Humid Subtropical,Regenerative Agriculture,272.24,10,1500,33.2,Medium,612.39
Sikkim,Subtropical,Reforestation,204.82,10,2700,47.3,High,4235.97
Uttar Pradesh,Humid Subtropical,Reforestation,63.98,5,1000,6.1,Medium,260.52
Chhattisgarh,Humid Subtropical,Afforestation,332.86,8,1400,41.1,Medium,1851.41
Manipur,Subtropical,Reforestation,58.75,3,1500,74.3,Medium,341.62
Andhra Pradesh,Tropical Dry,Regenerative Agriculture,251.96,1,900,23.0,Low,124.32
Punjab,Humid Subtropical,Regenerative Agriculture,49.62,5,700,3.6,Medium,44.71
Mizoram,Tropical Wet,Regenerative Agriculture,264.65,10,2500,84.5,High,1535.03
Uttar Pradesh,Humid Subtropical,Reforestation,374.28,7,1000,6.1,Medium,1691.94
West Bengal,Humid Subtropical,Reforestation,220.15,8,1750,18.9,Medium,1976.75
Arunachal Pradesh,Subtropical,Reforestation,202.64,3,2800,79.3,High,2400.36
Karnataka,Tropical Dry,Regenerative Agriculture,56.59,3,1300,20.1,Medium,61.3
Manipur,Subtropical,Reforestation,204.99,4,1500,74.3,Medium,1402.57
Telangana,Tropical Dry,Reforestation,296.02,5,950,24.0,Low,876.46
Karnataka,Tropical Dry,Afforestation,493.42,5,1300,20.1,Medium,1705.27
Madhya Pradesh,Humid Subtropical,Reforestation,131.51,8,1200,25.1,Medium,789.15
Andhra Pradesh,Tropical Dry,Regenerative Agriculture,156.02,6,900,23.0,Low,127.57
Gujarat,Arid,Regenerative Agriculture,265.31,2,800,7.6,Low,67.38
Sikkim,Subtropical,Regenerative Agriculture,37.49,1,2700,47.3,High,82.26
Gujarat,Arid,Reforestation,129.43,6,800,7.6,Low,173.51
Odisha,Humid Subtropical,Reforestation,316.36,6,1500,33.2,Medium,2274.9
Bihar,Humid Subtropical,Afforestation,461.11,9,1100,7.7,Medium,2421.3
Tripura,Tropical Wet,Regenerative Agriculture,268.73,6,2200,73.7,Medium,893.79
Tamil Nadu,Tropical Dry,Regenerative Agriculture,231.35,10,1000,17.4,Medium,315.9
Arunachal Pradesh,Subtropical,Reforestation,357.17,5,2800,79.3,High,4991.07
Maharashtra,Tropical Dry,Regenerative Agriculture,279.84,1,1100,16.5,Medium,195.67
Tripura,Tropical Wet,Regenerative Agriculture,115.14,9,2200,73.7,Medium,471.98
Mizoram,Tropical Wet,Reforestation,154.22,8,2500,84.5,High,3107.56
Haryana,Humid Subtropical,Regenerative Agriculture,190.32,2,600,3.6,Low,100.05
Nagaland,Tropical Wet,Reforestation,315.56,9,2000,73.9,High,5652.83
Meghalaya,Tropical Wet,Regenerative Agriculture,118.21,10,2800,76.3,High,696.06
Uttar Pradesh,Humid Subtropical,Regenerative Agriculture,195.04,8,1000,6.1,Medium,277.51
Uttarakhand,Subtropical,Regenerative Agriculture,183.98,10,1800,45.4,High,645.67
Jharkhand,Humid Subtropical,Reforestation,48.16,3,1300,29.6,Medium,207.68
West Bengal,Humid Subtropical,Reforestation,169.13,3,1750,18.9,Medium,1009.04
Manipur,Subtropical,Regenerative Agriculture,275.69,1,1500,74.3,Medium,318.89
Bihar,Humid Subtropical,Regenerative Agriculture,61.22,2,1100,7.7,Medium,55.59
Andhra Pradesh,Tropical Dry,Reforestation,34.58,6,900,23.0,Low,104.63
West Bengal,Humid Subtropical,Reforestation,273.28,2,1750,18.9,Medium,1410.57
Kerala,Tropical Wet,Reforestation,242.48,7,3000,52.3,High,4889.99
Kerala,Tropical Wet,Regenerative Agriculture,255.59,8,3000,52.3,High,1369.66
Rajasthan,Arid,Regenerative Agriculture,155.12,1,500,4.8,Very Low,27.2
Maharashtra,Tropical Dry,Afforestation,60.22,8,1100,16.5,Medium,237.87
Jharkhand,Humid Subtropical,Reforestation,189.1,8,1300,29.6,Medium,1208.96
Punjab,Humid Subtropical,Reforestation,293.95,6,700,3.6,Medium,1064.21
Andhra Pradesh,Tropical Dry,Regenerative Agriculture,148.15,1,900,23.0,Low,73.5
Mizoram,Tropical Wet,Regenerative Agriculture,8.99,2,2500,84.5,High,25.38
Himachal Pradesh,Subtropical,Regenerative Agriculture,111.72,4,1600,27.1,Medium,186.92
Kerala,Tropical Wet,Afforestation,364.53,5,3000,52.3,High,4418.68
Chhattisgarh,Humid Subtropical,Afforestation,51.34,6,1400,41.1,Medium,241.75
Kerala,Tropical Wet,Afforestation,218.89,8,3000,52.3,High,3456.67
Tamil Nadu,Tropical Dry,Afforestation,475.86,3,1000,17.4,Medium,1129.84
Sikkim,Subtropical,Afforestation,489.67,6,2700,47.3,High,5402.53
Assam,Tropical Wet,Regenerative Agriculture,129.35,7,2700,34.2,Medium,536.79
Bihar,Humid Subtropical,Afforestation,150.28,8,1100,7.7,Medium,713.94
Meghalaya,Tropical Wet,Afforestation,339.29,6,2800,76.3,High,4277.28
Uttarakhand,Subtropical,Regenerative Agriculture,85.73,8,1800,45.4,High,272.03
Kerala,Tropical Wet,Reforestation,288.25,7,3000,52.3,High,5618.69
Punjab,Humid Subtropical,Regenerative Agriculture,276.63,10,700,3.6,Medium,341.03
Maharashtra,Tropical Dry,Afforestation,234.52,7,1100,16.5,Medium,858.26
Telangana,Tropical Dry,Afforestation,275.38,2,950,24.0,Low,457.01
Haryana,Humid Subtropical,Regenerative Agriculture,191.48,8,600,3.6,Low,183.27
Telangana,Tropical Dry,Afforestation,175.8,8,950,24.0,Low,499.91
Uttarakhand,Subtropical,Reforestation,95.6,7,1800,45.4,High,1149.19
Uttarakhand,Subtropical,Reforestation,357.59,5,1800,45.4,High,3648.74
Rajasthan,Arid,Regenerative Agriculture,13.21,3,500,4.8,Very Low,3.03
Meghalaya,Tropical Wet,Reforestation,300.91,5,2800,76.3,High,5171.77
Punjab,Humid Subtropical,Reforestation,179.31,8,700,3.6,Medium,762.0
Gujarat,Arid,Afforestation,495.41,8,800,7.6,Low,671.2
Punjab,Humid Subtropical,Reforestation,184.54,2,700,3.6,Medium,439.02
Nagaland,Tropical Wet,Reforestation,212.15,9,2000,73.9,High,3790.79
Assam,Tropical Wet,Reforestation,95.19,7,2700,34.2,Medium,1578.23
Tamil Nadu,Tropical Dry,Afforestation,370.27,6,1000,17.4,Medium,1110.81
Chhattisgarh,Humid Subtropical,Regenerative Agriculture,45.5,2,1400,41.1,Medium,50.35
Mizoram,Tropical Wet,Reforestation,164.09,9,2500,84.5,High,3410.45
Chhattisgarh,Humid Subtropical,Reforestation,297.88,10,1400,41.1,Medium,2652.51
Haryana,Humid Subtropical,Reforestation,231.43,5,600,3.6,Low,655.96
Punjab,Humid Subtropical,Afforestation,477.67,6,700,3.6,Medium,1511.69
Andhra Pradesh,Tropical Dry,Reforestation,201.42,6,900,23.0,Low,657.69
Telangana,Tropical Dry,Reforestation,34.09,10,950,24.0,Low,136.64
Gujarat,Arid,Regenerative Agriculture,23.43,3,800,7.6,Low,6.33
West Bengal,Humid Subtropical,Reforestation,278.8,1,1750,18.9,Medium,1330.69
Sikkim,Subtropical,Regenerative Agriculture,84.07,4,2700,47.3,High,261.19
Arunachal Pradesh,Subtropical,Afforestation,273.68,1,2800,79.3,High,1845.08
Tamil Nadu,Tropical Dry,Regenerative Agriculture,196.02,9,1000,17.4,Medium,267.18
Himachal Pradesh,Subtropical,Reforestation,305.2,1,1600,27.1,Medium,1418.36
Madhya Pradesh,Humid Subtropical,Regenerative Agriculture,190.81,5,1200,25.1,Medium,239.25
Manipur,Subtropical,Regenerative Agriculture,291.28,8,1500,74.3,Medium,644.83
Andhra Pradesh,Tropical Dry,Regenerative Agriculture,53.28,1,900,23.0,Low,24.87
Telangana,Tropical Dry,Afforestation,156.47,7,950,24.0,Low,410.39
Jharkhand,Humid Subtropical,Regenerative Agriculture,70.42,1,1300,29.6,Medium,63.03
Tripura,Tropical Wet,Afforestation,491.86,8,2200,73.7,Medium,5426.69
Jharkhand,Humid Subtropical,Afforestation,428.71,10,1300,29.6,Medium,2501.3
Mizoram,Tropical Wet,Regenerative Agriculture,65.96,1,2500,84.5,High,172.99
Rajasthan,Arid,Regenerative Agriculture,219.51,9,500,4.8,Very Low,81.99
Andhra Pradesh,Tropical Dry,Reforestation,101.88,2,900,23.0,Low,213.34
Mizoram,Tropical Wet,Afforestation,367.59,3,2500,84.5,High,3456.37
Tripura,Tropical Wet,Reforestation,153.39,5,2200,73.7,Medium,1961.92
Odisha,Humid Subtropical,Reforestation,18.5,7,1500,33.2,Medium,145.11
Jharkhand,Humid Subtropical,Regenerative Agriculture,261.05,7,1300,29.6,Medium,439.3
Nagaland,Tropical Wet,Afforestation,283.89,7,2000,73.9,High,3129.06
Karnataka,Tropical Dry,Afforestation,351.22,1,1300,20.1,Medium,810.68
Haryana,Humid Subtropical,Regenerative Agriculture,103.56,5,600,3.6,Low,75.94
Uttar Pradesh,Humid Subtropical,Afforestation,14.16,2,1000,6.1,Medium,37.97
Sikkim,Subtropical,Reforestation,249.03,2,2700,47.3,High,2654.44
Punjab,Humid Subtropical,Reforestation,74.61,4,700,3.6,Medium,220.07
Bihar,Humid Subtropical,Afforestation,177.16,10,1100,7.7,Medium,988.15
Punjab,Humid Subtropical,Regenerative Agriculture,6.73,8,700,3.6,Medium,7.4
Uttar Pradesh,Humid Subtropical,Afforestation,191.54,8,1000,6.1,Medium,858.69
Meghalaya,Tropical Wet,Afforestation,334.43,2,2800,76.3,High,2879.65
Arunachal Pradesh,Subtropical,Reforestation,172.97,1,2800,79.3,High,1659.21
Mizoram,Tropical Wet,Reforestation,111.21,9,2500,84.5,High,2295.23
Himachal Pradesh,Subtropical,Regenerative Agriculture,257.05,3,1600,27.1,Medium,395.59
Uttarakhand,Subtropical,Regenerative Agriculture,39.66,1,1800,45.4,High,67.07
Punjab,Humid Subtropical,Regenerative Agriculture,158.44,2,700,3.6,Medium,95.38
Tamil Nadu,Tropical Dry,Reforestation,64.69,6,1000,17.4,Medium,259.44
Punjab,Humid Subtropical,Regenerative Agriculture,30.59,9,700,3.6,Medium,35.69
Rajasthan,Arid,Afforestation,27.81,6,500,4.8,Very Low,28.91
Jharkhand,Humid Subtropical,Afforestation,217.12,8,1300,29.6,Medium,1105.58
Manipur,Subtropical,Reforestation,171.45,6,1500,74.3,Medium,1382.97
Gujarat,Arid,Reforestation,326.02,10,800,7.6,Low,594.73
Arunachal Pradesh,Subtropical,Regenerative Agriculture,134.24,4,2800,79.3,High,436.73
Arunachal Pradesh,Subtropical,Afforestation,323.29,8,2800,79.3,High,3976.62
Karnataka,Tropical Dry,Regenerative Agriculture,178.27,9,1300,20.1,Medium,320.49
Himachal Pradesh,Subtropical,Regenerative Agriculture,182.58,6,1600,27.1,Medium,363.08
Meghalaya,Tropical Wet,Regenerative Agriculture,151.77,4,2800,76.3,High,554.95
Jharkhand,Humid Subtropical,Reforestation,180.91,2,1300,29.6,Medium,719.08
Arunachal Pradesh,Subtropical,Afforestation,97.38,8,2800,79.3,High,1253.27
Tripura,Tropical Wet,Reforestation,40.25,5,2200,73.7,Medium,539.58
Andhra Pradesh,Tropical Dry,Afforestation,290.42,1,900,23.0,Low,403.36
Punjab,Humid Subtropical,Afforestation,380.83,6,700,3.6,Medium,1214.5
Uttar Pradesh,Humid Subtropical,Reforestation,320.19,1,1000,6.1,Medium,872.9
Andhra Pradesh,Tropical Dry,Regenerative Agriculture,173.54,8,900,23.0,Low,165.24
Rajasthan,Arid,Reforestation,228.79,6,500,4.8,Very Low,246.4
Manipur,Subtropical,Regenerative Agriculture,96.26,5,1500,74.3,Medium,173.37
Sikkim,Subtropical,Reforestation,169.34,10,2700,47.3,High,3573.03
Uttar Pradesh,Humid Subtropical,Reforestation,319.2,10,1000,6.1,Medium,1728.38
Tamil Nadu,Tropical Dry,Reforestation,269.82,8,1000,17.4,Medium,1188.43
Sikkim,Subtropical,Reforestation,24.57,7,2700,47.3,High,435.71
Uttar Pradesh,Humid Subtropical,Regenerative Agriculture,94.32,2,1000,6.1,Medium,76.37
Uttar Pradesh,Humid Subtropical,Afforestation,129.82,8,1000,6.1,Medium,585.62
Rajasthan,Arid,Afforestation,123.72,6,500,4.8,Very Low,119.54
Tripura,Tropical Wet,Afforestation,85.44,7,2200,73.7,Medium,854.67
Uttarakhand,Subtropical,Afforestation,299.74,3,1800,45.4,High,1826.19
Chhattisgarh,Humid Subtropical,Reforestation,144.88,1,1400,41.1,Medium,567.18
Goa,Tropical Wet,Reforestation,197.53,2,2900,60.0,High,2480.82
Odisha,Humid Subtropical,Afforestation,285.95,9,1500,33.2,Medium,1764.68
Rajasthan,Arid,Reforestation,357.09,8,500,4.8,Very Low,464.35
Jharkhand,Humid Subtropical,Regenerative Agriculture,145.75,1,1300,29.6,Medium,130.33
Tamil Nadu,Tropical Dry,Afforestation,222.61,3,1000,17.4,Medium,491.51
Bihar,Humid Subtropical,Afforestation,297.8,8,1100,7.7,Medium,1428.14
Punjab,Humid Subtropical,Afforestation,96.03,6,700,3.6,Medium,286.53
Manipur,Subtropical,Reforestation,39.83,2,1500,74.3,Medium,209.01
Karnataka,Tropical Dry,Reforestation,363.72,4,1300,20.1,Medium,1609.45
Chhattisgarh,Humid Subtropical,Afforestation,436.31,6,1400,41.1,Medium,2023.92
Telangana,Tropical Dry,Regenerative Agriculture,89.74,10,950,24.0,Low,98.24
Kerala,Tropical Wet,Regenerative Agriculture,167.93,4,3000,52.3,High,634.72
Haryana,Humid Subtropical,Afforestation,206.01,7,600,3.6,Low,584.18
Tamil Nadu,Tropical Dry,Reforestation,63.11,1,1000,17.4,Medium,157.72
Mizoram,Tropical Wet,Regenerative Agriculture,89.25,7,2500,84.5,High,404.6
Sikkim,Subtropical,Reforestation,36.98,10,2700,47.3,High,759.59
Meghalaya,Tropical Wet,Afforestation,222.29,1,2800,76.3,High,1687.04
Madhya Pradesh,Humid Subtropical,Afforestation,165.07,5,1200,25.1,Medium,639.18
Nagaland,Tropical Wet,Reforestation,35.99,4,2000,73.9,High,428.79
Kerala,Tropical Wet,Reforestation,375.26,3,3000,52.3,High,5481.48
Karnataka,Tropical Dry,Reforestation,200.66,10,1300,20.1,Medium,1335.52
Goa,Tropical Wet,Reforestation,62.91,1,2900,60.0,High,715.7
Madhya Pradesh,Humid Subtropical,Reforestation,49.27,5,1200,25.1,Medium,242.32
Mizoram,Tropical Wet,Reforestation,165.26,6,2500,84.5,High,2902.97
West Bengal,Humid Subtropical,Regenerative Agriculture,52.02,4,1750,18.9,Medium,94.35
Arunachal Pradesh,Subtropical,Reforestation,301.92,9,2800,79.3,High,6164.5
Gujarat,Arid,Regenerative Agriculture,252.05,7,800,7.6,Low,104.8
Gujarat,Arid,Reforestation,181.29,7,800,7.6,Low,256.4
Sikkim,Subtropical,Regenerative Agriculture,235.48,1,2700,47.3,High,544.45
Uttarakhand,Subtropical,Reforestation,396.95,7,1800,45.4,High,4531.74
Chhattisgarh,Humid Subtropical,Reforestation,351.04,10,1400,41.1,Medium,3056.03
Himachal Pradesh,Subtropical,Afforestation,164.33,2,1600,27.1,Medium,643.93
Uttarakhand,Subtropical,Afforestation,479.41,3,1800,45.4,High,2896.89
Bihar,Humid Subtropical,Reforestation,344.53,9,1100,7.7,Medium,2026.22
Uttarakhand,Subtropical,Reforestation,84.55,6,1800,45.4,High,900.6
Karnataka,Tropical Dry,Afforestation,110.88,7,1300,20.1,Medium,485.24
Assam,Tropical Wet,Regenerative Agriculture,257.06,6,2700,34.2,Medium,1058.95
Karnataka,Tropical Dry,Regenerative Agriculture,145.73,4,1300,20.1,Medium,168.58
Himachal Pradesh,Subtropical,Reforestation,204.32,6,1600,27.1,Medium,1571.7
Jharkhand,Humid Subtropical,Regenerative Agriculture,205.77,8,1300,29.6,Medium,377.84
Haryana,Humid Subtropical,Regenerative Agriculture,230.04,6,600,3.6,Low,186.86
Manipur,Subtropical,Afforestation,246.7,5,1500,74.3,Medium,1220.52
Telangana,Tropical Dry,Afforestation,38.53,4,950,24.0,Low,77.98
Andhra Pradesh,Tropical Dry,Regenerative Agriculture,161.7,6,900,23.0,Low,127.85
Himachal Pradesh,Subtropical,Reforestation,374.75,5,1600,27.1,Medium,2804.01
Assam,Tropical Wet,Afforestation,352.05,10,2700,34.2,Medium,5223.94
Nagaland,Tropical Wet,Reforestation,51.01,10,2000,73.9,High,892.15
Madhya Pradesh,Humid Subtropical,Reforestation,206.71,6,1200,25.1,Medium,1079.92
Rajasthan,Arid,Reforestation,243.3,4,500,4.8,Very Low,227.56
Odisha,Humid Subtropical,Reforestation,71.6,2,1500,33.2,Medium,350.56
Sikkim,Subtropical,Regenerative Agriculture,136.8,3,2700,47.3,High,410.5
Gujarat,Arid,Regenerative Agriculture,204.8,1,800,7.6,Low,44.73
Manipur,Subtropical,Reforestation,168.89,2,1500,74.3,Medium,893.44
Gujarat,Arid,Reforestation,154.44,7,800,7.6,Low,223.45
Himachal Pradesh,Subtropical,Reforestation,246.65,6,1600,27.1,Medium,1945.11
Telangana,Tropical Dry,Regenerative Agriculture,54.4,9,950,24.0,Low,58.51
Uttar Pradesh,Humid Subtropical,Reforestation,66.0,3,1000,6.1,Medium,222.17
Maharashtra,Tropical Dry,Afforestation,419.13,2,1100,16.5,Medium,919.21
Jharkhand,Humid Subtropical,Regenerative Agriculture,263.84,9,1300,29.6,Medium,488.97
Rajasthan,Arid,Afforestation,127.95,6,500,4.8,Very Low,129.67
Meghalaya,Tropical Wet,Reforestation,76.46,4,2800,76.3,High,1246.78
Meghalaya,Tropical Wet,Reforestation,148.06,1,2800,76.3,High,1688.91
West Bengal,Humid Subtropical,Afforestation,101.52,1,1750,18.9,Medium,375.18
Odisha,Humid Subtropical,Afforestation,179.59,5,1500,33.2,Medium,804.85
Punjab,Humid Subtropical,Reforestation,95.17,3,700,3.6,Medium,266.87
West Bengal,Humid Subtropical,Afforestation,27.85,3,1750,18.9,Medium,127.32
Uttar Pradesh,Humid Subtropical,Afforestation,279.84,1,1000,6.1,Medium,667.1
Rajasthan,Arid,Regenerative Agriculture,150.54,4,500,4.8,Very Low,37.28
Kerala,Tropical Wet,Regenerative Agriculture,201.68,10,3000,52.3,High,1208.8
Rajasthan,Arid,Regenerative Agriculture,251.65,2,500,4.8,Very Low,49.24
Telangana,Tropical Dry,Afforestation,432.85,9,950,24.0,Low,1294.83
Karnataka,Tropical Dry,Reforestation,374.12,9,1300,20.1,Medium,2495.77
Meghalaya,Tropical Wet,Afforestation,399.69,1,2800,76.3,High,3175.93
Mizoram,Tropical Wet,Afforestation,465.64,7,2500,84.5,High,6140.69
Karnataka,Tropical Dry,Reforestation,193.47,1,1300,20.1,Medium,647.0
Chhattisgarh,Humid Subtropical,Reforestation,192.15,10,1400,41.1,Medium,1619.4
Himachal Pradesh,Subtropical,Reforestation,259.01,7,1600,27.1,Medium,2070.49
Goa,Tropical Wet,Regenerative Agriculture,277.73,7,2900,60.0,High,1271.02
Sikkim,Subtropical,Regenerative Agriculture,188.84,5,2700,47.3,High,637.14
Kerala,Tropical Wet,Afforestation,289.84,7,3000,52.3,High,3981.34
Punjab,Humid Subtropical,Regenerative Agriculture,140.72,2,700,3.6,Medium,93.36
Himachal Pradesh,Subtropical,Reforestation,48.03,9,1600,27.1,Medium,476.13
Uttar Pradesh,Humid Subtropical,Afforestation,72.28,10,1000,6.1,Medium,378.47
Arunachal Pradesh,Subtropical,Regenerative Agriculture,74.81,1,2800,79.3,High,174.51
Nagaland,Tropical Wet,Afforestation,499.13,7,2000,73.9,High,5043.36
Tripura,Tropical Wet,Reforestation,270.68,10,2200,73.7,Medium,4913.77
Uttarakhand,Subtropical,Afforestation,213.8,5,1800,45.4,High,1479.47
Himachal Pradesh,Subtropical,Afforestation,263.39,8,1600,27.1,Medium,1821.13
Telangana,Tropical Dry,Regenerative Agriculture,24.42,10,950,24.0,Low,27.06
Rajasthan,Arid,Afforestation,251.02,6,500,4.8,Very Low,248.23
Odisha,Humid Subtropical,Regenerative Agriculture,125.96,1,1500,33.2,Medium,133.17
Arunachal Pradesh,Subtropical,Regenerative Agriculture,226.94,2,2800,79.3,High,586.98
Chhattisgarh,Humid Subtropical,Reforestation,217.95,7,1400,41.1,Medium,1671.27
Jharkhand,Humid Subtropical,Afforestation,316.87,7,1300,29.6,Medium,1481.88
Karnataka,Tropical Dry,Afforestation,389.38,3,1300,20.1,Medium,1186.76
Uttar Pradesh,Humid Subtropical,Reforestation,374.43,3,1000,6.1,Medium,1236.48
Himachal Pradesh,Subtropical,Reforestation,209.68,5,1600,27.1,Medium,1538.67
Kerala,Tropical Wet,Regenerative Agriculture,87.76,2,3000,52.3,High,272.1
Himachal Pradesh,Subtropical,Reforestation,210.78,6,1600,27.1,Medium,1651.61
Goa,Tropical Wet,Reforestation,173.21,7,2900,60.0,High,3253.96
Manipur,Subtropical,Afforestation,309.4,5,1500,74.3,Medium,1553.26
Haryana,Humid Subtropical,Reforestation,108.08,3,600,3.6,Low,254.5
Manipur,Subtropical,Afforestation,377.37,3,1500,74.3,Medium,1547.88
Assam,Tropical Wet,Reforestation,140.01,4,2700,34.2,Medium,1999.96
Telangana,Tropical Dry,Afforestation,392.24,4,950,24.0,Low,768.75
Sikkim,Subtropical,Reforestation,247.95,3,2700,47.3,High,3099.14
West Bengal,Humid Subtropical,Afforestation,381.14,1,1750,18.9,Medium,1368.26
Punjab,Humid Subtropical,Afforestation,120.03,8,700,3.6,Medium,421.6
Nagaland,Tropical Wet,Reforestation,297.71,10,2000,73.9,High,5495.4
Mizoram,Tropical Wet,Regenerative Agriculture,134.39,3,2500,84.5,High,445.71
Uttar Pradesh,Humid Subtropical,Reforestation,378.27,2,1000,6.1,Medium,1117.69
Maharashtra,Tropical Dry,Reforestation,71.77,4,1100,16.5,Medium,259.23
West Bengal,Humid Subtropical,Regenerative Agriculture,36.69,1,1750,18.9,Medium,44.94
Bihar,Humid Subtropical,Afforestation,431.07,4,1100,7.7,Medium,1501.24
Sikkim,Subtropical,Reforestation,147.12,1,2700,47.3,High,1377.44
Karnataka,Tropical Dry,Regenerative Agriculture,104.87,9,1300,20.1,Medium,179.01
Meghalaya,Tropical Wet,Reforestation,349.49,10,2800,76.3,High,8858.17
Mizoram,Tropical Wet,Reforestation,36.56,7,2500,84.5,High,714.13
Himachal Pradesh,Subtropical,Reforestation,80.11,4,1600,27.1,Medium,523.81
Tamil Nadu,Tropical Dry,Regenerative Agriculture,167.94,4,1000,17.4,Medium,149.29
Odisha,Humid Subtropical,Regenerative Agriculture,294.99,5,1500,33.2,Medium,453.76
Nagaland,Tropical Wet,Afforestation,338.28,6,2000,73.9,High,3274.58
Odisha,Humid Subtropical,Regenerative Agriculture,28.38,2,1500,33.2,Medium,32.06
Chhattisgarh,Humid Subtropical,Afforestation,71.82,2,1400,41.1,Medium,216.9
Tripura,Tropical Wet,Reforestation,180.62,2,2200,73.7,Medium,1630.05
Rajasthan,Arid,Afforestation,496.37,1,500,4.8,Very Low,310.76
Nagaland,Tropical Wet,Afforestation,36.25,1,2000,73.9,High,223.19
Jharkhand,Humid Subtropical,Afforestation,464.56,1,1300,29.6,Medium,1226.4
Himachal Pradesh,Subtropical,Afforestation,177.1,8,1600,27.1,Medium,1152.22
Tamil Nadu,Tropical Dry,Regenerative Agriculture,51.76,2,1000,17.4,Medium,37.65
Goa,Tropical Wet,Afforestation,73.23,4,2900,60.0,High,819.73
Haryana,Humid Subtropical,Reforestation,335.7,9,600,3.6,Low,1198.08
Arunachal Pradesh,Subtropical,Afforestation,25.29,10,2800,79.3,High,342.28
Punjab,Humid Subtropical,Reforestation,272.37,6,700,3.6,Medium,963.75
Uttarakhand,Subtropical,Reforestation,61.17,8,1800,45.4,High,736.1
Himachal Pradesh,Subtropical,Reforestation,328.16,6,1600,27.1,Medium,2727.68
Tamil Nadu,Tropical Dry,Afforestation,371.69,9,1000,17.4,Medium,1398.8
Bihar,Humid Subtropical,Reforestation,149.67,1,1100,7.7,Medium,422.17
Rajasthan,Arid,Regenerative Agriculture,83.99,9,500,4.8,Very Low,32.37
Uttarakhand,Subtropical,Regenerative Agriculture,169.22,1,1800,45.4,High,279.16
Meghalaya,Tropical Wet,Afforestation,92.54,4,2800,76.3,High,963.04
Chhattisgarh,Humid Subtropical,Reforestation,286.81,8,1400,41.1,Medium,2280.34
Haryana,Humid Subtropical,Afforestation,330.84,5,600,3.6,Low,811.73
Madhya Pradesh,Humid Subtropical,Afforestation,429.27,2,1200,25.1,Medium,1149.55
Tamil Nadu,Tropical Dry,Regenerative Agriculture,129.65,9,1000,17.4,Medium,166.92
Uttar Pradesh,Humid Subtropical,Afforestation,298.52,9,1000,6.1,Medium,1398.21
Manipur,Subtropical,Afforestation,255.9,6,1500,74.3,Medium,1401.71
Arunachal Pradesh,Subtropical,Reforestation,140.29,1,2800,79.3,High,1347.91
Gujarat,Arid,Regenerative Agriculture,89.45,7,800,7.6,Low,34.8
Gujarat,Arid,Regenerative Agriculture,170.2,5,800,7.6,Low,56.77
Andhra Pradesh,Tropical Dry,Regenerative Agriculture,42.93,10,900,23.0,Low,44.46
Arunachal Pradesh,Subtropical,Afforestation,348.4,7,2800,79.3,High,4201.15
Bihar,Humid Subtropical,Reforestation,209.2,4,1100,7.7,Medium,820.49
Odisha,Humid Subtropical,Regenerative Agriculture,26.0,7,1500,33.2,Medium,54.56
Chhattisgarh,Humid Subtropical,Regenerative Agriculture,109.96,1,1400,41.1,Medium,108.86
Arunachal Pradesh,Subtropical,Regenerative Agriculture,94.9,1,2800,79.3,High,227.91
Telangana,Tropical Dry,Reforestation,252.26,5,950,24.0,Low,760.53
Uttar Pradesh,Humid Subtropical,Regenerative Agriculture,168.52,1,1000,6.1,Medium,115.5
Telangana,Tropical Dry,Regenerative Agriculture,21.26,10,950,24.0,Low,23.14
Meghalaya,Tropical Wet,Afforestation,221.51,1,2800,76.3,High,1755.32
Meghalaya,Tropical Wet,Regenerative Agriculture,67.16,9,2800,76.3,High,362.71
Chhattisgarh,Humid Subtropical,Reforestation,43.93,2,1400,41.1,Medium,200.8
West Bengal,Humid Subtropical,Afforestation,176.43,3,1750,18.9,Medium,799.05
Assam,Tropical Wet,Afforestation,418.45,5,2700,34.2,Medium,4343.77
Chhattisgarh,Humid Subtropical,Afforestation,234.74,6,1400,41.1,Medium,1131.31
Himachal Pradesh,Subtropical,Regenerative Agriculture,184.29,1,1600,27.1,Medium,229.75
Uttar Pradesh,Humid Subtropical,Afforestation,167.04,1,1000,6.1,Medium,392.84
West Bengal,Humid Subtropical,Reforestation,362.06,1,1750,18.9,Medium,1737.58
Rajasthan,Arid,Reforestation,337.1,7,500,4.8,Very Low,412.63
Kerala,Tropical Wet,Afforestation,174.72,9,3000,52.3,High,2821.54
Uttarakhand,Subtropical,Reforestation,284.05,4,1800,45.4,High,2595.94
Arunachal Pradesh,Subtropical,Reforestation,294.31,3,2800,79.3,High,3649.5
Punjab,Humid Subtropical,Afforestation,207.79,1,700,3.6,Medium,388.95
Odisha,Humid Subtropical,Regenerative Agriculture,265.71,7,1500,33.2,Medium,506.5
Odisha,Humid Subtropical,Regenerative Agriculture,122.2,7,1500,33.2,Medium,239.03
Odisha,Humid Subtropical,Afforestation,45.56,5,1500,33.2,Medium,211.82
Sikkim,Subtropical,Afforestation,337.69,4,2700,47.3,High,3146.8
Jharkhand,Humid Subtropical,Afforestation,398.27,10,1300,29.6,Medium,2278.56
Chhattisgarh,Humid Subtropical,Afforestation,213.35,6,1400,41.1,Medium,1003.57
Maharashtra,Tropical Dry,Afforestation,251.99,8,1100,16.5,Medium,1004.71
Chhattisgarh,Humid Subtropical,Regenerative Agriculture,149.05,4,1400,41.1,Medium,215.65
Karnataka,Tropical Dry,Regenerative Agriculture,100.76,10,1300,20.1,Medium,185.15
Karnataka,Tropical Dry,Reforestation,230.73,8,1300,20.1,Medium,1345.98
Karnataka,Tropical Dry,Afforestation,219.48,5,1300,20.1,Medium,821.59
Manipur,Subtropical,Afforestation,120.05,1,1500,74.3,Medium,403.47
Tripura,Tropical Wet,Reforestation,334.85,9,2200,73.7,Medium,5738.55
Jharkhand,Humid Subtropical,Afforestation,40.0,4,1300,29.6,Medium,149.51
Meghalaya,Tropical Wet,Regenerative Agriculture,283.97,10,2800,76.3,High,1637.85
Odisha,Humid Subtropical,Afforestation,318.99,9,1500,33.2,Medium,1981.08
Bihar,Humid Subtropical,Reforestation,331.29,3,1100,7.7,Medium,1170.26
Mizoram,Tropical Wet,Regenerative Agriculture,217.58,7,2500,84.5,High,956.45
Maharashtra,Tropical Dry,Afforestation,412.11,6,1100,16.5,Medium,1332.51
Goa,Tropical Wet,Regenerative Agriculture,285.66,8,2900,60.0,High,1492.96
Assam,Tropical Wet,Regenerative Agriculture,280.1,4,2700,34.2,Medium,896.02
Kerala,Tropical Wet,Regenerative Agriculture,121.33,9,3000,52.3,High,692.25
Telangana,Tropical Dry,Afforestation,197.64,2,950,24.0,Low,342.1
West Bengal,Humid Subtropical,Afforestation,46.35,6,1750,18.9,Medium,272.12
Maharashtra,Tropical Dry,Regenerative Agriculture,73.24,10,1100,16.5,Medium,113.25
Mizoram,Tropical Wet,Regenerative Agriculture,202.07,2,2500,84.5,High,580.13
Himachal Pradesh,Subtropical,Reforestation,338.64,7,1600,27.1,Medium,2885.57
Uttarakhand,Subtropical,Regenerative Agriculture,189.31,6,1800,45.4,High,506.67
Madhya Pradesh,Humid Subtropical,Regenerative Agriculture,267.02,6,1200,25.1,Medium,389.16
Bihar,Humid Subtropical,Regenerative Agriculture,16.53,1,1100,7.7,Medium,13.1
Telangana,Tropical Dry,Afforestation,367.46,1,950,24.0,Low,529.45
Jharkhand,Humid Subtropical,Reforestation,265.48,9,1300,29.6,Medium,1924.4
Tripura,Tropical Wet,Regenerative Agriculture,149.14,1,2200,73.7,Medium,294.63
Odisha,Humid Subtropical,Reforestation,356.25,5,1500,33.2,Medium,2353.59
Arunachal Pradesh,Subtropical,Afforestation,73.09,6,2800,79.3,High,799.98
Tamil Nadu,Tropical Dry,Afforestation,487.43,9,1000,17.4,Medium,1742.9
Bihar,Humid Subtropical,Afforestation,262.14,4,1100,7.7,Medium,921.9
Sikkim,Subtropical,Afforestation,345.87,8,2700,47.3,High,4539.42
Kerala,Tropical Wet,Afforestation,103.03,5,3000,52.3,High,1218.08
Rajasthan,Arid,Regenerative Agriculture,145.71,7,500,4.8,Very Low,47.88
Mizoram,Tropical Wet,Afforestation,165.13,6,2500,84.5,High,2050.39
Jharkhand,Humid Subtropical,Regenerative Agriculture,194.63,2,1300,29.6,Medium,200.81
Rajasthan,Arid,Afforestation,95.56,8,500,4.8,Very Low,112.13
Andhra Pradesh,Tropical Dry,Reforestation,214.29,10,900,23.0,Low,861.64
Mizoram,Tropical Wet,Afforestation,140.78,8,2500,84.5,High,2039.23
Meghalaya,Tropical Wet,Regenerative Agriculture,161.31,3,2800,76.3,High,575.3
Tripura,Tropical Wet,Reforestation,302.68,1,2200,73.7,Medium,2504.8
Haryana,Humid Subtropical,Reforestation,291.81,10,600,3.6,Low,1123.79
Meghalaya,Tropical Wet,Regenerative Agriculture,281.12,9,2800,76.3,High,1568.52
Andhra Pradesh,Tropical Dry,Regenerative Agriculture,254.21,4,900,23.0,Low,178.97
Mizoram,Tropical Wet,Afforestation,26.44,7,2500,84.5,High,338.48
Gujarat,Arid,Regenerative Agriculture,14.16,6,800,7.6,Low,5.16
Karnataka,Tropical Dry,Afforestation,170.08,7,1300,20.1,Medium,759.57
Haryana,Humid Subtropical,Reforestation,187.2,5,600,3.6,Low,521.4
Goa,Tropical Wet,Afforestation,323.49,3,2900,60.0,High,3065.97
Arunachal Pradesh,Subtropical,Regenerative Agriculture,57.34,6,2800,79.3,High,223.79
Nagaland,Tropical Wet,Regenerative Agriculture,130.25,7,2000,73.9,High,483.16
Manipur,Subtropical,Regenerative Agriculture,242.92,6,1500,74.3,Medium,475.09
West Bengal,Humid Subtropical,Regenerative Agriculture,201.26,8,1750,18.9,Medium,480.56
Uttarakhand,Subtropical,Afforestation,75.4,8,1800,45.4,High,647.48
Goa,Tropical Wet,Reforestation,270.01,9,2900,60.0,High,6122.34
Telangana,Tropical Dry,Afforestation,409.52,6,950,24.0,Low,1030.1
Bihar,Humid Subtropical,Afforestation,442.04,6,1100,7.7,Medium,1822.95
Arunachal Pradesh,Subtropical,Regenerative Agriculture,28.88,7,2800,79.3,High,119.03
Bihar,Humid Subtropical,Regenerative Agriculture,252.92,7,1100,7.7,Medium,355.19
Bihar,Humid Subtropical,Afforestation,430.38,5,1100,7.7,Medium,1731.67
Meghalaya,Tropical Wet,Afforestation,263.93,2,2800,76.3,High,2258.6
Nagaland,Tropical Wet,Afforestation,322.84,8,2000,73.9,High,3574.47
Gujarat,Arid,Reforestation,207.61,5,800,7.6,Low,247.06
Kerala,Tropical Wet,Regenerative Agriculture,166.94,1,3000,52.3,High,475.57
Uttar Pradesh,Humid Subtropical,Afforestation,10.35,6,1000,6.1,Medium,38.75
Nagaland,Tropical Wet,Regenerative Agriculture,205.87,7,2000,73.9,High,744.63
Mizoram,Tropical Wet,Regenerative Agriculture,217.24,2,2500,84.5,High,629.98
Telangana,Tropical Dry,Regenerative Agriculture,11.17,9,950,24.0,Low,12.51
Arunachal Pradesh,Subtropical,Afforestation,235.16,5,2800,79.3,High,2268.4
West Bengal,Humid Subtropical,Reforestation,377.11,2,1750,18.9,Medium,1903.63
Tamil Nadu,Tropical Dry,Reforestation,188.88,3,1000,17.4,Medium,544.56
Andhra Pradesh,Tropical Dry,Afforestation,224.06,4,900,23.0,Low,421.12
Nagaland,Tropical Wet,Afforestation,87.56,1,2000,73.9,High,512.62
Meghalaya,Tropical Wet,Afforestation,453.87,1,2800,76.3,High,3237.48
Meghalaya,Tropical Wet,Reforestation,296.05,2,2800,76.3,High,3631.99
Odisha,Humid Subtropical,Regenerative Agriculture,253.52,3,1500,33.2,Medium,326.65
Haryana,Humid Subtropical,Regenerative Agriculture,151.22,2,600,3.6,Low,84.19
Tamil Nadu,Tropical Dry,Regenerative Agriculture,73.25,9,1000,17.4,Medium,95.74
Uttarakhand,Subtropical,Reforestation,18.54,9,1800,45.4,High,257.21
Nagaland,Tropical Wet,Reforestation,180.57,4,2000,73.9,High,2296.76
Arunachal Pradesh,Subtropical,Reforestation,264.18,4,2800,79.3,High,3699.64
Nagaland,Tropical Wet,Reforestation,302.47,10,2000,73.9,High,5790.56
Rajasthan,Arid,Reforestation,296.77,2,500,4.8,Very Low,227.71
Himachal Pradesh,Subtropical,Afforestation,206.08,1,1600,27.1,Medium,759.07
Uttar Pradesh,Humid Subtropical,Afforestation,250.4,7,1000,6.1,Medium,1039.49
Nagaland,Tropical Wet,Afforestation,205.56,5,2000,73.9,High,1864.09
Manipur,Subtropical,Regenerative Agriculture,84.39,1,1500,74.3,Medium,100.66
Manipur,Subtropical,Afforestation,73.87,9,1500,74.3,Medium,508.67
Andhra Pradesh,Tropical Dry,Regenerative Agriculture,132.5,7,900,23.0,Low,120.02
Kerala,Tropical Wet,Afforestation,129.95,10,3000,52.3,High,2291.26
Telangana,Tropical Dry,Regenerative Agriculture,57.64,4,950,24.0,Low,40.37
Punjab,Humid Subtropical,Regenerative Agriculture,97.66,3,700,3.6,Medium,68.52
Gujarat,Arid,Afforestation,168.83,8,800,7.6,Low,235.83
Himachal Pradesh,Subtropical,Reforestation,186.37,3,1600,27.1,Medium,1175.8
Nagaland,Tropical Wet,Regenerative Agriculture,145.23,7,2000,73.9,High,541.72
Uttarakhand,Subtropical,Reforestation,264.41,9,1800,45.4,High,3524.01
Telangana,Tropical Dry,Afforestation,316.22,10,950,24.0,Low,987.77
Punjab,Humid Subtropical,Regenerative Agriculture,87.27,4,700,3.6,Medium,70.9
Nagaland,Tropical Wet,Regenerative Agriculture,274.56,7,2000,73.9,High,1035.84
Andhra Pradesh,Tropical Dry,Reforestation,308.87,4,900,23.0,Low,775.48
Assam,Tropical Wet,Afforestation,72.97,7,2700,34.2,Medium,861.14
Chhattisgarh,Humid Subtropical,Regenerative Agriculture,269.05,3,1400,41.1,Medium,325.71
Karnataka,Tropical Dry,Reforestation,119.15,6,1300,20.1,Medium,585.3
Mizoram,Tropical Wet,Afforestation,379.35,8,2500,84.5,High,5346.21
Rajasthan,Arid,Regenerative Agriculture,252.5,6,500,4.8,Very Low,70.81
Maharashtra,Tropical Dry,Afforestation,77.12,6,1100,16.5,Medium,259.45
Arunachal Pradesh,Subtropical,Afforestation,480.95,3,2800,79.3,High,4095.56
Uttarakhand,Subtropical,Regenerative Agriculture,139.32,9,1800,45.4,High,469.56
Arunachal Pradesh,Subtropical,Reforestation,147.96,1,2800,79.3,High,1448.4
Chhattisgarh,Humid Subtropical,Afforestation,208.28,4,1400,41.1,Medium,801.14
Odisha,Humid Subtropical,Regenerative Agriculture,16.71,9,1500,33.2,Medium,37.23
Gujarat,Arid,Afforestation,321.98,3,800,7.6,Low,270.44
Maharashtra,Tropical Dry,Reforestation,324.26,6,1100,16.5,Medium,1446.85
Tamil Nadu,Tropical Dry,Afforestation,111.04,7,1000,17.4,Medium,368.6
Karnataka,Tropical Dry,Regenerative Agriculture,124.79,5,1300,20.1,Medium,161.17
Uttar Pradesh,Humid Subtropical,Afforestation,390.51,7,1000,6.1,Medium,1594.19
Arunachal Pradesh,Subtropical,Regenerative Agriculture,77.46,9,2800,79.3,High,378.08
Madhya Pradesh,Humid Subtropical,Reforestation,314.22,8,1200,25.1,Medium,1893.15
Telangana,Tropical Dry,Regenerative Agriculture,294.02,10,950,24.0,Low,341.66
Arunachal Pradesh,Subtropical,Reforestation,286.45,1,2800,79.3,High,2754.83
Meghalaya,Tropical Wet,Afforestation,436.4,6,2800,76.3,High,5457.33
Jharkhand,Humid Subtropical,Regenerative Agriculture,56.82,1,1300,29.6,Medium,50.6
Mizoram,Tropical Wet,Afforestation,170.61,7,2500,84.5,High,2219.03
Punjab,Humid Subtropical,Reforestation,167.74,5,700,3.6,Medium,508.67
Sikkim,Subtropical,Reforestation,107.74,2,2700,47.3,High,1152.66
Kerala,Tropical Wet,Reforestation,41.63,7,3000,52.3,High,836.16
Haryana,Humid Subtropical,Regenerative Agriculture,162.2,10,600,3.6,Low,161.01
Jharkhand,Humid Subtropical,Regenerative Agriculture,111.63,9,1300,29.6,Medium,213.2
Assam,Tropical Wet,Regenerative Agriculture,285.43,6,2700,34.2,Medium,1115.42
Tamil Nadu,Tropical Dry,Reforestation,347.13,4,1000,17.4,Medium,1178.87
Andhra Pradesh,Tropical Dry,Afforestation,457.59,10,900,23.0,Low,1402.93
Haryana,Humid Subtropical,Reforestation,58.68,4,600,3.6,Low,145.21
Assam,Tropical Wet,Regenerative Agriculture,288.88,9,2700,34.2,Medium,1378.55
Chhattisgarh,Humid Subtropical,Reforestation,256.26,2,1400,41.1,Medium,1116.08
Andhra Pradesh,Tropical Dry,Reforestation,270.39,6,900,23.0,Low,825.24
Assam,Tropical Wet,Regenerative Agriculture,223.39,9,2700,34.2,Medium,1048.64
Jharkhand,Humid Subtropical,Reforestation,395.9,5,1300,29.6,Medium,2047.78
Andhra Pradesh,Tropical Dry,Regenerative Agriculture,198.21,9,900,23.0,Low,195.06
West Bengal,Humid Subtropical,Reforestation,337.97,4,1750,18.9,Medium,2165.72
Manipur,Subtropical,Reforestation,314.67,2,1500,74.3,Medium,1646.53
Uttar Pradesh,Humid Subtropical,Reforestation,39.46,4,1000,6.1,Medium,157.4
Karnataka,Tropical Dry,Afforestation,274.1,10,1300,20.1,Medium,1415.71
Manipur,Subtropical,Reforestation,158.97,1,1500,74.3,Medium,782.9
Mizoram,Tropical Wet,Reforestation,59.06,8,2500,84.5,High,1186.6
West Bengal,Humid Subtropical,Regenerative Agriculture,203.3,4,1750,18.9,Medium,363.71
Maharashtra,Tropical Dry,Regenerative Agriculture,283.19,8,1100,16.5,Medium,383.73
Goa,Tropical Wet,Reforestation,169.88,5,2900,60.0,High,3036.93
Manipur,Subtropical,Reforestation,204.19,1,1500,74.3,Medium,908.24
Tripura,Tropical Wet,Reforestation,35.12,3,2200,73.7,Medium,358.45
Meghalaya,Tropical Wet,Afforestation,105.45,4,2800,76.3,High,1091.9
Manipur,Subtropical,Regenerative Agriculture,199.51,9,1500,74.3,Medium,480.58
Nagaland,Tropical Wet,Afforestation,125.64,3,2000,73.9,High,927.29
Andhra Pradesh,Tropical Dry,Regenerative Agriculture,71.03,10,900,23.0,Low,77.72
Odisha,Humid Subtropical,Afforestation,266.54,1,1500,33.2,Medium,810.03
Tamil Nadu,Tropical Dry,Regenerative Agriculture,262.65,1,1000,17.4,Medium,172.88
Arunachal Pradesh,Subtropical,Afforestation,68.92,10,2800,79.3,High,944.48
Odisha,Humid Subtropical,Afforestation,151.9,8,1500,33.2,Medium,855.63
Uttarakhand,Subtropical,Regenerative Agriculture,206.66,3,1800,45.4,High,434.46
Sikkim,Subtropical,Afforestation,38.68,2,2700,47.3,High,284.47
Tripura,Tropical Wet,Reforestation,327.17,7,2200,73.7,Medium,4475.37
Uttar Pradesh,Humid Subtropical,Reforestation,231.69,10,1000,6.1,Medium,1377.88
Himachal Pradesh,Subtropical,Afforestation,369.37,10,1600,27.1,Medium,2797.49
Rajasthan,Arid,Regenerative Agriculture,105.85,10,500,4.8,Very Low,42.01
Meghalaya,Tropical Wet,Afforestation,186.18,6,2800,76.3,High,2389.08
Madhya Pradesh,Humid Subtropical,Regenerative Agriculture,273.22,4,1200,25.1,Medium,304.2
Bihar,Humid Subtropical,Reforestation,17.05,2,1100,7.7,Medium,53.36
Mizoram,Tropical Wet,Regenerative Agriculture,68.76,5,2500,84.5,High,263.72
Meghalaya,Tropical Wet,Regenerative Agriculture,120.27,7,2800,76.3,High,596.44
Maharashtra,Tropical Dry,Afforestation,490.7,9,1100,16.5,Medium,2013.84
Maharashtra,Tropical Dry,Afforestation,51.94,10,1100,16.5,Medium,234.69
Telangana,Tropical Dry,Afforestation,309.63,7,950,24.0,Low,779.09
Uttar Pradesh,Humid Subtropical,Reforestation,328.96,7,1000,6.1,Medium,1510.51
Odisha,Humid Subtropical,Regenerative Agriculture,46.63,1,1500,33.2,Medium,50.21
Goa,Tropical Wet,Afforestation,120.62,7,2900,60.0,High,1637.86
Arunachal Pradesh,Subtropical,Regenerative Agriculture,254.95,10,2800,79.3,High,1311.68
Tamil Nadu,Tropical Dry,Afforestation,449.79,5,1000,17.4,Medium,1281.28
Meghalaya,Tropical Wet,Afforestation,325.77,2,2800,76.3,High,2875.56
Arunachal Pradesh,Subtropical,Afforestation,19.94,10,2800,79.3,High,293.68
Himachal Pradesh,Subtropical,Afforestation,29.76,6,1600,27.1,Medium,168.43
Nagaland,Tropical Wet,Regenerative Agriculture,104.64,3,2000,73.9,High,246.87
Arunachal Pradesh,Subtropical,Reforestation,26.23,2,2800,79.3,High,292.77
Meghalaya,Tropical Wet,Reforestation,373.0,3,2800,76.3,High,5291.15
Telangana,Tropical Dry,Regenerative Agriculture,151.02,7,950,24.0,Low,142.44
Jharkhand,Humid Subtropical,Reforestation,146.32,9,1300,29.6,Medium,1010.44
Manipur,Subtropical,Afforestation,71.71,5,1500,74.3,Medium,360.38
Assam,Tropical Wet,Regenerative Agriculture,37.74,6,2700,34.2,Medium,141.67
Tamil Nadu,Tropical Dry,Reforestation,168.38,4,1000,17.4,Medium,562.43
Maharashtra,Tropical Dry,Regenerative Agriculture,103.92,5,1100,16.5,Medium,113.99
Telangana,Tropical Dry,Afforestation,98.1,7,950,24.0,Low,263.85
Chhattisgarh,Humid Subtropical,Afforestation,441.11,6,1400,41.1,Medium,2062.91
Telangana,Tropical Dry,Afforestation,416.72,4,950,24.0,Low,848.23
Karnataka,Tropical Dry,Reforestation,226.13,6,1300,20.1,Medium,1200.25
Nagaland,Tropical Wet,Regenerative Agriculture,51.77,8,2000,73.9,High,203.51
Jharkhand,Humid Subtropical,Reforestation,256.08,4,1300,29.6,Medium,1219.0
Haryana,Humid Subtropical,Afforestation,312.99,6,600,3.6,Low,856.41
Manipur,Subtropical,Afforestation,243.27,9,1500,74.3,Medium,1671.83
Goa,Tropical Wet,Reforestation,121.78,8,2900,60.0,High,2711.14
Meghalaya,Tropical Wet,Regenerative Agriculture,129.91,2,2800,76.3,High,406.09
Punjab,Humid Subtropical,Afforestation,136.39,6,700,3.6,Medium,397.79
Telangana,Tropical Dry,Afforestation,301.57,3,950,24.0,Low,533.39
Odisha,Humid Subtropical,Regenerative Agriculture,113.26,6,1500,33.2,Medium,204.92
Tamil Nadu,Tropical Dry,Regenerative Agriculture,177.08,10,1000,17.4,Medium,255.67
Nagaland,Tropical Wet,Regenerative Agriculture,130.06,2,2000,73.9,High,300.76
Punjab,Humid Subtropical,Reforestation,216.47,4,700,3.6,Medium,619.12
Uttar Pradesh,Humid Subtropical,Regenerative Agriculture,233.75,9,1000,6.1,Medium,336.93
Meghalaya,Tropical Wet,Afforestation,241.85,10,2800,76.3,High,3963.83
Mizoram,Tropical Wet,Afforestation,161.23,1,2500,84.5,High,1181.48
Rajasthan,Arid,Regenerative Agriculture,215.26,5,500,4.8,Very Low,58.36
West Bengal,Humid Subtropical,Regenerative Agriculture,26.19,5,1750,18.9,Medium,49.34
Rajasthan,Arid,Afforestation,276.03,10,500,4.8,Very Low,361.43
Gujarat,Arid,Reforestation,345.59,1,800,7.6,Low,275.79
Uttarakhand,Subtropical,Reforestation,274.3,8,1800,45.4,High,3604.05
Rajasthan,Arid,Afforestation,456.82,9,500,4.8,Very Low,566.41
Chhattisgarh,Humid Subtropical,Regenerative Agriculture,253.8,8,1400,41.1,Medium,493.82
Maharashtra,Tropical Dry,Afforestation,271.02,5,1100,16.5,Medium,862.64
Madhya Pradesh,Humid Subtropical,Regenerative Agriculture,96.11,3,1200,25.1,Medium,101.63
Rajasthan,Arid,Regenerative Agriculture,212.95,10,500,4.8,Very Low,79.15
Bihar,Humid Subtropical,Afforestation,393.16,7,1100,7.7,Medium,1802.15
Himachal Pradesh,Subtropical,Afforestation,27.44,5,1600,27.1,Medium,147.12
Tripura,Tropical Wet,Afforestation,18.84,10,2200,73.7,Medium,235.41
Maharashtra,Tropical Dry,Afforestation,239.64,1,1100,16.5,Medium,477.9
Uttar Pradesh,Humid Subtropical,Reforestation,397.8,5,1000,6.1,Medium,1615.69
Bihar,Humid Subtropical,Reforestation,271.07,6,1100,7.7,Medium,1350.75
Sikkim,Subtropical,Afforestation,186.48,8,2700,47.3,High,2293.61
Arunachal Pradesh,Subtropical,Regenerative Agriculture,215.22,10,2800,79.3,High,1062.02
Tripura,Tropical Wet,Afforestation,82.77,9,2200,73.7,Medium,909.02
Himachal Pradesh,Subtropical,Afforestation,89.76,7,1600,27.1,Medium,563.22
Madhya Pradesh,Humid Subtropical,Afforestation,218.94,10,1200,25.1,Medium,1222.62
West Bengal,Humid Subtropical,Afforestation,343.22,8,1750,18.9,Medium,2317.26
Jharkhand,Humid Subtropical,Regenerative Agriculture,33.0,3,1300,29.6,Medium,39.96
Jharkhand,Humid Subtropical,Reforestation,139.7,4,1300,29.6,Medium,676.96
Madhya Pradesh,Humid Subtropical,Reforestation,353.07,8,1200,25.1,Medium,2138.54
Odisha,Humid Subtropical,Regenerative Agriculture,180.48,4,1500,33.2,Medium,268.36
Nagaland,Tropical Wet,Regenerative Agriculture,115.23,1,2000,73.9,High,226.63
Telangana,Tropical Dry,Regenerative Agriculture,110.2,4,950,24.0,Low,75.96
West Bengal,Humid Subtropical,Regenerative Agriculture,249.32,5,1750,18.9,Medium,476.98
Jharkhand,Humid Subtropical,Regenerative Agriculture,91.36,5,1300,29.6,Medium,127.72
Tamil Nadu,Tropical Dry,Afforestation,164.14,9,1000,17.4,Medium,615.81
Assam,Tropical Wet,Regenerative Agriculture,84.23,3,2700,34.2,Medium,253.45
Arunachal Pradesh,Subtropical,Afforestation,141.33,5,2800,79.3,High,1399.06
Uttar Pradesh,Humid Subtropical,Reforestation,76.08,3,1000,6.1,Medium,246.98
Karnataka,Tropical Dry,Regenerative Agriculture,141.75,7,1300,20.1,Medium,213.74
Mizoram,Tropical Wet,Regenerative Agriculture,202.87,3,2500,84.5,High,672.83
Haryana,Humid Subtropical,Regenerative Agriculture,222.36,8,600,3.6,Low,206.39
West Bengal,Humid Subtropical,Regenerative Agriculture,161.25,9,1750,18.9,Medium,413.47
Sikkim,Subtropical,Reforestation,170.04,10,2700,47.3,High,3697.99
Tamil Nadu,Tropical Dry,Afforestation,209.93,9,1000,17.4,Medium,788.89
Odisha,Humid Subtropical,Afforestation,85.86,9,1500,33.2,Medium,545.84
Kerala,Tropical Wet,Reforestation,55.85,8,3000,52.3,High,1182.16
Nagaland,Tropical Wet,Reforestation,52.62,5,2000,73.9,High,689.72
Arunachal Pradesh,Subtropical,Reforestation,322.91,9,2800,79.3,High,6296.93
Haryana,Humid Subtropical,Reforestation,124.13,3,600,3.6,Low,269.2
Kerala,Tropical Wet,Reforestation,172.56,3,3000,52.3,High,2404.89
Andhra Pradesh,Tropical Dry,Regenerative Agriculture,284.38,10,900,23.0,Low,301.99
Mizoram,Tropical Wet,Afforestation,281.21,1,2500,84.5,High,2159.54
Goa,Tropical Wet,Afforestation,464.33,1,2900,60.0,High,3478.72
Andhra Pradesh,Tropical Dry,Regenerative Agriculture,288.41,2,900,23.0,Low,163.97
Goa,Tropical Wet,Afforestation,229.97,4,2900,60.0,High,2429.68
Rajasthan,Arid,Reforestation,181.98,6,500,4.8,Very Low,200.85
Manipur,Subtropical,Regenerative Agriculture,270.15,3,1500,74.3,Medium,418.45
Nagaland,Tropical Wet,Afforestation,96.97,7,2000,73.9,High,1080.46
Arunachal Pradesh,Subtropical,Reforestation,39.49,10,2800,79.3,High,818.07
Goa,Tropical Wet,Regenerative Agriculture,22.72,10,2900,60.0,High,128.66
Manipur,Subtropical,Afforestation,271.53,5,1500,74.3,Medium,1434.31
Manipur,Subtropical,Reforestation,48.47,5,1500,74.3,Medium,343.13
Tripura,Tropical Wet,Reforestation,216.65,10,2200,73.7,Medium,3709.19
West Bengal,Humid Subtropical,Reforestation,17.28,10,1750,18.9,Medium,179.03
Meghalaya,Tropical Wet,Regenerative Agriculture,178.89,4,2800,76.3,High,648.4
Karnataka,Tropical Dry,Reforestation,256.59,6,1300,20.1,Medium,1237.74
Jharkhand,Humid Subtropical,Afforestation,138.69,5,1300,29.6,Medium,537.27
Mizoram,Tropical Wet,Reforestation,209.84,2,2500,84.5,High,2586.66
Chhattisgarh,Humid Subtropical,Afforestation,373.93,3,1400,41.1,Medium,1339.56
Haryana,Humid Subtropical,Afforestation,451.33,4,600,3.6,Low,1029.93
Sikkim,Subtropical,Afforestation,353.37,1,2700,47.3,High,2438.48
Odisha,Humid Subtropical,Reforestation,124.38,8,1500,33.2,Medium,1078.1
Tamil Nadu,Tropical Dry,Afforestation,491.22,2,1000,17.4,Medium,1073.59
Punjab,Humid Subtropical,Reforestation,181.26,2,700,3.6,Medium,455.65
Manipur,Subtropical,Afforestation,83.28,3,1500,74.3,Medium,355.74
Manipur,Subtropical,Reforestation,302.95,6,1500,74.3,Medium,2390.92
Sikkim,Subtropical,Reforestation,335.36,6,2700,47.3,High,5215.91
Odisha,Humid Subtropical,Regenerative Agriculture,66.92,7,1500,33.2,Medium,128.82
Himachal Pradesh,Subtropical,Reforestation,273.48,9,1600,27.1,Medium,2632.98
Madhya Pradesh,Humid Subtropical,Afforestation,22.89,5,1200,25.1,Medium,80.8
Gujarat,Arid,Afforestation,93.37,5,800,7.6,Low,102.12
Bihar,Humid Subtropical,Regenerative Agriculture,212.91,10,1100,7.7,Medium,373.77
Mizoram,Tropical Wet,Afforestation,146.5,10,2500,84.5,High,2318.08
Madhya Pradesh,Humid Subtropical,Afforestation,223.57,8,1200,25.1,Medium,1069.64
Punjab,Humid Subtropical,Afforestation,67.35,5,700,3.6,Medium,189.01
Uttarakhand,Subtropical,Afforestation,259.52,10,1800,45.4,High,2517.85
Uttar Pradesh,Humid Subtropical,Reforestation,207.63,2,1000,6.1,Medium,622.25
Manipur,Subtropical,Reforestation,200.1,2,1500,74.3,Medium,1046.76
Bihar,Humid Subtropical,Reforestation,304.83,4,1100,7.7,Medium,1293.12
Maharashtra,Tropical Dry,Reforestation,62.32,7,1100,16.5,Medium,291.05
Uttarakhand,Subtropical,Regenerative Agriculture,254.49,1,1800,45.4,High,400.96
Himachal Pradesh,Subtropical,Regenerative Agriculture,175.23,3,1600,27.1,Medium,271.14
Tripura,Tropical Wet,Afforestation,317.39,6,2200,73.7,Medium,2938.95
Andhra Pradesh,Tropical Dry,Afforestation,271.78,8,900,23.0,Low,747.28
Kerala,Tropical Wet,Afforestation,178.09,8,3000,52.3,High,2631.57
Rajasthan,Arid,Regenerative Agriculture,96.09,5,500,4.8,Very Low,27.8
Maharashtra,Tropical Dry,Reforestation,316.58,9,1100,16.5,Medium,1776.15
Jharkhand,Humid Subtropical,Reforestation,22.33,2,1300,29.6,Medium,87.79
Mizoram,Tropical Wet,Regenerative Agriculture,156.05,9,2500,84.5,High,813.84
Sikkim,Subtropical,Reforestation,206.21,1,2700,47.3,High,1976.0
Karnataka,Tropical Dry,Reforestation,62.87,7,1300,20.1,Medium,371.32
Gujarat,Arid,Afforestation,232.57,10,800,7.6,Low,348.85
Chhattisgarh,Humid Subtropical,Reforestation,252.02,5,1400,41.1,Medium,1642.35
Punjab,Humid Subtropical,Reforestation,368.08,2,700,3.6,Medium,832.51
Mizoram,Tropical Wet,Regenerative Agriculture,277.77,10,2500,84.5,High,1467.48
Odisha,Humid Subtropical,Reforestation,38.45,9,1500,33.2,Medium,351.35
Himachal Pradesh,Subtropical,Reforestation,335.24,8,1600,27.1,Medium,2948.77
Karnataka,Tropical Dry,Regenerative Agriculture,100.01,1,1300,20.1,Medium,83.72
Punjab,Humid Subtropical,Afforestation,472.25,9,700,3.6,Medium,1772.61
Assam,Tropical Wet,Reforestation,248.59,8,2700,34.2,Medium,4466.59
Telangana,Tropical Dry,Afforestation,82.4,2,950,24.0,Low,142.02
Gujarat,Arid,Reforestation,98.02,8,800,7.6,Low,157.35
Sikkim,Subtropical,Afforestation,487.59,1,2700,47.3,High,3168.2
Jharkhand,Humid Subtropical,Regenerative Agriculture,252.56,9,1300,29.6,Medium,479.82
Uttarakhand,Subtropical,Afforestation,87.18,1,1800,45.4,High,393.57
Andhra Pradesh,Tropical Dry,Afforestation,121.44,2,900,23.0,Low,198.96
Nagaland,Tropical Wet,Regenerative Agriculture,65.78,2,2000,73.9,High,150.98
Maharashtra,Tropical Dry,Afforestation,163.55,4,1100,16.5,Medium,463.92
Haryana,Humid Subtropical,Afforestation,433.15,6,600,3.6,Low,1112.14
Manipur,Subtropical,Reforestation,332.77,10,1500,74.3,Medium,3542.43
Uttar Pradesh,Humid Subtropical,Afforestation,144.53,7,1000,6.1,Medium,599.89
Mizoram,Tropical Wet,Afforestation,168.12,10,2500,84.5,High,2699.11
Bihar,Humid Subtropical,Afforestation,114.99,10,1100,7.7,Medium,631.39
West Bengal,Humid Subtropical,Afforestation,330.74,5,1750,18.9,Medium,1818.7
Jharkhand,Humid Subtropical,Afforestation,334.15,5,1300,29.6,Medium,1283.6
Bihar,Humid Subtropical,Regenerative Agriculture,167.1,4,1100,7.7,Medium,181.9
Himachal Pradesh,Subtropical,Afforestation,203.05,4,1600,27.1,Medium,1013.53
Haryana,Humid Subtropical,Reforestation,279.64,8,600,3.6,Low,940.67
Haryana,Humid Subtropical,Afforestation,379.89,9,600,3.6,Low,1219.63
Telangana,Tropical Dry,Regenerative Agriculture,115.93,2,950,24.0,Low,71.25
Madhya Pradesh,Humid Subtropical,Afforestation,234.74,3,1200,25.1,Medium,732.08
Haryana,Humid Subtropical,Regenerative Agriculture,156.9,5,600,3.6,Low,121.48
Rajasthan,Arid,Afforestation,193.22,4,500,4.8,Very Low,167.73
Jharkhand,Humid Subtropical,Regenerative Agriculture,190.86,1,1300,29.6,Medium,176.82
Uttarakhand,Subtropical,Afforestation,207.13,9,1800,45.4,High,2091.9
Nagaland,Tropical Wet,Reforestation,191.44,3,2000,73.9,High,2060.8
Kerala,Tropical Wet,Afforestation,134.19,6,3000,52.3,High,1712.94
Manipur,Subtropical,Regenerative Agriculture,262.11,7,1500,74.3,Medium,536.78
Assam,Tropical Wet,Regenerative Agriculture,157.7,9,2700,34.2,Medium,786.97
Tripura,Tropical Wet,Afforestation,30.33,4,2200,73.7,Medium,239.43
Chhattisgarh,Humid Subtropical,Reforestation,155.1,9,1400,41.1,Medium,1297.33
Arunachal Pradesh,Subtropical,Reforestation,340.76,10,2800,79.3,High,6972.4
Kerala,Tropical Wet,Reforestation,136.77,6,3000,52.3,High,2376.16
Karnataka,Tropical Dry,Regenerative Agriculture,149.5,5,1300,20.1,Medium,181.07
Haryana,Humid Subtropical,Reforestation,213.94,10,600,3.6,Low,823.07
Bihar,Humid Subtropical,Reforestation,398.91,1,1100,7.7,Medium,1153.94
Madhya Pradesh,Humid Subtropical,Reforestation,377.53,7,1200,25.1,Medium,2103.35
Tripura,Tropical Wet,Regenerative Agriculture,256.54,8,2200,73.7,Medium,955.59
Tripura,Tropical Wet,Reforestation,112.56,9,2200,73.7,Medium,1857.46
Mizoram,Tropical Wet,Regenerative Agriculture,157.56,8,2500,84.5,High,796.86
Tripura,Tropical Wet,Reforestation,316.91,7,2200,73.7,Medium,4764.22
Rajasthan,Arid,Reforestation,302.88,10,500,4.8,Very Low,456.66
Rajasthan,Arid,Afforestation,316.26,6,500,4.8,Very Low,298.55
Arunachal Pradesh,Subtropical,Afforestation,249.06,8,2800,79.3,High,3333.24
Maharashtra,Tropical Dry,Regenerative Agriculture,40.35,4,1100,16.5,Medium,39.19
Punjab,Humid Subtropical,Reforestation,160.61,8,700,3.6,Medium,648.13
Nagaland,Tropical Wet,Regenerative Agriculture,100.67,10,2000,73.9,High,446.69
Odisha,Humid Subtropical,Afforestation,401.84,6,1500,33.2,Medium,1949.3
Mizoram,Tropical Wet,Afforestation,361.53,7,2500,84.5,High,4905.89
Himachal Pradesh,Subtropical,Regenerative Agriculture,17.34,8,1600,27.1,Medium,41.78
Telangana,Tropical Dry,Regenerative Agriculture,194.95,7,950,24.0,Low,192.04
Rajasthan,Arid,Afforestation,447.57,10,500,4.8,Very Low,569.1
Uttarakhand,Subtropical,Regenerative Agriculture,208.33,7,1800,45.4,High,596.61
Uttar Pradesh,Humid Subtropical,Reforestation,313.99,1,1000,6.1,Medium,876.0
Andhra Pradesh,Tropical Dry,Reforestation,197.91,2,900,23.0,Low,414.0
Tamil Nadu,Tropical Dry,Afforestation,25.37,5,1000,17.4,Medium,72.55
Odisha,Humid Subtropical,Reforestation,173.25,9,1500,33.2,Medium,1523.83
Goa,Tropical Wet,Reforestation,330.05,4,2900,60.0,High,5189.69
Rajasthan,Arid,Regenerative Agriculture,198.55,5,500,4.8,Very Low,52.68
Goa,Tropical Wet,Afforestation,63.03,3,2900,60.0,High,597.93
Gujarat,Arid,Afforestation,480.41,10,800,7.6,Low,745.56
Kerala,Tropical Wet,Afforestation,149.96,7,3000,52.3,High,2076.07
Gujarat,Arid,Afforestation,24.84,1,800,7.6,Low,17.42
Chhattisgarh,Humid Subtropical,Regenerative Agriculture,240.39,8,1400,41.1,Medium,447.29
Rajasthan,Arid,Regenerative Agriculture,131.65,9,500,4.8,Very Low,49.0
Goa,Tropical Wet,Afforestation,363.24,3,2900,60.0,High,3449.59
Rajasthan,Arid,Afforestation,162.31,1,500,4.8,Very Low,97.42
West Bengal,Humid Subtropical,Reforestation,384.57,3,1750,18.9,Medium,2281.32
Gujarat,Arid,Afforestation,212.47,7,800,7.6,Low,251.68
Gujarat,Arid,Reforestation,284.81,6,800,7.6,Low,390.15
Manipur,Subtropical,Regenerative Agriculture,176.99,5,1500,74.3,Medium,325.32
Meghalaya,Tropical Wet,Regenerative Agriculture,11.92,6,2800,76.3,High,53.51
Odisha,Humid Subtropical,Regenerative Agriculture,273.68,8,1500,33.2,Medium,565.75
Tamil Nadu,Tropical Dry,Regenerative Agriculture,120.8,8,1000,17.4,Medium,154.24
Assam,Tropical Wet,Reforestation,188.79,6,2700,34.2,Medium,2868.44
Jharkhand,Humid Subtropical,Reforestation,52.94,4,1300,29.6,Medium,251.71
Haryana,Humid Subtropical,Regenerative Agriculture,138.96,10,600,3.6,Low,143.51
Uttar Pradesh,Humid Subtropical,Regenerative Agriculture,104.9,5,1000,6.1,Medium,114.42
Telangana,Tropical Dry,Reforestation,282.76,3,950,24.0,Low,671.49
Gujarat,Arid,Reforestation,187.47,5,800,7.6,Low,234.54
Madhya Pradesh,Humid Subtropical,Reforestation,133.45,8,1200,25.1,Medium,852.13
Himachal Pradesh,Subtropical,Afforestation,387.7,3,1600,27.1,Medium,1690.18
Chhattisgarh,Humid Subtropical,Reforestation,80.09,9,1400,41.1,Medium,651.69
Himachal Pradesh,Subtropical,Regenerative Agriculture,207.78,8,1600,27.1,Medium,478.82
Uttarakhand,Subtropical,Afforestation,31.93,5,1800,45.4,High,221.45
Arunachal Pradesh,Subtropical,Reforestation,275.82,7,2800,79.3,High,4719.42
Uttarakhand,Subtropical,Regenerative Agriculture,27.6,8,1800,45.4,High,81.29
Odisha,Humid Subtropical,Afforestation,21.62,6,1500,33.2,Medium,105.27
Uttarakhand,Subtropical,Afforestation,261.56,5,1800,45.4,High,1794.32
Tamil Nadu,Tropical Dry,Afforestation,368.83,4,1000,17.4,Medium,951.14
Telangana,Tropical Dry,Reforestation,256.2,2,950,24.0,Low,614.65
Arunachal Pradesh,Subtropical,Afforestation,286.89,6,2800,79.3,High,3197.23
Jharkhand,Humid Subtropical,Afforestation,439.1,6,1300,29.6,Medium,1859.21
Kerala,Tropical Wet,Afforestation,252.58,8,3000,52.3,High,3731.34
Odisha,Humid Subtropical,Afforestation,97.96,10,1500,33.2,Medium,666.75
Tripura,Tropical Wet,Regenerative Agriculture,84.27,5,2200,73.7,Medium,254.22
Nagaland,Tropical Wet,Regenerative Agriculture,168.73,10,2000,73.9,High,739.73
Odisha,Humid Subtropical,Regenerative Agriculture,114.12,4,1500,33.2,Medium,169.35
Arunachal Pradesh,Subtropical,Regenerative Agriculture,265.98,2,2800,79.3,High,694.31
Bihar,Humid Subtropical,Afforestation,488.91,3,1100,7.7,Medium,1591.33
Tripura,Tropical Wet,Reforestation,145.02,8,2200,73.7,Medium,2190.56
Kerala,Tropical Wet,Regenerative Agriculture,161.38,9,3000,52.3,High,848.73
Mizoram,Tropical Wet,Afforestation,363.83,5,2500,84.5,High,4305.44
Andhra Pradesh,Tropical Dry,Afforestation,443.26,9,900,23.0,Low,1304.47
Odisha,Humid Subtropical,Regenerative Agriculture,22.2,4,1500,33.2,Medium,32.47
Bihar,Humid Subtropical,Regenerative Agriculture,38.15,10,1100,7.7,Medium,66.12
Maharashtra,Tropical Dry,Regenerative Agriculture,247.55,10,1100,16.5,Medium,377.62
Maharashtra,Tropical Dry,Reforestation,279.41,7,1100,16.5,Medium,1335.6
Manipur,Subtropical,Afforestation,215.43,8,1500,74.3,Medium,1387.25
Madhya Pradesh,Humid Subtropical,Reforestation,238.83,7,1200,25.1,Medium,1378.84
Maharashtra,Tropical Dry,Reforestation,34.27,8,1100,16.5,Medium,189.05
Manipur,Subtropical,Reforestation,370.21,4,1500,74.3,Medium,2440.08
Sikkim,Subtropical,Regenerative Agriculture,93.69,7,2700,47.3,High,395.16
Tripura,Tropical Wet,Regenerative Agriculture,274.18,3,2200,73.7,Medium,716.5
Rajasthan,Arid,Reforestation,145.57,5,500,4.8,Very Low,153.3
Bihar,Humid Subtropical,Regenerative Agriculture,7.39,6,1100,7.7,Medium,9.26
Sikkim,Subtropical,Regenerative Agriculture,11.66,10,2700,47.3,High,59.22
Sikkim,Subtropical,Regenerative Agriculture,54.3,6,2700,47.3,High,205.12
Sikkim,Subtropical,Afforestation,36.59,7,2700,47.3,High,414.77
Jharkhand,Humid Subtropical,Afforestation,39.06,7,1300,29.6,Medium,183.38
Uttarakhand,Subtropical,Afforestation,324.28,2,1800,45.4,High,1685.59
Rajasthan,Arid,Regenerative Agriculture,277.68,7,500,4.8,Very Low,84.67
Goa,Tropical Wet,Regenerative Agriculture,115.7,9,2900,60.0,High,623.4
Haryana,Humid Subtropical,Reforestation,37.91,5,600,3.6,Low,107.16
Arunachal Pradesh,Subtropical,Regenerative Agriculture,109.5,9,2800,79.3,High,501.2
Rajasthan,Arid,Reforestation,294.34,6,500,4.8,Very Low,318.42
Bihar,Humid Subtropical,Reforestation,163.54,7,1100,7.7,Medium,884.07
Arunachal Pradesh,Subtropical,Afforestation,83.95,9,2800,79.3,High,1201.77
Assam,Tropical Wet,Reforestation,71.35,8,2700,34.2,Medium,1303.25
Jharkhand,Humid Subtropical,Regenerative Agriculture,262.03,1,1300,29.6,Medium,245.8
Kerala,Tropical Wet,Regenerative Agriculture,27.38,10,3000,52.3,High,167.01
Karnataka,Tropical Dry,Reforestation,371.43,4,1300,20.1,Medium,1619.64
Mizoram,Tropical Wet,Afforestation,419.3,6,2500,84.5,High,5036.6
Kerala,Tropical Wet,Regenerative Agriculture,98.16,5,3000,52.3,High,407.06
Uttarakhand,Subtropical,Regenerative Agriculture,264.67,9,1800,45.4,High,903.52
Meghalaya,Tropical Wet,Reforestation,18.0,3,2800,76.3,High,244.85
Bihar,Humid Subtropical,Regenerative Agriculture,29.29,7,1100,7.7,Medium,40.86
Assam,Tropical Wet,Regenerative Agriculture,92.34,5,2700,34.2,Medium,301.45
Rajasthan,Arid,Reforestation,335.32,5,500,4.8,Very Low,330.92
Andhra Pradesh,Tropical Dry,Regenerative Agriculture,142.09,8,900,23.0,Low,135.5
Mizoram,Tropical Wet,Regenerative Agriculture,222.13,1,2500,84.5,High,564.24
Tripura,Tropical Wet,Reforestation,249.46,6,2200,73.7,Medium,3145.48
Meghalaya,Tropical Wet,Afforestation,40.2,2,2800,76.3,High,359.76
Andhra Pradesh,Tropical Dry,Reforestation,262.29,2,900,23.0,Low,572.09
Sikkim,Subtropical,Reforestation,167.26,10,2700,47.3,High,3520.82
West Bengal,Humid Subtropical,Reforestation,43.78,2,1750,18.9,Medium,229.99
Mizoram,Tropical Wet,Afforestation,475.04,7,2500,84.5,High,6136.26
Kerala,Tropical Wet,Regenerative Agriculture,183.21,9,3000,52.3,High,987.65
Tripura,Tropical Wet,Regenerative Agriculture,25.42,4,2200,73.7,Medium,67.45
Telangana,Tropical Dry,Reforestation,143.64,5,950,24.0,Low,409.61
Punjab,Humid Subtropical,Regenerative Agriculture,14.86,10,700,3.6,Medium,17.76
Arunachal Pradesh,Subtropical,Reforestation,374.03,5,2800,79.3,High,5630.89
Kerala,Tropical Wet,Reforestation,120.92,10,3000,52.3,High,2988.13
Himachal Pradesh,Subtropical,Afforestation,348.44,5,1600,27.1,Medium,1967.63
West Bengal,Humid Subtropical,Reforestation,254.02,10,1750,18.9,Medium,2564.33
Himachal Pradesh,Subtropical,Reforestation,350.64,7,1600,27.1,Medium,3004.8
Goa,Tropical Wet,Afforestation,35.15,6,2900,60.0,High,464.13
Sikkim,Subtropical,Reforestation,34.58,10,2700,47.3,High,696.43
Madhya Pradesh,Humid Subtropical,Reforestation,144.83,5,1200,25.1,Medium,697.11
Haryana,Humid Subtropical,Regenerative Agriculture,124.94,6,600,3.6,Low,96.04
Odisha,Humid Subtropical,Afforestation,260.0,8,1500,33.2,Medium,1543.58
Nagaland,Tropical Wet,Afforestation,85.12,10,2000,73.9,High,1066.79
Madhya Pradesh,Humid Subtropical,Reforestation,36.19,9,1200,25.1,Medium,246.21
Bihar,Humid Subtropical,Reforestation,203.74,9,1100,7.7,Medium,1220.32
Mizoram,Tropical Wet,Regenerative Agriculture,245.08,3,2500,84.5,High,786.16
Maharashtra,Tropical Dry,Afforestation,239.1,5,1100,16.5,Medium,726.36
Haryana,Humid Subtropical,Regenerative Agriculture,35.79,1,600,3.6,Low,17.48
Nagaland,Tropical Wet,Reforestation,293.09,7,2000,73.9,High,4574.22
Haryana,Humid Subtropical,Afforestation,146.59,3,600,3.6,Low,305.24
Meghalaya,Tropical Wet,Regenerative Agriculture,241.88,6,2800,76.3,High,1055.93
Sikkim,Subtropical,Regenerative Agriculture,298.39,8,2700,47.3,High,1338.19
Himachal Pradesh,Subtropical,Reforestation,270.95,7,1600,27.1,Medium,2182.52
Tamil Nadu,Tropical Dry,Regenerative Agriculture,241.24,6,1000,17.4,Medium,256.34
Arunachal Pradesh,Subtropical,Regenerative Agriculture,147.66,1,2800,79.3,High,337.71
Maharashtra,Tropical Dry,Reforestation,50.99,7,1100,16.5,Medium,252.34
Odisha,Humid Subtropical,Regenerative Agriculture,161.57,7,1500,33.2,Medium,296.13
Madhya Pradesh,Humid Subtropical,Afforestation,150.79,8,1200,25.1,Medium,700.03
Himachal Pradesh,Subtropical,Afforestation,461.68,10,1600,27.1,Medium,3611.01
Madhya Pradesh,Humid Subtropical,Regenerative Agriculture,194.29,2,1200,25.1,Medium,183.0
Assam,Tropical Wet,Regenerative Agriculture,110.95,8,2700,34.2,Medium,474.78
Bihar,Humid Subtropical,Afforestation,374.86,1,1100,7.7,Medium,987.56
Manipur,Subtropical,Reforestation,283.76,10,1500,74.3,Medium,3012.0
Bihar,Humid Subtropical,Afforestation,218.25,2,1100,7.7,Medium,592.48
Punjab,Humid Subtropical,Afforestation,21.75,9,700,3.6,Medium,82.98
Gujarat,Arid,Afforestation,481.55,10,800,7.6,Low,730.61
Meghalaya,Tropical Wet,Afforestation,419.43,1,2800,76.3,High,3127.91
Meghalaya,Tropical Wet,Reforestation,269.03,2,2800,76.3,High,3309.69
Manipur,Subtropical,Regenerative Agriculture,161.94,8,1500,74.3,Medium,366.1
Himachal Pradesh,Subtropical,Afforestation,107.85,4,1600,27.1,Medium,544.29
Gujarat,Arid,Reforestation,386.85,1,800,7.6,Low,323.76
Gujarat,Arid,Reforestation,207.49,2,800,7.6,Low,196.19
Maharashtra,Tropical Dry,Reforestation,200.07,5,1100,16.5,Medium,779.92
Nagaland,Tropical Wet,Afforestation,369.61,7,2000,73.9,High,3966.05
Gujarat,Arid,Afforestation,236.54,2,800,7.6,Low,187.73
Uttarakhand,Subtropical,Afforestation,137.71,5,1800,45.4,High,941.69
Haryana,Humid Subtropical,Regenerative Agriculture,225.71,5,600,3.6,Low,162.83
Nagaland,Tropical Wet,Regenerative Agriculture,183.36,7,2000,73.9,High,725.89
Meghalaya,Tropical Wet,Reforestation,310.76,6,2800,76.3,High,5742.8
Assam,Tropical Wet,Regenerative Agriculture,206.79,10,2700,34.2,Medium,1095.79
Rajasthan,Arid,Afforestation,467.06,5,500,4.8,Very Low,406.24
Arunachal Pradesh,Subtropical,Reforestation,204.36,3,2800,79.3,High,2402.51
Tamil Nadu,Tropical Dry,Reforestation,396.79,9,1000,17.4,Medium,1906.62
Jharkhand,Humid Subtropical,Afforestation,463.38,7,1300,29.6,Medium,2231.01
Himachal Pradesh,Subtropical,Reforestation,151.83,8,1600,27.1,Medium,1398.09
Punjab,Humid Subtropical,Reforestation,305.84,7,700,3.6,Medium,1177.75
Andhra Pradesh,Tropical Dry,Reforestation,82.62,8,900,23.0,Low,286.21
Manipur,Subtropical,Regenerative Agriculture,142.13,8,1500,74.3,Medium,306.65
Mizoram,Tropical Wet,Afforestation,350.86,9,2500,84.5,High,5277.18
Haryana,Humid Subtropical,Reforestation,310.83,4,600,3.6,Low,774.72
Kerala,Tropical Wet,Afforestation,48.62,4,3000,52.3,High,522.39
Rajasthan,Arid,Reforestation,29.68,9,500,4.8,Very Low,44.34
Kerala,Tropical Wet,Afforestation,170.45,3,3000,52.3,High,1681.1
Assam,Tropical Wet,Afforestation,394.59,8,2700,34.2,Medium,5114.34
Assam,Tropical Wet,Afforestation,396.94,7,2700,34.2,Medium,4624.0
Tripura,Tropical Wet,Reforestation,243.59,2,2200,73.7,Medium,2185.36
Gujarat,Arid,Reforestation,111.96,10,800,7.6,Low,200.38
Mizoram,Tropical Wet,Regenerative Agriculture,230.64,9,2500,84.5,High,1142.58
Assam,Tropical Wet,Regenerative Agriculture,192.73,10,2700,34.2,Medium,963.57
Madhya Pradesh,Humid Subtropical,Reforestation,198.04,3,1200,25.1,Medium,750.85
Kerala,Tropical Wet,Reforestation,172.6,7,3000,52.3,High,3563.77
Haryana,Humid Subtropical,Afforestation,305.78,6,600,3.6,Low,792.65
Bihar,Humid Subtropical,Regenerative Agriculture,237.24,4,1100,7.7,Medium,260.63
Tamil Nadu,Tropical Dry,Afforestation,343.5,1,1000,17.4,Medium,664.53
Gujarat,Arid,Regenerative Agriculture,285.13,5,800,7.6,Low,95.58
Gujarat,Arid,Reforestation,230.81,7,800,7.6,Low,339.8
Kerala,Tropical Wet,Afforestation,336.1,10,3000,52.3,High,5595.31
Tripura,Tropical Wet,Afforestation,325.44,5,2200,73.7,Medium,2760.32
Arunachal Pradesh,Subtropical,Afforestation,139.05,6,2800,79.3,High,1478.66
Goa,Tropical Wet,Afforestation,253.19,10,2900,60.0,High,4331.64
Sikkim,Subtropical,Reforestation,231.63,6,2700,47.3,High,3741.94
Mizoram,Tropical Wet,Regenerative Agriculture,203.65,10,2500,84.5,High,1119.14
Uttarakhand,Subtropical,Regenerative Agriculture,68.56,8,1800,45.4,High,206.23
Arunachal Pradesh,Subtropical,Regenerative Agriculture,217.08,4,2800,79.3,High,704.01
Karnataka,Tropical Dry,Reforestation,334.91,4,1300,20.1,Medium,1439.26
Karnataka,Tropical Dry,Regenerative Agriculture,144.7,5,1300,20.1,Medium,183.22
Meghalaya,Tropical Wet,Reforestation,365.45,4,2800,76.3,High,5749.1
Uttarakhand,Subtropical,Reforestation,26.71,8,1800,45.4,High,335.37
Chhattisgarh,Humid Subtropical,Reforestation,116.62,1,1400,41.1,Medium,500.4
Haryana,Humid Subtropical,Regenerative Agriculture,272.77,5,600,3.6,Low,200.06
Jharkhand,Humid Subtropical,Reforestation,105.21,2,1300,29.6,Medium,405.75
Himachal Pradesh,Subtropical,Afforestation,419.26,4,1600,27.1,Medium,2020.53
Jharkhand,Humid Subtropical,Afforestation,50.54,1,1300,29.6,Medium,131.68
Telangana,Tropical Dry,Afforestation,49.07,8,950,24.0,Low,134.19
Himachal Pradesh,Subtropical,Afforestation,76.05,2,1600,27.1,Medium,312.54
Haryana,Humid Subtropical,Reforestation,184.46,10,600,3.6,Low,677.6
Tamil Nadu,Tropical Dry,Regenerative Agriculture,223.83,7,1000,17.4,Medium,260.39
Mizoram,Tropical Wet,Afforestation,124.67,2,2500,84.5,High,1024.86
Goa,Tropical Wet,Reforestation,154.54,5,2900,60.0,High,2827.93
Rajasthan,Arid,Reforestation,57.21,5,500,4.8,Very Low,60.25
West Bengal,Humid Subtropical,Reforestation,374.01,9,1750,18.9,Medium,3352.29
Mizoram,Tropical Wet,Regenerative Agriculture,59.94,3,2500,84.5,High,187.01
Punjab,Humid Subtropical,Regenerative Agriculture,109.4,4,700,3.6,Medium,82.23
Tripura,Tropical Wet,Reforestation,365.28,3,2200,73.7,Medium,3617.77
Himachal Pradesh,Subtropical,Reforestation,275.03,7,1600,27.1,Medium,2308.42
Jharkhand,Humid Subtropical,Regenerative Agriculture,100.91,10,1300,29.6,Medium,207.55
Sikkim,Subtropical,Afforestation,82.23,9,2700,47.3,High,1108.27
Arunachal Pradesh,Subtropical,Afforestation,204.77,8,2800,79.3,High,2672.23
Arunachal Pradesh,Subtropical,Afforestation,458.08,3,2800,79.3,High,3910.85
Gujarat,Arid,Afforestation,470.27,3,800,7.6,Low,436.49
Andhra Pradesh,Tropical Dry,Reforestation,295.68,8,900,23.0,Low,1069.57
Gujarat,Arid,Regenerative Agriculture,14.49,8,800,7.6,Low,6.02
Chhattisgarh,Humid Subtropical,Regenerative Agriculture,13.41,8,1400,41.1,Medium,25.1
Haryana,Humid Subtropical,Regenerative Agriculture,222.14,9,600,3.6,Low,222.53
Bihar,Humid Subtropical,Afforestation,257.27,2,1100,7.7,Medium,708.07
Rajasthan,Arid,Afforestation,480.1,3,500,4.8,Very Low,355.23
Rajasthan,Arid,Reforestation,369.95,1,500,4.8,Very Low,254.67
Meghalaya,Tropical Wet,Reforestation,229.88,8,2800,76.3,High,4740.52
Meghalaya,Tropical Wet,Regenerative Agriculture,228.36,4,2800,76.3,High,854.4
Jharkhand,Humid Subtropical,Afforestation,235.5,5,1300,29.6,Medium,973.33
Assam,Tropical Wet,Reforestation,146.29,6,2700,34.2,Medium,2122.88
Goa,Tropical Wet,Regenerative Agriculture,98.43,9,2900,60.0,High,532.43
Arunachal Pradesh,Subtropical,Regenerative Agriculture,48.7,6,2800,79.3,High,187.94
Uttar Pradesh,Humid Subtropical,Afforestation,374.03,3,1000,6.1,Medium,1114.45
Gujarat,Arid,Reforestation,64.67,7,800,7.6,Low,97.93
Assam,Tropical Wet,Reforestation,185.23,3,2700,34.2,Medium,2285.09
Uttarakhand,Subtropical,Afforestation,180.53,8,1800,45.4,High,1567.46
Himachal Pradesh,Subtropical,Regenerative Agriculture,14.46,6,1600,27.1,Medium,28.98
Manipur,Subtropical,Reforestation,102.4,8,1500,74.3,Medium,982.68
Tripura,Tropical Wet,Afforestation,489.5,4,2200,73.7,Medium,4014.65
Sikkim,Subtropical,Afforestation,128.19,1,2700,47.3,High,801.62
Arunachal Pradesh,Subtropical,Regenerative Agriculture,187.18,7,2800,79.3,High,800.23
Bihar,Humid Subtropical,Regenerative Agriculture,82.05,9,1100,7.7,Medium,126.7
Meghalaya,Tropical Wet,Regenerative Agriculture,191.83,1,2800,76.3,High,490.09
Himachal Pradesh,Subtropical,Regenerative Agriculture,189.38,2,1600,27.1,Medium,268.31
Tripura,Tropical Wet,Afforestation,60.24,6,2200,73.7,Medium,582.33
Andhra Pradesh,Tropical Dry,Regenerative Agriculture,259.06,8,900,23.0,Low,254.25
Goa,Tropical Wet,Reforestation,20.99,9,2900,60.0,High,485.74
Assam,Tropical Wet,Afforestation,29.33,4,2700,34.2,Medium,262.51
Jharkhand,Humid Subtropical,Reforestation,333.54,8,1300,29.6,Medium,2191.59
Rajasthan,Arid,Reforestation,367.29,5,500,4.8,Very Low,373.29
Telangana,Tropical Dry,Afforestation,316.21,2,950,24.0,Low,549.47
Assam,Tropical Wet,Afforestation,445.46,5,2700,34.2,Medium,4548.58
Nagaland,Tropical Wet,Afforestation,136.25,6,2000,73.9,High,1346.21
Jharkhand,Humid Subtropical,Regenerative Agriculture,168.29,7,1300,29.6,Medium,274.55
Arunachal Pradesh,Subtropical,Regenerative Agriculture,120.54,8,2800,79.3,High,529.33
Kerala,Tropical Wet,Reforestation,206.79,6,3000,52.3,High,3684.28
Jharkhand,Humid Subtropical,Reforestation,23.16,9,1300,29.6,Medium,155.47
Himachal Pradesh,Subtropical,Regenerative Agriculture,24.13,2,1600,27.1,Medium,33.81
Tripura,Tropical Wet,Reforestation,195.69,6,2200,73.7,Medium,2717.91
Tripura,Tropical Wet,Reforestation,164.34,7,2200,73.7,Medium,2480.41
Bihar,Humid Subtropical,Regenerative Agriculture,150.96,3,1100,7.7,Medium,142.59
Madhya Pradesh,Humid Subtropical,Afforestation,19.1,8,1200,25.1,Medium,87.9
Uttar Pradesh,Humid Subtropical,Afforestation,465.35,5,1000,6.1,Medium,1688.81
Andhra Pradesh,Tropical Dry,Regenerative Agriculture,67.48,3,900,23.0,Low,40.7
Tamil Nadu,Tropical Dry,Afforestation,481.37,8,1000,17.4,Medium,1667.07
Odisha,Humid Subtropical,Afforestation,318.38,7,1500,33.2,Medium,1747.21
Sikkim,Subtropical,Reforestation,277.16,7,2700,47.3,High,4831.36
Punjab,Humid Subtropical,Afforestation,315.03,5,700,3.6,Medium,896.69
Uttar Pradesh,Humid Subtropical,Afforestation,355.64,7,1000,6.1,Medium,1433.29
Rajasthan,Arid,Reforestation,257.92,2,500,4.8,Very Low,192.47
Karnataka,Tropical Dry,Afforestation,397.3,1,1300,20.1,Medium,952.93
Mizoram,Tropical Wet,Regenerative Agriculture,196.06,3,2500,84.5,High,607.77
Nagaland,Tropical Wet,Afforestation,51.08,2,2000,73.9,High,339.24
Tripura,Tropical Wet,Reforestation,97.39,4,2200,73.7,Medium,1107.11
Manipur,Subtropical,Reforestation,211.32,9,1500,74.3,Medium,2092.19
Rajasthan,Arid,Afforestation,19.75,2,500,4.8,Very Low,13.02
Madhya Pradesh,Humid Subtropical,Afforestation,463.81,10,1200,25.1,Medium,2465.64
Punjab,Humid Subtropical,Reforestation,208.04,7,700,3.6,Medium,801.8
Andhra Pradesh,Tropical Dry,Afforestation,343.95,7,900,23.0,Low,910.63
Andhra Pradesh,Tropical Dry,Reforestation,49.05,5,900,23.0,Low,138.41
Karnataka,Tropical Dry,Reforestation,134.41,10,1300,20.1,Medium,937.23
Karnataka,Tropical Dry,Regenerative Agriculture,17.16,4,1300,20.1,Medium,20.54
Sikkim,Subtropical,Reforestation,247.43,6,2700,47.3,High,3671.29
Himachal Pradesh,Subtropical,Regenerative Agriculture,278.03,4,1600,27.1,Medium,457.04
Jharkhand,Humid Subtropical,Afforestation,495.8,8,1300,29.6,Medium,2429.12
Gujarat,Arid,Reforestation,37.85,6,800,7.6,Low,51.09
Andhra Pradesh,Tropical Dry,Afforestation,292.75,6,900,23.0,Low,689.37
Assam,Tropical Wet,Afforestation,185.94,6,2700,34.2,Medium,2056.73
Nagaland,Tropical Wet,Regenerative Agriculture,222.85,8,2000,73.9,High,861.87
Chhattisgarh,Humid Subtropical,Reforestation,289.68,9,1400,41.1,Medium,2320.04
Arunachal Pradesh,Subtropical,Regenerative Agriculture,74.53,10,2800,79.3,High,355.45
Sikkim,Subtropical,Afforestation,104.47,5,2700,47.3,High,1027.94
Odisha,Humid Subtropical,Regenerative Agriculture,131.0,8,1500,33.2,Medium,272.11
Punjab,Humid Subtropical,Afforestation,280.89,1,700,3.6,Medium,507.68
Gujarat,Arid,Reforestation,177.65,6,800,7.6,Low,236.45
Chhattisgarh,Humid Subtropical,Afforestation,124.04,4,1400,41.1,Medium,478.24
Madhya Pradesh,Humid Subtropical,Reforestation,289.14,10,1200,25.1,Medium,1922.28
Manipur,Subtropical,Regenerative Agriculture,48.35,9,1500,74.3,Medium,110.45
Arunachal Pradesh,Subtropical,Reforestation,175.56,4,2800,79.3,High,2277.61
Chhattisgarh,Humid Subtropical,Reforestation,387.88,9,1400,41.1,Medium,3088.65
Chhattisgarh,Humid Subtropical,Afforestation,222.96,8,1400,41.1,Medium,1324.95
Kerala,Tropical Wet,Regenerative Agriculture,88.98,8,3000,52.3,High,447.72
Jharkhand,Humid Subtropical,Afforestation,45.45,6,1300,29.6,Medium,204.72
Nagaland,Tropical Wet,Regenerative Agriculture,264.64,8,2000,73.9,High,1071.34
Manipur,Subtropical,Regenerative Agriculture,234.35,1,1500,74.3,Medium,267.82
Nagaland,Tropical Wet,Afforestation,188.86,1,2000,73.9,High,1156.61
Nagaland,Tropical Wet,Afforestation,99.63,3,2000,73.9,High,783.41
Goa,Tropical Wet,Afforestation,129.07,3,2900,60.0,High,1298.8
Telangana,Tropical Dry,Reforestation,318.6,10,950,24.0,Low,1375.16
Madhya Pradesh,Humid Subtropical,Regenerative Agriculture,62.28,5,1200,25.1,Medium,79.57
Madhya Pradesh,Humid Subtropical,Afforestation,435.48,7,1200,25.1,Medium,1891.54
Arunachal Pradesh,Subtropical,Afforestation,277.23,4,2800,79.3,High,2622.67
Goa,Tropical Wet,Reforestation,143.22,9,2900,60.0,High,3258.34
Odisha,Humid Subtropical,Afforestation,484.93,9,1500,33.2,Medium,3207.8
Odisha,Humid Subtropical,Regenerative Agriculture,62.72,2,1500,33.2,Medium,78.06
Haryana,Humid Subtropical,Reforestation,31.16,8,600,3.6,Low,106.4
Himachal Pradesh,Subtropical,Afforestation,398.92,4,1600,27.1,Medium,1906.75
Rajasthan,Arid,Reforestation,162.38,7,500,4.8,Very Low,192.12
Himachal Pradesh,Subtropical,Regenerative Agriculture,163.21,7,1600,27.1,Medium,383.13
Madhya Pradesh,Humid Subtropical,Afforestation,153.52,4,1200,25.1,Medium,501.5
West Bengal,Humid Subtropical,Regenerative Agriculture,254.84,4,1750,18.9,Medium,436.19
Rajasthan,Arid,Afforestation,338.47,2,500,4.8,Very Low,228.38
Bihar,Humid Subtropical,Reforestation,297.38,7,1100,7.7,Medium,1497.2
Uttarakhand,Subtropical,Reforestation,307.43,6,1800,45.4,High,3330.56
Goa,Tropical Wet,Reforestation,290.7,9,2900,60.0,High,6551.66
Jharkhand,Humid Subtropical,Reforestation,295.63,7,1300,29.6,Medium,1929.68
Manipur,Subtropical,Afforestation,441.47,10,1500,74.3,Medium,3161.99
Rajasthan,Arid,Reforestation,157.57,9,500,4.8,Very Low,226.48
Rajasthan,Arid,Afforestation,218.07,5,500,4.8,Very Low,199.3
Tripura,Tropical Wet,Reforestation,282.97,8,2200,73.7,Medium,4432.48
Himachal Pradesh,Subtropical,Afforestation,60.6,3,1600,27.1,Medium,291.01
Himachal Pradesh,Subtropical,Reforestation,325.28,3,1600,27.1,Medium,1951.26
Manipur,Subtropical,Reforestation,182.64,1,1500,74.3,Medium,872.95
Uttarakhand,Subtropical,Afforestation,133.24,3,1800,45.4,High,720.43
Tripura,Tropical Wet,Afforestation,213.2,5,2200,73.7,Medium,1757.2
Tamil Nadu,Tropical Dry,Regenerative Agriculture,7.66,4,1000,17.4,Medium,7.08
Uttarakhand,Subtropical,Afforestation,358.36,10,1800,45.4,High,3823.38
Maharashtra,Tropical Dry,Regenerative Agriculture,15.34,1,1100,16.5,Medium,11.12
Assam,Tropical Wet,Regenerative Agriculture,24.45,9,2700,34.2,Medium,120.73
Odisha,Humid Subtropical,Afforestation,231.97,7,1500,33.2,Medium,1231.66
Madhya Pradesh,Humid Subtropical,Regenerative Agriculture,85.68,7,1200,25.1,Medium,128.05
Rajasthan,Arid,Afforestation,392.33,1,500,4.8,Very Low,235.41
Kerala,Tropical Wet,Afforestation,313.94,6,3000,52.3,High,4100.74
Maharashtra,Tropical Dry,Regenerative Agriculture,205.28,6,1100,16.5,Medium,247.66
Assam,Tropical Wet,Regenerative Agriculture,42.34,2,2700,34.2,Medium,111.64
West Bengal,Humid Subtropical,Afforestation,435.1,6,1750,18.9,Medium,2629.57
Madhya Pradesh,Humid Subtropical,Reforestation,343.59,2,1200,25.1,Medium,1242.93
Haryana,Humid Subtropical,Afforestation,172.01,3,600,3.6,Low,337.19
Arunachal Pradesh,Subtropical,Afforestation,300.14,6,2800,79.3,High,3222.44
Chhattisgarh,Humid Subtropical,Regenerative Agriculture,199.34,5,1400,41.1,Medium,292.62
Punjab,Humid Subtropical,Afforestation,155.29,7,700,3.6,Medium,484.36
Punjab,Humid Subtropical,Regenerative Agriculture,196.61,4,700,3.6,Medium,148.86
Telangana,Tropical Dry,Regenerative Agriculture,35.92,2,950,24.0,Low,21.15
Arunachal Pradesh,Subtropical,Regenerative Agriculture,61.16,6,2800,79.3,High,231.08
Bihar,Humid Subtropical,Afforestation,498.64,4,1100,7.7,Medium,1764.81
Bihar,Humid Subtropical,Reforestation,147.22,6,1100,7.7,Medium,735.13
Goa,Tropical Wet,Afforestation,143.06,8,2900,60.0,High,2166.57
Nagaland,Tropical Wet,Regenerative Agriculture,125.9,7,2000,73.9,High,470.96
Maharashtra,Tropical Dry,Afforestation,14.83,4,1100,16.5,Medium,39.27
Sikkim,Subtropical,Afforestation,448.87,7,2700,47.3,High,5335.25
Nagaland,Tropical Wet,Regenerative Agriculture,180.14,10,2000,73.9,High,826.97
West Bengal,Humid Subtropical,Reforestation,225.88,4,1750,18.9,Medium,1442.65
Assam,Tropical Wet,Reforestation,36.83,8,2700,34.2,Medium,669.79
Kerala,Tropical Wet,Afforestation,169.36,2,3000,52.3,High,1448.36
Andhra Pradesh,Tropical Dry,Afforestation,481.8,6,900,23.0,Low,1139.59
Himachal Pradesh,Subtropical,Regenerative Agriculture,80.64,9,1600,27.1,Medium,206.09
Mizoram,Tropical Wet,Afforestation,200.88,4,2500,84.5,High,1987.8
Uttar Pradesh,Humid Subtropical,Reforestation,81.52,4,1000,6.1,Medium,297.05
Gujarat,Arid,Regenerative Agriculture,37.39,8,800,7.6,Low,16.13
Bihar,Humid Subtropical,Reforestation,95.21,2,1100,7.7,Medium,318.75
Odisha,Humid Subtropical,Reforestation,252.66,5,1500,33.2,Medium,1739.8
Uttar Pradesh,Humid Subtropical,Afforestation,227.53,9,1000,6.1,Medium,1044.69
Assam,Tropical Wet,Regenerative Agriculture,54.53,2,2700,34.2,Medium,144.24
Uttarakhand,Subtropical,Reforestation,97.57,2,1800,45.4,High,748.94
Bihar,Humid Subtropical,Afforestation,240.44,9,1100,7.7,Medium,1266.82
Mizoram,Tropical Wet,Regenerative Agriculture,280.69,4,2500,84.5,High,1047.68
Himachal Pradesh,Subtropical,Reforestation,120.74,10,1600,27.1,Medium,1236.2
Sikkim,Subtropical,Afforestation,261.11,9,2700,47.3,High,3608.43
Tripura,Tropical Wet,Reforestation,109.44,9,2200,73.7,Medium,1772.52
Karnataka,Tropical Dry,Regenerative Agriculture,219.67,1,1300,20.1,Medium,170.89
Uttar Pradesh,Humid Subtropical,Regenerative Agriculture,9.12,7,1000,6.1,Medium,12.13
Telangana,Tropical Dry,Regenerative Agriculture,285.46,6,950,24.0,Low,241.3
Jharkhand,Humid Subtropical,Afforestation,477.63,7,1300,29.6,Medium,2224.1
Maharashtra,Tropical Dry,Afforestation,424.89,8,1100,16.5,Medium,1603.3
Haryana,Humid Subtropical,Reforestation,29.87,2,600,3.6,Low,61.28
Telangana,Tropical Dry,Regenerative Agriculture,219.58,9,950,24.0,Low,234.71
Assam,Tropical Wet,Reforestation,23.61,3,2700,34.2,Medium,289.5
Tripura,Tropical Wet,Reforestation,222.16,1,2200,73.7,Medium,1771.31
Uttarakhand,Subtropical,Reforestation,228.68,9,1800,45.4,High,3001.7
Himachal Pradesh,Subtropical,Regenerative Agriculture,76.49,10,1600,27.1,Medium,201.74
Kerala,Tropical Wet,Reforestation,210.97,10,3000,52.3,High,5205.76
Haryana,Humid Subtropical,Regenerative Agriculture,139.44,1,600,3.6,Low,66.25
Assam,Tropical Wet,Regenerative Agriculture,112.43,5,2700,34.2,Medium,388.35
Arunachal Pradesh,Subtropical,Afforestation,429.72,8,2800,79.3,High,5477.56
Andhra Pradesh,Tropical Dry,Regenerative Agriculture,150.16,4,900,23.0,Low,103.63
Nagaland,Tropical Wet,Regenerative Agriculture,56.54,5,2000,73.9,High,175.12
Jharkhand,Humid Subtropical,Reforestation,293.22,10,1300,29.6,Medium,2332.35
Kerala,Tropical Wet,Afforestation,326.8,5,3000,52.3,High,3917.39
Gujarat,Arid,Regenerative Agriculture,105.03,1,800,7.6,Low,22.41
Sikkim,Subtropical,Afforestation,67.62,6,2700,47.3,High,718.19
Chhattisgarh,Humid Subtropical,Reforestation,244.98,9,1400,41.1,Medium,2144.02
Telangana,Tropical Dry,Regenerative Agriculture,68.11,6,950,24.0,Low,58.48
Himachal Pradesh,Subtropical,Regenerative Agriculture,242.87,4,1600,27.1,Medium,410.3
Goa,Tropical Wet,Afforestation,459.32,9,2900,60.0,High,7358.12
Bihar,Humid Subtropical,Reforestation,258.55,9,1100,7.7,Medium,1597.1
Mizoram,Tropical Wet,Regenerative Agriculture,203.14,10,2500,84.5,High,1123.29
Kerala,Tropical Wet,Reforestation,172.27,7,3000,52.3,High,3303.23
Uttarakhand,Subtropical,Regenerative Agriculture,282.99,7,1800,45.4,High,849.8
Punjab,Humid Subtropical,Reforestation,39.61,3,700,3.6,Medium,110.2
Goa,Tropical Wet,Afforestation,167.41,9,2900,60.0,High,2588.22
Meghalaya,Tropical Wet,Regenerative Agriculture,250.8,6,2800,76.3,High,1121.94
Rajasthan,Arid,Afforestation,108.83,4,500,4.8,Very Low,91.02
Tamil Nadu,Tropical Dry,Reforestation,66.87,3,1000,17.4,Medium,203.98
Assam,Tropical Wet,Afforestation,463.13,9,2700,34.2,Medium,6704.83
Nagaland,Tropical Wet,Afforestation,484.93,5,2000,73.9,High,4556.7
Karnataka,Tropical Dry,Regenerative Agriculture,172.25,6,1300,20.1,Medium,239.91
Madhya Pradesh,Humid Subtropical,Regenerative Agriculture,145.2,2,1200,25.1,Medium,144.94
Sikkim,Subtropical,Regenerative Agriculture,167.26,6,2700,47.3,High,630.41
Uttar Pradesh,Humid Subtropical,Regenerative Agriculture,204.71,2,1000,6.1,Medium,152.36
Mizoram,Tropical Wet,Regenerative Agriculture,239.11,5,2500,84.5,High,943.68
Sikkim,Subtropical,Reforestation,66.76,3,2700,47.3,High,815.46
Sikkim,Subtropical,Afforestation,339.73,10,2700,47.3,High,4894.72
Haryana,Humid Subtropical,Regenerative Agriculture,291.01,3,600,3.6,Low,179.79
Odisha,Humid Subtropical,Reforestation,40.35,1,1500,33.2,Medium,170.71
Tripura,Tropical Wet,Reforestation,365.44,5,2200,73.7,Medium,4641.97
Meghalaya,Tropical Wet,Reforestation,385.37,3,2800,76.3,High,5320.6
Arunachal Pradesh,Subtropical,Afforestation,282.36,6,2800,79.3,High,3111.41
Telangana,Tropical Dry,Regenerative Agriculture,21.37,4,950,24.0,Low,16.62
Kerala,Tropical Wet,Reforestation,296.67,10,3000,52.3,High,7077.86
Uttarakhand,Subtropical,Afforestation,158.35,10,1800,45.4,High,1622.8
Arunachal Pradesh,Subtropical,Regenerative Agriculture,286.97,3,2800,79.3,High,900.94
Punjab,Humid Subtropical,Reforestation,130.49,9,700,3.6,Medium,573.82
Telangana,Tropical Dry,Regenerative Agriculture,127.28,5,950,24.0,Low,99.73
Rajasthan,Arid,Reforestation,325.66,9,500,4.8,Very Low,445.19
Arunachal Pradesh,Subtropical,Regenerative Agriculture,27.63,2,2800,79.3,High,71.05
Goa,Tropical Wet,Reforestation,276.23,4,2900,60.0,High,4549.23
Sikkim,Subtropical,Reforestation,336.27,10,2700,47.3,High,6842.33
Assam,Tropical Wet,Afforestation,25.69,3,2700,34.2,Medium,221.35
Maharashtra,Tropical Dry,Regenerative Agriculture,129.15,7,1100,16.5,Medium,163.71
Uttarakhand,Subtropical,Reforestation,200.09,10,1800,45.4,High,2817.39
Madhya Pradesh,Humid Subtropical,Reforestation,139.65,7,1200,25.1,Medium,766.52
Meghalaya,Tropical Wet,Regenerative Agriculture,22.15,3,2800,76.3,High,72.41
Chhattisgarh,Humid Subtropical,Regenerative Agriculture,294.6,9,1400,41.1,Medium,591.39
Goa,Tropical Wet,Reforestation,136.3,3,2900,60.0,High,1844.89
Mizoram,Tropical Wet,Reforestation,151.25,10,2500,84.5,High,3442.04
Sikkim,Subtropical,Reforestation,173.45,1,2700,47.3,High,1674.62
Odisha,Humid Subtropical,Reforestation,187.53,4,1500,33.2,Medium,1183.23
Assam,Tropical Wet,Reforestation,307.13,5,2700,34.2,Medium,4379.08
Telangana,Tropical Dry,Afforestation,206.12,8,950,24.0,Low,558.27
Nagaland,Tropical Wet,Afforestation,44.42,8,2000,73.9,High,510.3
Karnataka,Tropical Dry,Regenerative Agriculture,146.68,9,1300,20.1,Medium,254.7
Manipur,Subtropical,Regenerative Agriculture,157.76,7,1500,74.3,Medium,332.44
Nagaland,Tropical Wet,Regenerative Agriculture,162.24,1,2000,73.9,High,319.41
Andhra Pradesh,Tropical Dry,Regenerative Agriculture,46.47,7,900,23.0,Low,41.83
Meghalaya,Tropical Wet,Reforestation,275.28,9,2800,76.3,High,6218.37
Bihar,Humid Subtropical,Reforestation,167.17,7,1100,7.7,Medium,862.7
Tamil Nadu,Tropical Dry,Afforestation,462.8,4,1000,17.4,Medium,1188.62
Rajasthan,Arid,Regenerative Agriculture,269.14,7,500,4.8,Very Low,86.29
Assam,Tropical Wet,Afforestation,247.39,5,2700,34.2,Medium,2453.42
Tripura,Tropical Wet,Regenerative Agriculture,149.34,1,2200,73.7,Medium,295.55
Tripura,Tropical Wet,Regenerative Agriculture,127.63,6,2200,73.7,Medium,415.05
Telangana,Tropical Dry,Regenerative Agriculture,290.69,10,950,24.0,Low,324.21
Uttar Pradesh,Humid Subtropical,Regenerative Agriculture,41.09,9,1000,6.1,Medium,62.01
Telangana,Tropical Dry,Afforestation,199.34,8,950,24.0,Low,551.75
Kerala,Tropical Wet,Reforestation,303.54,1,3000,52.3,High,3257.89
Kerala,Tropical Wet,Regenerative Agriculture,79.51,2,3000,52.3,High,258.18
Odisha,Humid Subtropical,Afforestation,379.94,1,1500,33.2,Medium,1185.95
Himachal Pradesh,Subtropical,Afforestation,329.08,2,1600,27.1,Medium,1276.02
Jharkhand,Humid Subtropical,Afforestation,174.02,6,1300,29.6,Medium,762.92
Madhya Pradesh,Humid Subtropical,Regenerative Agriculture,289.25,2,1200,25.1,Medium,265.49
Gujarat,Arid,Regenerative Agriculture,161.68,4,800,7.6,Low,51.68
Rajasthan,Arid,Regenerative Agriculture,23.05,3,500,4.8,Very Low,5.29
Rajasthan,Arid,Regenerative Agriculture,117.58,9,500,4.8,Very Low,41.98
Madhya Pradesh,Humid Subtropical,Regenerative Agriculture,170.2,7,1200,25.1,Medium,242.03
Maharashtra,Tropical Dry,Afforestation,476.87,9,1100,16.5,Medium,1959.6
Himachal Pradesh,Subtropical,Regenerative Agriculture,163.31,8,1600,27.1,Medium,406.2
Uttar Pradesh,Humid Subtropical,Reforestation,333.11,3,1000,6.1,Medium,1126.95
Jharkhand,Humid Subtropical,Regenerative Agriculture,221.57,3,1300,29.6,Medium,260.9
Andhra Pradesh,Tropical Dry,Regenerative Agriculture,12.11,2,900,23.0,Low,7.0
Tamil Nadu,Tropical Dry,Afforestation,24.89,5,1000,17.4,Medium,72.58
Telangana,Tropical Dry,Afforestation,94.5,8,950,24.0,Low,269.02
Rajasthan,Arid,Afforestation,66.27,5,500,4.8,Very Low,61.14
Himachal Pradesh,Subtropical,Regenerative Agriculture,195.64,3,1600,27.1,Medium,301.88
Chhattisgarh,Humid Subtropical,Reforestation,342.74,6,1400,41.1,Medium,2396.01
Goa,Tropical Wet,Regenerative Agriculture,100.57,6,2900,60.0,High,431.76
Goa,Tropical Wet,Reforestation,361.49,8,2900,60.0,High,7742.11
Tamil Nadu,Tropical Dry,Regenerative Agriculture,231.27,7,1000,17.4,Medium,263.76
Gujarat,Arid,Afforestation,313.82,1,800,7.6,Low,223.85
Goa,Tropical Wet,Afforestation,179.91,6,2900,60.0,High,2331.79
Uttarakhand,Subtropical,Regenerative Agriculture,113.51,2,1800,45.4,High,208.69
Manipur,Subtropical,Regenerative Agriculture,57.65,2,1500,74.3,Medium,78.4
Uttarakhand,Subtropical,Regenerative Agriculture,100.8,3,1800,45.4,High,210.56
Tamil Nadu,Tropical Dry,Reforestation,220.57,1,1000,17.4,Medium,531.54
Chhattisgarh,Humid Subtropical,Regenerative Agriculture,188.63,7,1400,41.1,Medium,318.81
Punjab,Humid Subtropical,Reforestation,231.25,10,700,3.6,Medium,1136.81
Bihar,Humid Subtropical,Afforestation,95.6,3,1100,7.7,Medium,319.39
Karnataka,Tropical Dry,Afforestation,288.84,10,1300,20.1,Medium,1513.93
Bihar,Humid Subtropical,Regenerative Agriculture,193.83,10,1100,7.7,Medium,321.95
Telangana,Tropical Dry,Regenerative Agriculture,65.99,5,950,24.0,Low,50.37
Himachal Pradesh,Subtropical,Afforestation,170.27,2,1600,27.1,Medium,689.48
Odisha,Humid Subtropical,Regenerative Agriculture,156.17,5,1500,33.2,Medium,263.28
Gujarat,Arid,Afforestation,458.58,8,800,7.6,Low,642.37
Jharkhand,Humid Subtropical,Afforestation,22.16,6,1300,29.6,Medium,97.58
Goa,Tropical Wet,Regenerative Agriculture,17.97,7,2900,60.0,High,84.44
Rajasthan,Arid,Regenerative Agriculture,21.79,5,500,4.8,Very Low,6.11
Meghalaya,Tropical Wet,Afforestation,219.31,10,2800,76.3,High,3658.78
Chhattisgarh,Humid Subtropical,Regenerative Agriculture,274.98,8,1400,41.1,Medium,507.15
Maharashtra,Tropical Dry,Regenerative Agriculture,8.06,7,1100,16.5,Medium,9.86
Himachal Pradesh,Subtropical,Reforestation,129.88,1,1600,27.1,Medium,607.23
Meghalaya,Tropical Wet,Regenerative Agriculture,155.51,6,2800,76.3,High,675.03
Arunachal Pradesh,Subtropical,Regenerative Agriculture,10.7,5,2800,79.3,High,35.63
Haryana,Humid Subtropical,Regenerative Agriculture,72.31,6,600,3.6,Low,59.27
Andhra Pradesh,Tropical Dry,Afforestation,182.06,6,900,23.0,Low,428.35
Karnataka,Tropical Dry,Afforestation,294.03,7,1300,20.1,Medium,1256.73
Tripura,Tropical Wet,Regenerative Agriculture,285.97,1,2200,73.7,Medium,585.65
Maharashtra,Tropical Dry,Afforestation,26.68,8,1100,16.5,Medium,101.95
Sikkim,Subtropical,Regenerative Agriculture,185.63,7,2700,47.3,High,777.46
Telangana,Tropical Dry,Regenerative Agriculture,100.54,5,950,24.0,Low,76.01
Bihar,Humid Subtropical,Reforestation,220.16,10,1100,7.7,Medium,1429.31
Punjab,Humid Subtropical,Regenerative Agriculture,260.7,7,700,3.6,Medium,272.63
Meghalaya,Tropical Wet,Regenerative Agriculture,77.16,7,2800,76.3,High,361.97
Manipur,Subtropical,Reforestation,386.83,6,1500,74.3,Medium,3136.05
Maharashtra,Tropical Dry,Reforestation,35.56,4,1100,16.5,Medium,128.54
Bihar,Humid Subtropical,Regenerative Agriculture,178.36,5,1100,7.7,Medium,199.13
Goa,Tropical Wet,Afforestation,368.05,7,2900,60.0,High,4925.0
Karnataka,Tropical Dry,Afforestation,161.31,6,1300,20.1,Medium,616.9
Kerala,Tropical Wet,Reforestation,181.65,4,3000,52.3,High,2725.68
Gujarat,Arid,Afforestation,477.59,8,800,7.6,Low,659.81
Haryana,Humid Subtropical,Regenerative Agriculture,144.66,7,600,3.6,Low,124.31
Uttarakhand,Subtropical,Reforestation,69.88,9,1800,45.4,High,914.45
Arunachal Pradesh,Subtropical,Regenerative Agriculture,182.62,5,2800,79.3,High,666.14
Sikkim,Subtropical,Reforestation,20.09,5,2700,47.3,High,297.06
Karnataka,Tropical Dry,Afforestation,356.37,3,1300,20.1,Medium,1042.95
Gujarat,Arid,Reforestation,25.64,3,800,7.6,Low,26.43
Kerala,Tropical Wet,Reforestation,280.21,4,3000,52.3,High,4237.59
Arunachal Pradesh,Subtropical,Reforestation,135.37,2,2800,79.3,High,1481.12
West Bengal,Humid Subtropical,Regenerative Agriculture,275.48,10,1750,18.9,Medium,733.54
Telangana,Tropical Dry,Regenerative Agriculture,112.12,1,950,24.0,Low,56.34
West Bengal,Humid Subtropical,Regenerative Agriculture,134.19,9,1750,18.9,Medium,342.56
Kerala,Tropical Wet,Reforestation,16.68,3,3000,52.3,High,232.32
West Bengal,Humid Subtropical,Regenerative Agriculture,37.61,7,1750,18.9,Medium,84.44
Punjab,Humid Subtropical,Reforestation,180.11,6,700,3.6,Medium,660.72
Meghalaya,Tropical Wet,Regenerative Agriculture,281.44,6,2800,76.3,High,1265.06
Madhya Pradesh,Humid Subtropical,Afforestation,461.65,2,1200,25.1,Medium,1265.55
Uttarakhand,Subtropical,Reforestation,40.08,5,1800,45.4,High,412.19
Sikkim,Subtropical,Reforestation,301.56,4,2700,47.3,High,3983.48
Arunachal Pradesh,Subtropical,Reforestation,178.79,1,2800,79.3,High,1695.3
Chhattisgarh,Humid Subtropical,Afforestation,181.39,4,1400,41.1,Medium,714.18
Jharkhand,Humid Subtropical,Reforestation,396.11,2,1300,29.6,Medium,1600.52
Bihar,Humid Subtropical,Regenerative Agriculture,79.9,10,1100,7.7,Medium,141.79
Meghalaya,Tropical Wet,Regenerative Agriculture,100.23,8,2800,76.3,High,514.49
Arunachal Pradesh,Subtropical,Afforestation,216.38,4,2800,79.3,High,1918.63
Himachal Pradesh,Subtropical,Afforestation,318.46,7,1600,27.1,Medium,2017.46
Uttar Pradesh,Humid Subtropical,Reforestation,61.06,4,1000,6.1,Medium,243.87
Nagaland,Tropical Wet,Reforestation,53.03,1,2000,73.9,High,457.13
Karnataka,Tropical Dry,Regenerative Agriculture,180.39,5,1300,20.1,Medium,225.77
Meghalaya,Tropical Wet,Regenerative Agriculture,229.95,1,2800,76.3,High,620.77
Goa,Tropical Wet,Afforestation,188.87,1,2900,60.0,High,1485.06
Assam,Tropical Wet,Regenerative Agriculture,7.29,5,2700,34.2,Medium,24.48
Karnataka,Tropical Dry,Regenerative Agriculture,43.53,1,1300,20.1,Medium,35.8
Jharkhand,Humid Subtropical,Afforestation,258.81,2,1300,29.6,Medium,785.79
West Bengal,Humid Subtropical,Reforestation,224.83,2,1750,18.9,Medium,1171.26
Tripura,Tropical Wet,Regenerative Agriculture,191.76,8,2200,73.7,Medium,721.45
Arunachal Pradesh,Subtropical,Afforestation,140.97,7,2800,79.3,High,1656.59
Tripura,Tropical Wet,Afforestation,205.76,8,2200,73.7,Medium,2144.4
Haryana,Humid Subtropical,Reforestation,195.88,1,600,3.6,Low,368.78
Uttar Pradesh,Humid Subtropical,Regenerative Agriculture,28.95,9,1000,6.1,Medium,40.0
Sikkim,Subtropical,Afforestation,75.37,7,2700,47.3,High,867.29
Tamil Nadu,Tropical Dry,Reforestation,345.17,10,1000,17.4,Medium,1795.39
Karnataka,Tropical Dry,Regenerative Agriculture,164.39,10,1300,20.1,Medium,301.83
Uttar Pradesh,Humid Subtropical,Afforestation,494.12,6,1000,6.1,Medium,1845.0
Assam,Tropical Wet,Regenerative Agriculture,169.5,8,2700,34.2,Medium,764.45
Assam,Tropical Wet,Regenerative Agriculture,204.3,10,2700,34.2,Medium,1061.27
Chhattisgarh,Humid Subtropical,Afforestation,347.84,9,1400,41.1,Medium,2020.62
Arunachal Pradesh,Subtropical,Afforestation,395.61,10,2800,79.3,High,5725.03
Manipur,Subtropical,Afforestation,64.7,6,1500,74.3,Medium,353.09
Madhya Pradesh,Humid Subtropical,Afforestation,498.8,4,1200,25.1,Medium,1627.06
Bihar,Humid Subtropical,Reforestation,338.61,6,1100,7.7,Medium,1697.59
Kerala,Tropical Wet,Reforestation,145.74,7,3000,52.3,High,2872.2
Uttar Pradesh,Humid Subtropical,Reforestation,256.66,7,1000,6.1,Medium,1237.29
Tripura,Tropical Wet,Afforestation,357.57,1,2200,73.7,Medium,2123.6
Uttarakhand,Subtropical,Regenerative Agriculture,25.5,1,1800,45.4,High,39.88
Arunachal Pradesh,Subtropical,Reforestation,144.62,8,2800,79.3,High,2675.78
Sikkim,Subtropical,Reforestation,47.22,8,2700,47.3,High,863.06
Rajasthan,Arid,Reforestation,149.79,3,500,4.8,Very Low,137.58
Odisha,Humid Subtropical,Regenerative Agriculture,250.66,4,1500,33.2,Medium,372.52
Tripura,Tropical Wet,Reforestation,43.13,1,2200,73.7,Medium,362.14
Mizoram,Tropical Wet,Regenerative Agriculture,40.92,10,2500,84.5,High,219.94
Sikkim,Subtropical,Regenerative Agriculture,58.19,7,2700,47.3,High,238.74
Uttarakhand,Subtropical,Regenerative Agriculture,159.75,5,1800,45.4,High,403.09
Arunachal Pradesh,Subtropical,Regenerative Agriculture,247.39,8,2800,79.3,High,1056.64
Karnataka,Tropical Dry,Regenerative Agriculture,41.24,6,1300,20.1,Medium,54.9
Nagaland,Tropical Wet,Regenerative Agriculture,82.7,3,2000,73.9,High,208.11
Himachal Pradesh,Subtropical,Afforestation,406.11,7,1600,27.1,Medium,2586.46
Sikkim,Subtropical,Regenerative Agriculture,89.56,3,2700,47.3,High,261.72
Bihar,Humid Subtropical,Reforestation,205.78,10,1100,7.7,Medium,1331.35
Chhattisgarh,Humid Subtropical,Regenerative Agriculture,109.86,5,1400,41.1,Medium,172.75
Uttar Pradesh,Humid Subtropical,Reforestation,32.15,4,1000,6.1,Medium,123.09
West Bengal,Humid Subtropical,Afforestation,481.12,6,1750,18.9,Medium,2709.59
Uttar Pradesh,Humid Subtropical,Regenerative Agriculture,156.92,1,1000,6.1,Medium,107.83
Himachal Pradesh,Subtropical,Reforestation,267.65,8,1600,27.1,Medium,2348.08
West Bengal,Humid Subtropical,Afforestation,446.72,9,1750,18.9,Medium,3218.87
Mizoram,Tropical Wet,Regenerative Agriculture,54.29,3,2500,84.5,High,178.68
Jharkhand,Humid Subtropical,Regenerative Agriculture,69.15,7,1300,29.6,Medium,114.37
Bihar,Humid Subtropical,Reforestation,168.39,7,1100,7.7,Medium,832.16
Assam,Tropical Wet,Regenerative Agriculture,182.55,10,2700,34.2,Medium,941.19
Punjab,Humid Subtropical,Reforestation,201.94,4,700,3.6,Medium,636.44
Maharashtra,Tropical Dry,Reforestation,44.87,8,1100,16.5,Medium,219.09
Andhra Pradesh,Tropical Dry,Reforestation,138.06,9,900,23.0,Low,515.84
Sikkim,Subtropical,Afforestation,493.23,6,2700,47.3,High,5755.89
Maharashtra,Tropical Dry,Regenerative Agriculture,219.55,8,1100,16.5,Medium,296.93
Tamil Nadu,Tropical Dry,Afforestation,18.1,9,1000,17.4,Medium,67.51
Tamil Nadu,Tropical Dry,Regenerative Agriculture,176.22,2,1000,17.4,Medium,126.72
Sikkim,Subtropical,Reforestation,190.53,9,2700,47.3,High,3879.07
Himachal Pradesh,Subtropical,Regenerative Agriculture,299.59,10,1600,27.1,Medium,820.34
Chhattisgarh,Humid Subtropical,Reforestation,236.09,4,1400,41.1,Medium,1370.1
Sikkim,Subtropical,Regenerative Agriculture,27.72,1,2700,47.3,High,64.69
Jharkhand,Humid Subtropical,Afforestation,204.43,2,1300,29.6,Medium,617.21
Gujarat,Arid,Reforestation,134.18,1,800,7.6,Low,104.02
Goa,Tropical Wet,Reforestation,106.17,9,2900,60.0,High,2490.7
Uttar Pradesh,Humid Subtropical,Afforestation,474.33,9,1000,6.1,Medium,2277.99
Karnataka,Tropical Dry,Regenerative Agriculture,136.84,10,1300,20.1,Medium,245.45
Jharkhand,Humid Subtropical,Afforestation,289.66,8,1300,29.6,Medium,1452.04
Tripura,Tropical Wet,Afforestation,237.49,4,2200,73.7,Medium,1886.4
Punjab,Humid Subtropical,Regenerative Agriculture,291.21,5,700,3.6,Medium,251.03
Bihar,Humid Subtropical,Reforestation,148.05,2,1100,7.7,Medium,472.81
Rajasthan,Arid,Reforestation,41.87,1,500,4.8,Very Low,29.21
Sikkim,Subtropical,Reforestation,231.01,9,2700,47.3,High,4539.1
Rajasthan,Arid,Afforestation,329.51,2,500,4.8,Very Low,213.63
Assam,Tropical Wet,Reforestation,305.0,3,2700,34.2,Medium,3812.66
Uttar Pradesh,Humid Subtropical,Reforestation,22.23,5,1000,6.1,Medium,86.42
West Bengal,Humid Subtropical,Reforestation,116.82,2,1750,18.9,Medium,607.06
Tripura,Tropical Wet,Regenerative Agriculture,95.5,5,2200,73.7,Medium,293.52
Jharkhand,Humid Subtropical,Afforestation,153.38,3,1300,29.6,Medium,503.32
Sikkim,Subtropical,Afforestation,162.15,4,2700,47.3,High,1470.39
Bihar,Humid Subtropical,Regenerative Agriculture,17.62,7,1100,7.7,Medium,24.77
Sikkim,Subtropical,Afforestation,220.37,5,2700,47.3,High,2182.38
Kerala,Tropical Wet,Reforestation,143.07,6,3000,52.3,High,2522.85
Goa,Tropical Wet,Afforestation,263.47,7,2900,60.0,High,3635.08
Manipur,Subtropical,Regenerative Agriculture,137.02,3,1500,74.3,Medium,194.47
Sikkim,Subtropical,Reforestation,35.09,1,2700,47.3,High,348.85
Tamil Nadu,Tropical Dry,Reforestation,73.23,3,1000,17.4,Medium,223.44
Maharashtra,Tropical Dry,Regenerative Agriculture,95.27,5,1100,16.5,Medium,98.68
Rajasthan,Arid,Afforestation,487.89,9,500,4.8,Very Low,581.15
Mizoram,Tropical Wet,Afforestation,372.28,9,2500,84.5,High,5816.29
Himachal Pradesh,Subtropical,Regenerative Agriculture,145.65,10,1600,27.1,Medium,390.51
Assam,Tropical Wet,Afforestation,96.8,8,2700,34.2,Medium,1223.53
Maharashtra,Tropical Dry,Regenerative Agriculture,157.09,8,1100,16.5,Medium,210.29
Jharkhand,Humid Subtropical,Afforestation,388.92,4,1300,29.6,Medium,1417.48
West Bengal,Humid Subtropical,Regenerative Agriculture,60.6,5,1750,18.9,Medium,111.38
Himachal Pradesh,Subtropical,Reforestation,108.26,7,1600,27.1,Medium,888.57
Arunachal Pradesh,Subtropical,Reforestation,312.09,10,2800,79.3,High,6523.56
Tripura,Tropical Wet,Reforestation,53.52,7,2200,73.7,Medium,804.75
Rajasthan,Arid,Afforestation,57.87,10,500,4.8,Very Low,75.44
Sikkim,Subtropical,Reforestation,179.18,9,2700,47.3,High,3553.75
Rajasthan,Arid,Reforestation,362.4,2,500,4.8,Very Low,274.26
Rajasthan,Arid,Reforestation,152.37,6,500,4.8,Very Low,174.25
Kerala,Tropical Wet,Afforestation,356.65,1,3000,52.3,High,2630.53
Odisha,Humid Subtropical,Regenerative Agriculture,28.98,7,1500,33.2,Medium,56.44
Chhattisgarh,Humid Subtropical,Regenerative Agriculture,144.88,10,1400,41.1,Medium,322.26
Maharashtra,Tropical Dry,Afforestation,128.12,1,1100,16.5,Medium,256.7
Goa,Tropical Wet,Afforestation,68.69,9,2900,60.0,High,1099.8
Telangana,Tropical Dry,Afforestation,240.94,9,950,24.0,Low,725.1
Assam,Tropical Wet,Afforestation,284.59,2,2700,34.2,Medium,2125.87
West Bengal,Humid Subtropical,Afforestation,181.52,3,1750,18.9,Medium,810.61
Sikkim,Subtropical,Afforestation,154.95,3,2700,47.3,High,1248.51
Assam,Tropical Wet,Regenerative Agriculture,209.09,10,2700,34.2,Medium,1099.79
Mizoram,Tropical Wet,Afforestation,57.02,10,2500,84.5,High,952.76
Tripura,Tropical Wet,Regenerative Agriculture,228.12,4,2200,73.7,Medium,579.66
Gujarat,Arid,Afforestation,305.62,5,800,7.6,Low,326.23
Uttarakhand,Subtropical,Reforestation,367.25,5,1800,45.4,High,3725.13
Punjab,Humid Subtropical,Afforestation,58.23,4,700,3.6,Medium,152.49
Rajasthan,Arid,Reforestation,188.42,8,500,4.8,Very Low,245.79
Arunachal Pradesh,Subtropical,Regenerative Agriculture,224.3,8,2800,79.3,High,1023.24
Odisha,Humid Subtropical,Regenerative Agriculture,134.8,5,1500,33.2,Medium,215.43
Tamil Nadu,Tropical Dry,Reforestation,367.62,1,1000,17.4,Medium,923.91
Madhya Pradesh,Humid Subtropical,Reforestation,370.98,7,1200,25.1,Medium,2054.97
Bihar,Humid Subtropical,Reforestation,278.3,3,1100,7.7,Medium,1013.1
Madhya Pradesh,Humid Subtropical,Reforestation,340.29,6,1200,25.1,Medium,1807.96
Goa,Tropical Wet,Regenerative Agriculture,51.56,7,2900,60.0,High,248.62
Kerala,Tropical Wet,Regenerative Agriculture,166.7,8,3000,52.3,High,801.82
Odisha,Humid Subtropical,Afforestation,227.47,1,1500,33.2,Medium,718.36
Sikkim,Subtropical,Reforestation,138.49,9,2700,47.3,High,2611.37
Telangana,Tropical Dry,Reforestation,187.3,5,950,24.0,Low,562.2
Uttar Pradesh,Humid Subtropical,Afforestation,405.68,7,1000,6.1,Medium,1683.71
Maharashtra,Tropical Dry,Reforestation,165.82,7,1100,16.5,Medium,781.76
Nagaland,Tropical Wet,Regenerative Agriculture,56.69,7,2000,73.9,High,215.2
Goa,Tropical Wet,Afforestation,208.88,7,2900,60.0,High,2910.24
Maharashtra,Tropical Dry,Reforestation,351.36,7,1100,16.5,Medium,1626.0
Haryana,Humid Subtropical,Reforestation,358.55,3,600,3.6,Low,818.79
Mizoram,Tropical Wet,Afforestation,389.1,3,2500,84.5,High,3639.82
Manipur,Subtropical,Afforestation,480.32,6,1500,74.3,Medium,2700.46
Himachal Pradesh,Subtropical,Reforestation,341.33,9,1600,27.1,Medium,3154.09
Punjab,Humid Subtropical,Regenerative Agriculture,273.44,2,700,3.6,Medium,171.69
Gujarat,Arid,Reforestation,169.08,2,800,7.6,Low,161.76
Telangana,Tropical Dry,Regenerative Agriculture,155.49,2,950,24.0,Low,93.01
Andhra Pradesh,Tropical Dry,Reforestation,134.07,1,900,23.0,Low,256.58
Himachal Pradesh,Subtropical,Afforestation,439.66,3,1600,27.1,Medium,1914.26
Punjab,Humid Subtropical,Reforestation,90.76,5,700,3.6,Medium,306.18
Gujarat,Arid,Regenerative Agriculture,185.07,4,800,7.6,Low,56.03
Sikkim,Subtropical,Regenerative Agriculture,243.5,5,2700,47.3,High,863.63
Meghalaya,Tropical Wet,Regenerative Agriculture,270.25,4,2800,76.3,High,989.13
Karnataka,Tropical Dry,Reforestation,211.3,1,1300,20.1,Medium,635.6
Meghalaya,Tropical Wet,Reforestation,63.27,3,2800,76.3,High,896.81
Manipur,Subtropical,Afforestation,219.89,3,1500,74.3,Medium,907.1
Bihar,Humid Subtropical,Regenerative Agriculture,77.54,9,1100,7.7,Medium,116.15
Meghalaya,Tropical Wet,Regenerative Agriculture,263.22,8,2800,76.3,High,1328.8
Rajasthan,Arid,Reforestation,238.65,7,500,4.8,Very Low,304.42
Sikkim,Subtropical,Regenerative Agriculture,107.26,8,2700,47.3,High,471.27
Manipur,Subtropical,Afforestation,287.43,10,1500,74.3,Medium,2044.38
Madhya Pradesh,Humid Subtropical,Reforestation,302.0,6,1200,25.1,Medium,1563.64
Punjab,Humid Subtropical,Regenerative Agriculture,186.86,3,700,3.6,Medium,131.93
Mizoram,Tropical Wet,Afforestation,176.55,1,2500,84.5,High,1339.27
Madhya Pradesh,Humid Subtropical,Reforestation,115.86,1,1200,25.1,Medium,382.99
Gujarat,Arid,Reforestation,131.19,2,800,7.6,Low,118.85
Madhya Pradesh,Humid Subtropical,Reforestation,86.59,4,1200,25.1,Medium,395.79
Bihar,Humid Subtropical,Regenerative Agriculture,280.06,7,1100,7.7,Medium,386.11
Tamil Nadu,Tropical Dry,Regenerative Agriculture,130.25,4,1000,17.4,Medium,118.01
Bihar,Humid Subtropical,Regenerative Agriculture,138.89,1,1100,7.7,Medium,107.63
Mizoram,Tropical Wet,Regenerative Agriculture,202.73,8,2500,84.5,High,1015.45
Goa,Tropical Wet,Reforestation,119.92,10,2900,60.0,High,2937.97
Nagaland,Tropical Wet,Regenerative Agriculture,72.78,10,2000,73.9,High,324.98
Rajasthan,Arid,Afforestation,311.6,9,500,4.8,Very Low,382.58
Arunachal Pradesh,Subtropical,Reforestation,82.44,1,2800,79.3,High,788.24
Meghalaya,Tropical Wet,Afforestation,86.56,1,2800,76.3,High,681.19
Nagaland,Tropical Wet,Afforestation,217.43,7,2000,73.9,High,2355.2
Tripura,Tropical Wet,Regenerative Agriculture,203.65,8,2200,73.7,Medium,768.5
Arunachal Pradesh,Subtropical,Reforestation,160.08,1,2800,79.3,High,1492.95
Tripura,Tropical Wet,Regenerative Agriculture,77.72,4,2200,73.7,Medium,220.97
Mizoram,Tropical Wet,Afforestation,145.59,2,2500,84.5,High,1230.53
Nagaland,Tropical Wet,Regenerative Agriculture,264.43,8,2000,73.9,High,1043.91
Punjab,Humid Subtropical,Regenerative Agriculture,243.83,4,700,3.6,Medium,192.62
Madhya Pradesh,Humid Subtropical,Reforestation,214.64,5,1200,25.1,Medium,1018.57
Manipur,Subtropical,Afforestation,354.4,1,1500,74.3,Medium,1168.59
Punjab,Humid Subtropical,Afforestation,222.55,7,700,3.6,Medium,725.48
Bihar,Humid Subtropical,Afforestation,483.05,4,1100,7.7,Medium,1681.26
Maharashtra,Tropical Dry,Afforestation,89.19,10,1100,16.5,Medium,392.48
Rajasthan,Arid,Afforestation,332.73,5,500,4.8,Very Low,304.5
Maharashtra,Tropical Dry,Afforestation,16.17,9,1100,16.5,Medium,63.22
Uttar Pradesh,Humid Subtropical,Afforestation,312.27,10,1000,6.1,Medium,1627.62
Meghalaya,Tropical Wet,Regenerative Agriculture,295.05,9,2800,76.3,High,1572.42
Chhattisgarh,Humid Subtropical,Regenerative Agriculture,204.97,9,1400,41.1,Medium,415.1
Nagaland,Tropical Wet,Reforestation,80.05,6,2000,73.9,High,1129.06
Meghalaya,Tropical Wet,Afforestation,247.89,8,2800,76.3,High,3498.49
Haryana,Humid Subtropical,Afforestation,135.93,9,600,3.6,Low,449.35
Jharkhand,Humid Subtropical,Regenerative Agriculture,37.84,6,1300,29.6,Medium,55.05
Jharkhand,Humid Subtropical,Afforestation,26.12,4,1300,29.6,Medium,96.54
Sikkim,Subtropical,Reforestation,396.93,10,2700,47.3,High,8277.81
Tripura,Tropical Wet,Reforestation,274.5,9,2200,73.7,Medium,4744.24
Tripura,Tropical Wet,Afforestation,272.19,1,2200,73.7,Medium,1573.86
Uttarakhand,Subtropical,Reforestation,136.1,4,1800,45.4,High,1298.43
Telangana,Tropical Dry,Afforestation,211.41,10,950,24.0,Low,685.63
Meghalaya,Tropical Wet,Regenerative Agriculture,223.43,1,2800,76.3,High,600.28
Goa,Tropical Wet,Afforestation,68.43,6,2900,60.0,High,860.84
Chhattisgarh,Humid Subtropical,Reforestation,337.54,4,1400,41.1,Medium,1926.3
Karnataka,Tropical Dry,Regenerative Agriculture,283.76,3,1300,20.1,Medium,300.51
Goa,Tropical Wet,Regenerative Agriculture,219.95,4,2900,60.0,High,783.67
Assam,Tropical Wet,Reforestation,315.36,6,2700,34.2,Medium,4938.77
Gujarat,Arid,Regenerative Agriculture,266.93,10,800,7.6,Low,127.68
Tamil Nadu,Tropical Dry,Reforestation,113.72,10,1000,17.4,Medium,596.5
Himachal Pradesh,Subtropical,Afforestation,253.1,3,1600,27.1,Medium,1119.6
Odisha,Humid Subtropical,Regenerative Agriculture,178.9,6,1500,33.2,Medium,306.57
Telangana,Tropical Dry,Reforestation,357.18,9,950,24.0,Low,1500.63
Chhattisgarh,Humid Subtropical,Reforestation,276.67,6,1400,41.1,Medium,1823.87
Gujarat,Arid,Reforestation,159.4,5,800,7.6,Low,191.49
Mizoram,Tropical Wet,Regenerative Agriculture,291.17,9,2500,84.5,High,1526.97
Maharashtra,Tropical Dry,Regenerative Agriculture,266.11,6,1100,16.5,Medium,299.11
Assam,Tropical Wet,Reforestation,237.65,7,2700,34.2,Medium,4143.81
Arunachal Pradesh,Subtropical,Reforestation,89.93,7,2800,79.3,High,1569.62
Odisha,Humid Subtropical,Regenerative Agriculture,209.37,3,1500,33.2,Medium,284.86
Rajasthan,Arid,Afforestation,181.5,7,500,4.8,Very Low,198.99
West Bengal,Humid Subtropical,Reforestation,327.63,5,1750,18.9,Medium,2231.22
Karnataka,Tropical Dry,Afforestation,458.91,1,1300,20.1,Medium,1106.25
Goa,Tropical Wet,Regenerative Agriculture,151.53,2,2900,60.0,High,440.86
Manipur,Subtropical,Reforestation,312.85,9,1500,74.3,Medium,3194.38
Andhra Pradesh,Tropical Dry,Afforestation,133.48,4,900,23.0,Low,260.47
Karnataka,Tropical Dry,Regenerative Agriculture,48.69,1,1300,20.1,Medium,39.13
Maharashtra,Tropical Dry,Regenerative Agriculture,19.79,3,1100,16.5,Medium,17.21
Madhya Pradesh,Humid Subtropical,Afforestation,91.01,9,1200,25.1,Medium,454.82
Uttarakhand,Subtropical,Regenerative Agriculture,97.32,10,1800,45.4,High,356.87
Jharkhand,Humid Subtropical,Regenerative Agriculture,149.42,8,1300,29.6,Medium,260.66
Kerala,Tropical Wet,Afforestation,344.54,1,3000,52.3,High,2651.16
Jharkhand,Humid Subtropical,Reforestation,350.44,7,1300,29.6,Medium,2241.58
Maharashtra,Tropical Dry,Afforestation,11.82,2,1100,16.5,Medium,25.59
Uttarakhand,Subtropical,Afforestation,271.11,7,1800,45.4,High,2105.15
Assam,Tropical Wet,Regenerative Agriculture,26.15,3,2700,34.2,Medium,75.91
Tamil Nadu,Tropical Dry,Afforestation,345.88,7,1000,17.4,Medium,1125.36
Telangana,Tropical Dry,Reforestation,83.74,2,950,24.0,Low,186.58
Uttarakhand,Subtropical,Afforestation,392.68,9,1800,45.4,High,3708.12
Odisha,Humid Subtropical,Afforestation,139.89,6,1500,33.2,Medium,705.29
Kerala,Tropical Wet,Reforestation,191.63,1,3000,52.3,High,2204.34
Odisha,Humid Subtropical,Regenerative Agriculture,19.47,4,1500,33.2,Medium,28.83
Madhya Pradesh,Humid Subtropical,Reforestation,21.01,4,1200,25.1,Medium,93.12
Maharashtra,Tropical Dry,Reforestation,132.0,5,1100,16.5,Medium,543.42
Goa,Tropical Wet,Reforestation,211.74,1,2900,60.0,High,2279.1
Haryana,Humid Subtropical,Afforestation,414.87,5,600,3.6,Low,1010.04
Punjab,Humid Subtropical,Reforestation,192.5,4,700,3.6,Medium,559.41
Uttar Pradesh,Humid Subtropical,Reforestation,48.05,2,1000,6.1,Medium,148.23
Gujarat,Arid,Regenerative Agriculture,291.17,5,800,7.6,Low,98.65
Meghalaya,Tropical Wet,Reforestation,181.35,10,2800,76.3,High,4536.63
Bihar,Humid Subtropical,Afforestation,76.98,4,1100,7.7,Medium,271.88
West Bengal,Humid Subtropical,Afforestation,153.24,2,1750,18.9,Medium,642.82
Karnataka,Tropical Dry,Regenerative Agriculture,166.08,1,1300,20.1,Medium,136.76
Maharashtra,Tropical Dry,Regenerative Agriculture,239.66,7,1100,16.5,Medium,291.28
Bihar,Humid Subtropical,Reforestation,99.6,4,1100,7.7,Medium,399.64
Punjab,Humid Subtropical,Reforestation,39.69,9,700,3.6,Medium,172.17
Mizoram,Tropical Wet,Reforestation,324.69,4,2500,84.5,High,4748.08
Odisha,Humid Subtropical,Regenerative Agriculture,275.4,9,1500,33.2,Medium,603.02
Uttar Pradesh,Humid Subtropical,Afforestation,275.63,7,1000,6.1,Medium,1180.31
Goa,Tropical Wet,Reforestation,375.75,6,2900,60.0,High,6647.2
Rajasthan,Arid,Reforestation,347.62,8,500,4.8,Very Low,430.66
West Bengal,Humid Subtropical,Afforestation,186.6,7,1750,18.9,Medium,1150.86
Madhya Pradesh,Humid Subtropical,Reforestation,350.88,7,1200,25.1,Medium,1959.17
Himachal Pradesh,Subtropical,Reforestation,264.54,5,1600,27.1,Medium,1874.23
Assam,Tropical Wet,Regenerative Agriculture,275.07,7,2700,34.2,Medium,1131.76
Karnataka,Tropical Dry,Afforestation,36.31,4,1300,20.1,Medium,118.97
Madhya Pradesh,Humid Subtropical,Afforestation,334.26,4,1200,25.1,Medium,1150.81
Nagaland,Tropical Wet,Reforestation,174.83,5,2000,73.9,High,2268.65
Jharkhand,Humid Subtropical,Afforestation,325.04,4,1300,29.6,Medium,1170.0
Madhya Pradesh,Humid Subtropical,Regenerative Agriculture,38.83,4,1200,25.1,Medium,48.11
Himachal Pradesh,Subtropical,Reforestation,219.44,5,1600,27.1,Medium,1588.39
Manipur,Subtropical,Reforestation,162.26,7,1500,74.3,Medium,1396.0
Madhya Pradesh,Humid Subtropical,Afforestation,452.08,4,1200,25.1,Medium,1514.17
Sikkim,Subtropical,Regenerative Agriculture,43.6,9,2700,47.3,High,209.28
West Bengal,Humid Subtropical,Afforestation,252.37,8,1750,18.9,Medium,1722.47
Karnataka,Tropical Dry,Regenerative Agriculture,15.3,8,1300,20.1,Medium,23.79
Manipur,Subtropical,Reforestation,53.91,5,1500,74.3,Medium,389.82
Uttar Pradesh,Humid Subtropical,Reforestation,98.35,5,1000,6.1,Medium,388.75
Maharashtra,Tropical Dry,Reforestation,309.55,8,1100,16.5,Medium,1518.65
Manipur,Subtropical,Reforestation,165.49,10,1500,74.3,Medium,1757.6
Arunachal Pradesh,Subtropical,Reforestation,205.66,7,2800,79.3,High,3434.84
Punjab,Humid Subtropical,Afforestation,145.91,3,700,3.6,Medium,361.1
Nagaland,Tropical Wet,Reforestation,163.46,3,2000,73.9,High,1808.92
Gujarat,Arid,Reforestation,357.81,3,800,7.6,Low,372.97
Odisha,Humid Subtropical,Reforestation,115.51,9,1500,33.2,Medium,1074.97
Madhya Pradesh,Humid Subtropical,Regenerative Agriculture,262.86,6,1200,25.1,Medium,370.15
Chhattisgarh,Humid Subtropical,Afforestation,470.91,3,1400,41.1,Medium,1638.74
Karnataka,Tropical Dry,Reforestation,367.15,9,1300,20.1,Medium,2343.23
Mizoram,Tropical Wet,Reforestation,125.46,10,2500,84.5,High,3071.51
Tamil Nadu,Tropical Dry,Regenerative Agriculture,253.6,8,1000,17.4,Medium,315.31
Tripura,Tropical Wet,Afforestation,375.75,10,2200,73.7,Medium,4737.5
Arunachal Pradesh,Subtropical,Reforestation,109.21,8,2800,79.3,High,1925.79
Chhattisgarh,Humid Subtropical,Afforestation,33.36,5,1400,41.1,Medium,136.1
Meghalaya,Tropical Wet,Regenerative Agriculture,277.64,10,2800,76.3,High,1608.23
Himachal Pradesh,Subtropical,Reforestation,117.5,7,1600,27.1,Medium,1005.98
Bihar,Humid Subtropical,Reforestation,336.83,1,1100,7.7,Medium,1022.69
Tamil Nadu,Tropical Dry,Afforestation,117.03,2,1000,17.4,Medium,244.69
Mizoram,Tropical Wet,Reforestation,269.03,3,2500,84.5,High,3534.4
Nagaland,Tropical Wet,Reforestation,355.02,5,2000,73.9,High,4735.56
Uttarakhand,Subtropical,Regenerative Agriculture,122.25,6,1800,45.4,High,314.22
Himachal Pradesh,Subtropical,Afforestation,461.48,6,1600,27.1,Medium,2630.31
Telangana,Tropical Dry,Regenerative Agriculture,72.15,10,950,24.0,Low,83.25
Nagaland,Tropical Wet,Afforestation,350.86,4,2000,73.9,High,2800.86
Uttar Pradesh,Humid Subtropical,Reforestation,124.39,3,1000,6.1,Medium,420.99
Jharkhand,Humid Subtropical,Regenerative Agriculture,226.86,1,1300,29.6,Medium,204.52
Andhra Pradesh,Tropical Dry,Reforestation,198.39,6,900,23.0,Low,613.4
Himachal Pradesh,Subtropical,Reforestation,261.56,10,1600,27.1,Medium,2639.57
Chhattisgarh,Humid Subtropical,Afforestation,310.38,5,1400,41.1,Medium,1310.8
Assam,Tropical Wet,Afforestation,352.13,3,2700,34.2,Medium,2922.27
Sikkim,Subtropical,Reforestation,132.83,8,2700,47.3,High,2448.0
Meghalaya,Tropical Wet,Regenerative Agriculture,190.41,2,2800,76.3,High,608.46
Madhya Pradesh,Humid Subtropical,Regenerative Agriculture,29.62,8,1200,25.1,Medium,48.88
Tripura,Tropical Wet,Reforestation,231.89,1,2200,73.7,Medium,1877.66
Gujarat,Arid,Regenerative Agriculture,56.81,1,800,7.6,Low,12.36
Himachal Pradesh,Subtropical,Regenerative Agriculture,244.5,1,1600,27.1,Medium,311.28
Uttar Pradesh,Humid Subtropical,Reforestation,351.71,8,1000,6.1,Medium,1812.02
Goa,Tropical Wet,Afforestation,83.86,3,2900,60.0,High,824.01
Haryana,Humid Subtropical,Regenerative Agriculture,190.15,1,600,3.6,Low,86.53
Tripura,Tropical Wet,Afforestation,89.18,7,2200,73.7,Medium,949.0
Bihar,Humid Subtropical,Reforestation,147.02,2,1100,7.7,Medium,505.52
Arunachal Pradesh,Subtropical,Reforestation,297.06,7,2800,79.3,High,4980.53
Bihar,Humid Subtropical,Regenerative Agriculture,190.2,7,1100,7.7,Medium,261.31
Assam,Tropical Wet,Afforestation,275.92,1,2700,34.2,Medium,1731.46
Nagaland,Tropical Wet,Afforestation,95.43,5,2000,73.9,High,843.05
Bihar,Humid Subtropical,Afforestation,250.71,3,1100,7.7,Medium,788.9
West Bengal,Humid Subtropical,Regenerative Agriculture,115.58,10,1750,18.9,Medium,320.24
Jharkhand,Humid Subtropical,Afforestation,38.44,5,1300,29.6,Medium,151.14
West Bengal,Humid Subtropical,Afforestation,168.59,6,1750,18.9,Medium,1000.47
West Bengal,Humid Subtropical,Reforestation,303.89,2,1750,18.9,Medium,1586.47
Mizoram,Tropical Wet,Regenerative Agriculture,34.84,5,2500,84.5,High,133.93
Gujarat,Arid,Regenerative Agriculture,115.96,6,800,7.6,Low,40.47
Punjab,Humid Subtropical,Afforestation,152.81,9,700,3.6,Medium,582.18
Himachal Pradesh,Subtropical,Reforestation,309.36,2,1600,27.1,Medium,1643.34
Chhattisgarh,Humid Subtropical,Regenerative Agriculture,284.3,3,1400,41.1,Medium,369.46
Bihar,Humid Subtropical,Afforestation,214.59,4,1100,7.7,Medium,778.76
Arunachal Pradesh,Subtropical,Regenerative Agriculture,61.74,10,2800,79.3,High,312.32
Sikkim,Subtropical,Regenerative Agriculture,268.1,4,2700,47.3,High,857.59
Sikkim,Subtropical,Afforestation,472.15,5,2700,47.3,High,4577.83
Arunachal Pradesh,Subtropical,Reforestation,101.65,7,2800,79.3,High,1731.08
Nagaland,Tropical Wet,Regenerative Agriculture,171.86,7,2000,73.9,High,655.42
Andhra Pradesh,Tropical Dry,Reforestation,195.21,7,900,23.0,Low,672.26
Madhya Pradesh,Humid Subtropical,Regenerative Agriculture,249.44,9,1200,25.1,Medium,424.69
Jharkhand,Humid Subtropical,Afforestation,93.93,5,1300,29.6,Medium,393.13
Himachal Pradesh,Subtropical,Reforestation,94.02,4,1600,27.1,Medium,626.92
Maharashtra,Tropical Dry,Reforestation,348.64,9,1100,16.5,Medium,1820.1
Odisha,Humid Subtropical,Reforestation,316.69,1,1500,33.2,Medium,1343.04
Tamil Nadu,Tropical Dry,Reforestation,79.44,6,1000,17.4,Medium,291.22
Uttar Pradesh,Humid Subtropical,Reforestation,350.67,3,1000,6.1,Medium,1157.99
Himachal Pradesh,Subtropical,Reforestation,145.34,7,1600,27.1,Medium,1191.86
Jharkhand,Humid Subtropical,Reforestation,328.05,8,1300,29.6,Medium,2199.41
Bihar,Humid Subtropical,Afforestation,291.37,9,1100,7.7,Medium,1524.44
Haryana,Humid Subtropical,Regenerative Agriculture,185.86,6,600,3.6,Low,153.23
Nagaland,Tropical Wet,Regenerative Agriculture,205.97,6,2000,73.9,High,715.29
Punjab,Humid Subtropical,Reforestation,184.61,4,700,3.6,Medium,549.61
Himachal Pradesh,Subtropical,Regenerative Agriculture,100.87,1,1600,27.1,Medium,129.65
Haryana,Humid Subtropical,Reforestation,43.44,6,600,3.6,Low,128.88
Odisha,Humid Subtropical,Regenerative Agriculture,188.41,10,1500,33.2,Medium,447.34
Jharkhand,Humid Subtropical,Regenerative Agriculture,240.14,9,1300,29.6,Medium,452.86
Nagaland,Tropical Wet,Regenerative Agriculture,37.59,3,2000,73.9,High,93.9
Rajasthan,Arid,Regenerative Agriculture,182.99,6,500,4.8,Very Low,54.75
Nagaland,Tropical Wet,Afforestation,162.83,1,2000,73.9,High,1013.5
Odisha,Humid Subtropical,Afforestation,447.64,4,1500,33.2,Medium,1854.16
Nagaland,Tropical Wet,Afforestation,231.69,5,2000,73.9,High,2062.56
Meghalaya,Tropical Wet,Reforestation,255.37,1,2800,76.3,High,2712.15
Kerala,Tropical Wet,Afforestation,463.84,5,3000,52.3,High,5522.76
Goa,Tropical Wet,Regenerative Agriculture,155.89,6,2900,60.0,High,678.31
West Bengal,Humid Subtropical,Reforestation,147.42,6,1750,18.9,Medium,1158.08
Jharkhand,Humid Subtropical,Regenerative Agriculture,96.65,3,1300,29.6,Medium,111.3
Tamil Nadu,Tropical Dry,Reforestation,214.59,3,1000,17.4,Medium,653.22
Karnataka,Tropical Dry,Regenerative Agriculture,186.69,3,1300,20.1,Medium,198.74
Uttar Pradesh,Humid Subtropical,Reforestation,89.66,10,1000,6.1,Medium,519.99
Jharkhand,Humid Subtropical,Reforestation,397.96,9,1300,29.6,Medium,2822.47
Himachal Pradesh,Subtropical,Afforestation,424.86,5,1600,27.1,Medium,2360.25
Tripura,Tropical Wet,Reforestation,174.5,5,2200,73.7,Medium,2123.51
Tamil Nadu,Tropical Dry,Reforestation,382.02,4,1000,17.4,Medium,1279.97
Telangana,Tropical Dry,Reforestation,92.33,2,950,24.0,Low,203.59
Punjab,Humid Subtropical,Afforestation,343.07,5,700,3.6,Medium,941.46
Sikkim,Subtropical,Afforestation,30.76,1,2700,47.3,High,191.78
Meghalaya,Tropical Wet,Afforestation,227.63,1,2800,76.3,High,1855.13
Karnataka,Tropical Dry,Reforestation,338.26,5,1300,20.1,Medium,1718.49
Telangana,Tropical Dry,Regenerative Agriculture,56.58,9,950,24.0,Low,60.75
Gujarat,Arid,Afforestation,464.54,8,800,7.6,Low,640.19
West Bengal,Humid Subtropical,Regenerative Agriculture,175.87,10,1750,18.9,Medium,494.48
Haryana,Humid Subtropical,Regenerative Agriculture,77.6,5,600,3.6,Low,55.34
Karnataka,Tropical Dry,Reforestation,321.67,4,1300,20.1,Medium,1436.36
Nagaland,Tropical Wet,Regenerative Agriculture,117.56,8,2000,73.9,High,456.23
Madhya Pradesh,Humid Subtropical,Afforestation,269.49,1,1200,25.1,Medium,658.12
Assam,Tropical Wet,Afforestation,316.44,2,2700,34.2,Medium,2301.41
Goa,Tropical Wet,Reforestation,281.69,8,2900,60.0,High,5985.7
Manipur,Subtropical,Reforestation,201.34,3,1500,74.3,Medium,1216.58
Arunachal Pradesh,Subtropical,Afforestation,381.46,6,2800,79.3,High,4003.56
Gujarat,Arid,Afforestation,432.63,3,800,7.6,Low,387.68
Rajasthan,Arid,Afforestation,498.85,9,500,4.8,Very Low,601.22
Arunachal Pradesh,Subtropical,Reforestation,332.32,5,2800,79.3,High,4753.8
Himachal Pradesh,Subtropical,Afforestation,359.16,10,1600,27.1,Medium,2703.29
Kerala,Tropical Wet,Reforestation,216.0,9,3000,52.3,High,4871.31
Gujarat,Arid,Reforestation,384.14,3,800,7.6,Low,404.4
Himachal Pradesh,Subtropical,Afforestation,187.28,4,1600,27.1,Medium,927.78
Arunachal Pradesh,Subtropical,Regenerative Agriculture,171.63,7,2800,79.3,High,731.29
Goa,Tropical Wet,Reforestation,116.34,1,2900,60.0,High,1219.39
Bihar,Humid Subtropical,Reforestation,151.05,3,1100,7.7,Medium,543.6
Himachal Pradesh,Subtropical,Reforestation,211.55,10,1600,27.1,Medium,2118.1
Jharkhand,Humid Subtropical,Regenerative Agriculture,203.47,8,1300,29.6,Medium,356.61
Uttar Pradesh,Humid Subtropical,Regenerative Agriculture,46.38,6,1000,6.1,Medium,54.04
Odisha,Humid Subtropical,Regenerative Agriculture,65.65,1,1500,33.2,Medium,69.06
Chhattisgarh,Humid Subtropical,Reforestation,87.61,10,1400,41.1,Medium,776.0
Rajasthan,Arid,Reforestation,219.87,3,500,4.8,Very Low,192.38
Odisha,Humid Subtropical,Reforestation,306.63,3,1500,33.2,Medium,1729.25
Punjab,Humid Subtropical,Afforestation,480.94,6,700,3.6,Medium,1520.62
Maharashtra,Tropical Dry,Reforestation,372.8,5,1100,16.5,Medium,1421.65
Bihar,Humid Subtropical,Reforestation,177.32,6,1100,7.7,Medium,855.15
Andhra Pradesh,Tropical Dry,Afforestation,189.03,6,900,23.0,Low,443.07
Kerala,Tropical Wet,Afforestation,165.09,2,3000,52.3,High,1457.57
Sikkim,Subtropical,Regenerative Agriculture,176.63,4,2700,47.3,High,556.44
Nagaland,Tropical Wet,Regenerative Agriculture,248.36,10,2000,73.9,High,1127.69
Bihar,Humid Subtropical,Reforestation,265.29,4,1100,7.7,Medium,1028.6
Chhattisgarh,Humid Subtropical,Regenerative Agriculture,55.22,9,1400,41.1,Medium,109.64
Arunachal Pradesh,Subtropical,Reforestation,95.76,9,2800,79.3,High,1876.89
Manipur,Subtropical,Reforestation,338.26,1,1500,74.3,Medium,1566.82
Tamil Nadu,Tropical Dry,Reforestation,350.27,9,1000,17.4,Medium,1769.25
Haryana,Humid Subtropical,Regenerative Agriculture,86.9,8,600,3.6,Low,78.66
Punjab,Humid Subtropical,Reforestation,247.23,10,700,3.6,Medium,1153.37
Goa,Tropical Wet,Reforestation,24.5,10,2900,60.0,High,626.54
Sikkim,Subtropical,Afforestation,198.21,1,2700,47.3,High,1273.86
Karnataka,Tropical Dry,Afforestation,59.16,1,1300,20.1,Medium,134.45
Tripura,Tropical Wet,Reforestation,258.58,1,2200,73.7,Medium,2049.12
Bihar,Humid Subtropical,Regenerative Agriculture,154.76,8,1100,7.7,Medium,217.25
Himachal Pradesh,Subtropical,Reforestation,96.42,7,1600,27.1,Medium,780.05
Nagaland,Tropical Wet,Reforestation,29.08,4,2000,73.9,High,345.2
Manipur,Subtropical,Reforestation,291.0,6,1500,74.3,Medium,2267.25
Meghalaya,Tropical Wet,Regenerative Agriculture,11.32,10,2800,76.3,High,65.38
Karnataka,Tropical Dry,Regenerative Agriculture,182.39,10,1300,20.1,Medium,322.45
Meghalaya,Tropical Wet,Regenerative Agriculture,280.03,2,2800,76.3,High,835.02
Nagaland,Tropical Wet,Regenerative Agriculture,109.1,9,2000,73.9,High,486.43
Chhattisgarh,Humid Subtropical,Afforestation,397.18,8,1400,41.1,Medium,2137.38
Manipur,Subtropical,Afforestation,124.86,2,1500,74.3,Medium,480.97
Manipur,Subtropical,Regenerative Agriculture,167.04,10,1500,74.3,Medium,423.22
Maharashtra,Tropical Dry,Afforestation,195.93,8,1100,16.5,Medium,746.77
Uttarakhand,Subtropical,Reforestation,50.75,9,1800,45.4,High,711.92
Sikkim,Subtropical,Afforestation,124.96,6,2700,47.3,High,1408.98
Gujarat,Arid,Reforestation,372.0,4,800,7.6,Low,430.31
Madhya Pradesh,Humid Subtropical,Afforestation,321.81,10,1200,25.1,Medium,1656.31
Odisha,Humid Subtropical,Regenerative Agriculture,63.31,7,1500,33.2,Medium,125.86
Uttarakhand,Subtropical,Afforestation,147.43,9,1800,45.4,High,1358.49
Chhattisgarh,Humid Subtropical,Afforestation,180.29,10,1400,41.1,Medium,1110.24
Karnataka,Tropical Dry,Regenerative Agriculture,101.22,6,1300,20.1,Medium,137.27
Maharashtra,Tropical Dry,Regenerative Agriculture,205.45,3,1100,16.5,Medium,189.74
Rajasthan,Arid,Afforestation,374.49,8,500,4.8,Very Low,424.86
Uttarakhand,Subtropical,Afforestation,461.41,6,1800,45.4,High,3593.18
Nagaland,Tropical Wet,Afforestation,406.84,10,2000,73.9,High,5169.48
Maharashtra,Tropical Dry,Regenerative Agriculture,168.72,2,1100,16.5,Medium,133.86
Arunachal Pradesh,Subtropical,Reforestation,361.96,5,2800,79.3,High,5037.9
Uttar Pradesh,Humid Subtropical,Afforestation,19.97,9,1000,6.1,Medium,91.81
Arunachal Pradesh,Subtropical,Regenerative Agriculture,92.72,10,2800,79.3,High,475.89
Mizoram,Tropical Wet,Afforestation,184.52,2,2500,84.5,High,1603.88
Chhattisgarh,Humid Subtropical,Afforestation,298.36,10,1400,41.1,Medium,1882.88
Assam,Tropical Wet,Reforestation,21.76,2,2700,34.2,Medium,235.0
Karnataka,Tropical Dry,Afforestation,97.86,6,1300,20.1,Medium,393.03
West Bengal,Humid Subtropical,Afforestation,174.49,2,1750,18.9,Medium,709.13
Nagaland,Tropical Wet,Regenerative Agriculture,136.56,4,2000,73.9,High,385.4
Haryana,Humid Subtropical,Reforestation,256.36,5,600,3.6,Low,688.17
Tripura,Tropical Wet,Reforestation,228.18,3,2200,73.7,Medium,2450.33
Karnataka,Tropical Dry,Reforestation,311.61,8,1300,20.1,Medium,1844.17
Chhattisgarh,Humid Subtropical,Afforestation,350.09,1,1400,41.1,Medium,926.02
Tripura,Tropical Wet,Reforestation,85.89,1,2200,73.7,Medium,705.71
Assam,Tropical Wet,Afforestation,352.89,5,2700,34.2,Medium,3646.29
Nagaland,Tropical Wet,Afforestation,235.12,5,2000,73.9,High,2240.63
Karnataka,Tropical Dry,Regenerative Agriculture,97.11,5,1300,20.1,Medium,124.1
Goa,Tropical Wet,Regenerative Agriculture,208.55,2,2900,60.0,High,624.42
Goa,Tropical Wet,Reforestation,116.05,9,2900,60.0,High,2726.18
Tamil Nadu,Tropical Dry,Reforestation,93.49,8,1000,17.4,Medium,400.66
Kerala,Tropical Wet,Afforestation,174.17,2,3000,52.3,High,1537.35
Bihar,Humid Subtropical,Reforestation,311.1,3,1100,7.7,Medium,1116.81
Jharkhand,Humid Subtropical,Reforestation,18.1,8,1300,29.6,Medium,122.0
Odisha,Humid Subtropical,Regenerative Agriculture,119.34,10,1500,33.2,Medium,280.31
Tripura,Tropical Wet,Regenerative Agriculture,150.7,2,2200,73.7,Medium,349.45
Tripura,Tropical Wet,Reforestation,22.4,8,2200,73.7,Medium,364.36
Himachal Pradesh,Subtropical,Afforestation,112.11,4,1600,27.1,Medium,539.23
Jharkhand,Humid Subtropical,Reforestation,185.35,9,1300,29.6,Medium,1294.08
Madhya Pradesh,Humid Subtropical,Afforestation,439.39,2,1200,25.1,Medium,1132.03
Nagaland,Tropical Wet,Reforestation,347.94,8,2000,73.9,High,5733.05
Kerala,Tropical Wet,Reforestation,219.51,3,3000,52.3,High,3175.11
Bihar,Humid Subtropical,Regenerative Agriculture,283.65,5,1100,7.7,Medium,349.17
Tripura,Tropical Wet,Afforestation,26.57,1,2200,73.7,Medium,155.51
Telangana,Tropical Dry,Reforestation,51.37,5,950,24.0,Low,153.36
Odisha,Humid Subtropical,Regenerative Agriculture,154.17,4,1500,33.2,Medium,230.84
Goa,Tropical Wet,Reforestation,373.04,2,2900,60.0,High,4717.72
Tripura,Tropical Wet,Reforestation,205.56,3,2200,73.7,Medium,2150.06
West Bengal,Humid Subtropical,Afforestation,89.19,7,1750,18.9,Medium,564.25
Goa,Tropical Wet,Regenerative Agriculture,290.04,4,2900,60.0,High,1068.25
Uttarakhand,Subtropical,Regenerative Agriculture,299.24,10,1800,45.4,High,1078.65
Manipur,Subtropical,Reforestation,351.6,3,1500,74.3,Medium,2185.66
Telangana,Tropical Dry,Reforestation,367.37,4,950,24.0,Low,987.78
Madhya Pradesh,Humid Subtropical,Reforestation,116.14,10,1200,25.1,Medium,828.96
Jharkhand,Humid Subtropical,Reforestation,351.42,2,1300,29.6,Medium,1381.0
Chhattisgarh,Humid Subtropical,Regenerative Agriculture,216.6,7,1400,41.1,Medium,389.59
Kerala,Tropical Wet,Regenerative Agriculture,270.47,2,3000,52.3,High,837.12
Arunachal Pradesh,Subtropical,Afforestation,116.06,9,2800,79.3,High,1467.81
West Bengal,Humid Subtropical,Regenerative Agriculture,46.8,3,1750,18.9,Medium,73.23
Uttar Pradesh,Humid Subtropical,Afforestation,184.64,6,1000,6.1,Medium,691.03
Madhya Pradesh,Humid Subtropical,Reforestation,201.3,7,1200,25.1,Medium,1093.7
Odisha,Humid Subtropical,Reforestation,342.42,10,1500,33.2,Medium,3225.67
Uttarakhand,Subtropical,Regenerative Agriculture,185.62,3,1800,45.4,High,402.68
West Bengal,Humid Subtropical,Regenerative Agriculture,34.4,2,1750,18.9,Medium,50.78
Haryana,Humid Subtropical,Reforestation,273.78,8,600,3.6,Low,940.68
Uttar Pradesh,Humid Subtropical,Reforestation,389.15,2,1000,6.1,Medium,1202.32
Kerala,Tropical Wet,Reforestation,363.65,7,3000,52.3,High,7409.06
West Bengal,Humid Subtropical,Reforestation,376.6,6,1750,18.9,Medium,3031.83
Kerala,Tropical Wet,Afforestation,455.37,3,3000,52.3,High,4622.4
Goa,Tropical Wet,Regenerative Agriculture,129.79,8,2900,60.0,High,649.26
Rajasthan,Arid,Regenerative Agriculture,101.19,5,500,4.8,Very Low,26.63
Tripura,Tropical Wet,Afforestation,79.04,10,2200,73.7,Medium,953.54
Assam,Tropical Wet,Reforestation,351.38,7,2700,34.2,Medium,6042.64
Odisha,Humid Subtropical,Regenerative Agriculture,128.26,9,1500,33.2,Medium,256.79
Meghalaya,Tropical Wet,Reforestation,70.28,8,2800,76.3,High,1597.99
Uttarakhand,Subtropical,Reforestation,116.91,5,1800,45.4,High,1219.19
Andhra Pradesh,Tropical Dry,Afforestation,61.17,6,900,23.0,Low,145.64
Goa,Tropical Wet,Reforestation,291.89,3,2900,60.0,High,4338.94
Goa,Tropical Wet,Afforestation,344.08,5,2900,60.0,High,4080.08
Haryana,Humid Subtropical,Afforestation,197.03,7,600,3.6,Low,557.15
West Bengal,Humid Subtropical,Regenerative Agriculture,232.98,1,1750,18.9,Medium,289.64
Telangana,Tropical Dry,Reforestation,112.95,9,950,24.0,Low,430.22
Mizoram,Tropical Wet,Afforestation,90.38,7,2500,84.5,High,1210.48
Chhattisgarh,Humid Subtropical,Reforestation,254.59,9,1400,41.1,Medium,2207.96
Manipur,Subtropical,Reforestation,200.5,1,1500,74.3,Medium,964.42
Arunachal Pradesh,Subtropical,Afforestation,396.82,7,2800,79.3,High,4698.24
Chhattisgarh,Humid Subtropical,Afforestation,238.66,8,1400,41.1,Medium,1291.92
Haryana,Humid Subtropical,Afforestation,383.88,10,600,3.6,Low,1378.48
Goa,Tropical Wet,Regenerative Agriculture,151.3,1,2900,60.0,High,394.28
Himachal Pradesh,Subtropical,Regenerative Agriculture,215.01,1,1600,27.1,Medium,253.12
Andhra Pradesh,Tropical Dry,Regenerative Agriculture,176.48,8,900,23.0,Low,167.07
Punjab,Humid Subtropical,Reforestation,391.2,8,700,3.6,Medium,1544.56
Uttarakhand,Subtropical,Regenerative Agriculture,49.65,4,1800,45.4,High,106.78
West Bengal,Humid Subtropical,Reforestation,137.05,4,1750,18.9,Medium,856.61
Arunachal Pradesh,Subtropical,Regenerative Agriculture,29.98,10,2800,79.3,High,145.34
Madhya Pradesh,Humid Subtropical,Reforestation,175.42,5,1200,25.1,Medium,841.89
Uttarakhand,Subtropical,Reforestation,87.45,9,1800,45.4,High,1133.95
Manipur,Subtropical,Reforestation,318.79,10,1500,74.3,Medium,3202.1
Rajasthan,Arid,Reforestation,365.17,8,500,4.8,Very Low,466.87
Mizoram,Tropical Wet,Afforestation,330.36,7,2500,84.5,High,4444.38
Tamil Nadu,Tropical Dry,Reforestation,397.23,8,1000,17.4,Medium,1814.07
Goa,Tropical Wet,Reforestation,110.83,1,2900,60.0,High,1202.3
Andhra Pradesh,Tropical Dry,Reforestation,71.16,2,900,23.0,Low,153.04
Uttarakhand,Subtropical,Reforestation,193.88,1,1800,45.4,High,1258.88
Punjab,Humid Subtropical,Afforestation,37.36,1,700,3.6,Medium,66.56
Mizoram,Tropical Wet,Reforestation,307.12,7,2500,84.5,High,5709.35
Rajasthan,Arid,Afforestation,270.26,2,500,4.8,Very Low,184.75
West Bengal,Humid Subtropical,Regenerative Agriculture,281.62,1,1750,18.9,Medium,355.51
Maharashtra,Tropical Dry,Regenerative Agriculture,66.18,3,1100,16.5,Medium,56.74
Uttarakhand,Subtropical,Regenerative Agriculture,70.65,7,1800,45.4,High,196.1
Jharkhand,Humid Subtropical,Afforestation,465.45,5,1300,29.6,Medium,1803.71
Telangana,Tropical Dry,Afforestation,318.14,2,950,24.0,Low,547.69
Punjab,Humid Subtropical,Regenerative Agriculture,256.38,2,700,3.6,Medium,168.62
Arunachal Pradesh,Subtropical,Reforestation,244.02,5,2800,79.3,High,3448.27
Jharkhand,Humid Subtropical,Reforestation,29.1,9,1300,29.6,Medium,203.71
Madhya Pradesh,Humid Subtropical,Regenerative Agriculture,160.73,8,1200,25.1,Medium,253.75
Uttarakhand,Subtropical,Regenerative Agriculture,142.04,3,1800,45.4,High,289.33
Bihar,Humid Subtropical,Reforestation,114.71,10,1100,7.7,Medium,702.29
Manipur,Subtropical,Afforestation,475.91,4,1500,74.3,Medium,2295.17
Odisha,Humid Subtropical,Reforestation,203.83,3,1500,33.2,Medium,1071.96
Bihar,Humid Subtropical,Regenerative Agriculture,7.18,1,1100,7.7,Medium,6.07
Gujarat,Arid,Afforestation,221.41,7,800,7.6,Low,290.73
Uttarakhand,Subtropical,Regenerative Agriculture,250.3,3,1800,45.4,High,500.67
Tripura,Tropical Wet,Afforestation,352.5,5,2200,73.7,Medium,3033.49
Uttarakhand,Subtropical,Regenerative Agriculture,48.18,7,1800,45.4,High,134.88
Jharkhand,Humid Subtropical,Afforestation,304.41,9,1300,29.6,Medium,1665.88
Kerala,Tropical Wet,Afforestation,148.61,2,3000,52.3,High,1197.21
Andhra Pradesh,Tropical Dry,Afforestation,155.59,8,900,23.0,Low,427.26
Tamil Nadu,Tropical Dry,Regenerative Agriculture,218.52,5,1000,17.4,Medium,213.45
Maharashtra,Tropical Dry,Regenerative Agriculture,157.76,6,1100,16.5,Medium,183.11
Nagaland,Tropical Wet,Regenerative Agriculture,123.63,5,2000,73.9,High,379.58
Meghalaya,Tropical Wet,Regenerative Agriculture,142.53,7,2800,76.3,High,664.93
Maharashtra,Tropical Dry,Afforestation,358.61,1,1100,16.5,Medium,749.64
Sikkim,Subtropical,Reforestation,127.49,4,2700,47.3,High,1729.0
Goa,Tropical Wet,Afforestation,33.64,10,2900,60.0,High,575.98
Mizoram,Tropical Wet,Afforestation,353.94,10,2500,84.5,High,5597.84
Maharashtra,Tropical Dry,Regenerative Agriculture,276.94,3,1100,16.5,Medium,244.35
West Bengal,Humid Subtropical,Reforestation,91.27,4,1750,18.9,Medium,599.86
Sikkim,Subtropical,Regenerative Agriculture,159.78,6,2700,47.3,High,621.43
Madhya Pradesh,Humid Subtropical,Afforestation,228.95,6,1200,25.1,Medium,940.91
Andhra Pradesh,Tropical Dry,Reforestation,109.89,2,900,23.0,Low,221.14
Madhya Pradesh,Humid Subtropical,Regenerative Agriculture,15.62,6,1200,25.1,Medium,23.13
Gujarat,Arid,Reforestation,265.37,9,800,7.6,Low,429.53
Andhra Pradesh,Tropical Dry,Afforestation,150.1,9,900,23.0,Low,437.37
Arunachal Pradesh,Subtropical,Afforestation,83.86,2,2800,79.3,High,624.79
Mizoram,Tropical Wet,Reforestation,368.29,7,2500,84.5,High,7003.18
Maharashtra,Tropical Dry,Reforestation,219.97,1,1100,16.5,Medium,592.41
West Bengal,Humid Subtropical,Afforestation,395.68,8,1750,18.9,Medium,2744.98
Kerala,Tropical Wet,Reforestation,45.71,5,3000,52.3,High,746.13
Odisha,Humid Subtropical,Regenerative Agriculture,111.49,4,1500,33.2,Medium,157.82
Jharkhand,Humid Subtropical,Reforestation,28.47,1,1300,29.6,Medium,100.24
Nagaland,Tropical Wet,Regenerative Agriculture,207.13,2,2000,73.9,High,468.33
Haryana,Humid Subtropical,Regenerative Agriculture,165.84,2,600,3.6,Low,92.61
Manipur,Subtropical,Reforestation,167.02,1,1500,74.3,Medium,817.74
Andhra Pradesh,Tropical Dry,Reforestation,92.09,10,900,23.0,Low,360.25
Maharashtra,Tropical Dry,Regenerative Agriculture,288.18,9,1100,16.5,Medium,414.35
Tripura,Tropical Wet,Regenerative Agriculture,253.27,8,2200,73.7,Medium,965.79
Manipur,Subtropical,Regenerative Agriculture,111.57,3,1500,74.3,Medium,159.43
Assam,Tropical Wet,Afforestation,281.06,9,2700,34.2,Medium,4014.65
Bihar,Humid Subtropical,Reforestation,49.45,2,1100,7.7,Medium,160.46
Punjab,Humid Subtropical,Reforestation,43.64,6,700,3.6,Medium,153.79
Nagaland,Tropical Wet,Afforestation,140.08,9,2000,73.9,High,1707.06
Punjab,Humid Subtropical,Reforestation,236.86,8,700,3.6,Medium,1016.03
Nagaland,Tropical Wet,Afforestation,96.61,3,2000,73.9,High,709.76
Manipur,Subtropical,Reforestation,240.42,10,1500,74.3,Medium,2594.49
Tamil Nadu,Tropical Dry,Reforestation,109.25,1,1000,17.4,Medium,261.26
Nagaland,Tropical Wet,Afforestation,151.53,10,2000,73.9,High,1949.73
Tamil Nadu,Tropical Dry,Afforestation,280.43,6,1000,17.4,Medium,844.44
West Bengal,Humid Subtropical,Afforestation,102.95,4,1750,18.9,Medium,489.43
Rajasthan,Arid,Afforestation,298.46,6,500,4.8,Very Low,305.85
Mizoram,Tropical Wet,Reforestation,204.4,9,2500,84.5,High,4495.61
Bihar,Humid Subtropical,Reforestation,386.89,3,1100,7.7,Medium,1423.65
Uttar Pradesh,Humid Subtropical,Regenerative Agriculture,227.86,2,1000,6.1,Medium,182.13
Kerala,Tropical Wet,Reforestation,218.22,5,3000,52.3,High,3710.8
Telangana,Tropical Dry,Regenerative Agriculture,107.48,5,950,24.0,Low,81.94
Uttar Pradesh,Humid Subtropical,Regenerative Agriculture,190.93,8,1000,6.1,Medium,249.8
Kerala,Tropical Wet,Regenerative Agriculture,291.2,10,3000,52.3,High,1696.67
Rajasthan,Arid,Afforestation,19.74,1,500,4.8,Very Low,11.23
Mizoram,Tropical Wet,Afforestation,215.87,8,2500,84.5,High,3158.67
Telangana,Tropical Dry,Afforestation,487.56,1,950,24.0,Low,745.5
Karnataka,Tropical Dry,Reforestation,284.26,2,1300,20.1,Medium,978.02
Meghalaya,Tropical Wet,Reforestation,21.04,2,2800,76.3,High,255.9
Meghalaya,Tropical Wet,Reforestation,329.54,5,2800,76.3,High,5637.07
Assam,Tropical Wet,Reforestation,376.22,6,2700,34.2,Medium,6220.13
Manipur,Subtropical,Afforestation,182.25,6,1500,74.3,Medium,999.06
Uttarakhand,Subtropical,Regenerative Agriculture,195.57,4,1800,45.4,High,433.03
Punjab,Humid Subtropical,Regenerative Agriculture,208.71,1,700,3.6,Medium,118.17
Bihar,Humid Subtropical,Afforestation,265.34,1,1100,7.7,Medium,648.7
Maharashtra,Tropical Dry,Reforestation,286.36,6,1100,16.5,Medium,1241.63
Bihar,Humid Subtropical,Regenerative Agriculture,108.08,2,1100,7.7,Medium,94.72
Nagaland,Tropical Wet,Reforestation,101.4,9,2000,73.9,High,1893.17
Manipur,Subtropical,Regenerative Agriculture,90.24,10,1500,74.3,Medium,228.7
Odisha,Humid Subtropical,Afforestation,464.0,3,1500,33.2,Medium,1763.26
Karnataka,Tropical Dry,Regenerative Agriculture,228.2,9,1300,20.1,Medium,402.11
Manipur,Subtropical,Regenerative Agriculture,184.02,10,1500,74.3,Medium,481.05
Uttar Pradesh,Humid Subtropical,Afforestation,359.18,1,1000,6.1,Medium,861.9
Arunachal Pradesh,Subtropical,Afforestation,172.96,1,2800,79.3,High,1168.04
Uttarakhand,Subtropical,Afforestation,72.04,4,1800,45.4,High,452.76
Punjab,Humid Subtropical,Reforestation,329.31,10,700,3.6,Medium,1504.64
Madhya Pradesh,Humid Subtropical,Regenerative Agriculture,81.07,4,1200,25.1,Medium,98.09
Assam,Tropical Wet,Regenerative Agriculture,293.79,9,2700,34.2,Medium,1440.7
Tripura,Tropical Wet,Regenerative Agriculture,73.74,4,2200,73.7,Medium,191.59
Rajasthan,Arid,Afforestation,18.92,7,500,4.8,Very Low,19.97
Andhra Pradesh,Tropical Dry,Reforestation,53.02,3,900,23.0,Low,120.83
Telangana,Tropical Dry,Afforestation,312.02,1,950,24.0,Low,470.37
Himachal Pradesh,Subtropical,Regenerative Agriculture,267.06,6,1600,27.1,Medium,573.01
Punjab,Humid Subtropical,Regenerative Agriculture,244.91,2,700,3.6,Medium,162.1
Rajasthan,Arid,Afforestation,29.01,2,500,4.8,Very Low,19.36
Andhra Pradesh,Tropical Dry,Reforestation,354.28,3,900,23.0,Low,802.42
Gujarat,Arid,Regenerative Agriculture,51.17,9,800,7.6,Low,22.71
Andhra Pradesh,Tropical Dry,Afforestation,279.94,1,900,23.0,Low,397.09
Goa,Tropical Wet,Reforestation,279.94,6,2900,60.0,High,5294.12
Nagaland,Tropical Wet,Regenerative Agriculture,174.82,5,2000,73.9,High,552.92
Rajasthan,Arid,Regenerative Agriculture,242.83,6,500,4.8,Very Low,68.5
Haryana,Humid Subtropical,Afforestation,381.75,7,600,3.6,Low,1137.98
Tripura,Tropical Wet,Reforestation,398.29,10,2200,73.7,Medium,6949.58
Meghalaya,Tropical Wet,Regenerative Agriculture,131.72,8,2800,76.3,High,678.13
Telangana,Tropical Dry,Reforestation,380.67,2,950,24.0,Low,842.51
Odisha,Humid Subtropical,Afforestation,56.81,8,1500,33.2,Medium,328.93
Assam,Tropical Wet,Afforestation,367.55,7,2700,34.2,Medium,4557.75
West Bengal,Humid Subtropical,Regenerative Agriculture,251.31,3,1750,18.9,Medium,387.42
Haryana,Humid Subtropical,Reforestation,311.62,7,600,3.6,Low,1002.14
Kerala,Tropical Wet,Afforestation,349.17,8,3000,52.3,High,5020.83
Uttar Pradesh,Humid Subtropical,Regenerative Agriculture,13.17,9,1000,6.1,Medium,18.63
Rajasthan,Arid,Reforestation,299.07,1,500,4.8,Very Low,198.41
Kerala,Tropical Wet,Reforestation,43.07,10,3000,52.3,High,999.8
Kerala,Tropical Wet,Afforestation,350.92,2,3000,52.3,High,2981.3
Bihar,Humid Subtropical,Afforestation,51.21,2,1100,7.7,Medium,150.37
Himachal Pradesh,Subtropical,Afforestation,330.25,8,1600,27.1,Medium,2266.68
Punjab,Humid Subtropical,Afforestation,342.45,9,700,3.6,Medium,1348.33
Mizoram,Tropical Wet,Afforestation,330.36,8,2500,84.5,High,4702.63
Tamil Nadu,Tropical Dry,Afforestation,82.69,5,1000,17.4,Medium,233.75
Goa,Tropical Wet,Afforestation,295.36,3,2900,60.0,High,2829.12
Punjab,Humid Subtropical,Regenerative Agriculture,163.99,2,700,3.6,Medium,107.89
Madhya Pradesh,Humid Subtropical,Regenerative Agriculture,135.06,1,1200,25.1,Medium,115.57
Nagaland,Tropical Wet,Reforestation,360.9,4,2000,73.9,High,4299.68
Punjab,Humid Subtropical,Regenerative Agriculture,283.8,1,700,3.6,Medium,164.94
Arunachal Pradesh,Subtropical,Reforestation,177.43,4,2800,79.3,High,2475.16
Uttarakhand,Subtropical,Regenerative Agriculture,232.52,6,1800,45.4,High,602.79
Arunachal Pradesh,Subtropical,Afforestation,20.8,3,2800,79.3,High,177.28
Karnataka,Tropical Dry,Regenerative Agriculture,184.26,4,1300,20.1,Medium,220.16
Haryana,Humid Subtropical,Afforestation,392.02,5,600,3.6,Low,921.26
Andhra Pradesh,Tropical Dry,Afforestation,266.36,10,900,23.0,Low,823.4
Andhra Pradesh,Tropical Dry,Regenerative Agriculture,94.85,9,900,23.0,Low,96.41
Nagaland,Tropical Wet,Afforestation,333.84,8,2000,73.9,High,3693.41
Odisha,Humid Subtropical,Afforestation,463.19,9,1500,33.2,Medium,2834.1
Sikkim,Subtropical,Reforestation,155.92,6,2700,47.3,High,2503.12
Uttarakhand,Subtropical,Regenerative Agriculture,8.1,4,1800,45.4,High,18.34
Jharkhand,Humid Subtropical,Afforestation,268.08,8,1300,29.6,Medium,1357.39
Tripura,Tropical Wet,Afforestation,28.7,1,2200,73.7,Medium,162.83
Sikkim,Subtropical,Reforestation,318.82,10,2700,47.3,High,6515.36
Maharashtra,Tropical Dry,Afforestation,48.58,9,1100,16.5,Medium,191.19
Uttar Pradesh,Humid Subtropical,Afforestation,120.13,5,1000,6.1,Medium,443.25
Chhattisgarh,Humid Subtropical,Afforestation,484.93,10,1400,41.1,Medium,3055.39
Tripura,Tropical Wet,Afforestation,75.4,10,2200,73.7,Medium,922.18
Telangana,Tropical Dry,Afforestation,29.67,8,950,24.0,Low,82.28
Rajasthan,Arid,Reforestation,360.46,7,500,4.8,Very Low,451.83
Andhra Pradesh,Tropical Dry,Reforestation,165.78,4,900,23.0,Low,414.77
Arunachal Pradesh,Subtropical,Regenerative Agriculture,130.21,10,2800,79.3,High,632.29
Uttarakhand,Subtropical,Reforestation,206.2,7,1800,45.4,High,2303.18
Manipur,Subtropical,Reforestation,70.38,1,1500,74.3,Medium,335.49
Punjab,Humid Subtropical,Regenerative Agriculture,114.85,5,700,3.6,Medium,95.25
Uttar Pradesh,Humid Subtropical,Reforestation,246.79,4,1000,6.1,Medium,935.42
Bihar,Humid Subtropical,Reforestation,38.69,2,1100,7.7,Medium,130.72
West Bengal,Humid Subtropical,Afforestation,427.42,5,1750,18.9,Medium,2208.38
Jharkhand,Humid Subtropical,Regenerative Agriculture,298.04,10,1300,29.6,Medium,604.06
Haryana,Humid Subtropical,Reforestation,213.3,3,600,3.6,Low,498.34
Himachal Pradesh,Subtropical,Afforestation,138.46,5,1600,27.1,Medium,745.48
Sikkim,Subtropical,Reforestation,161.14,4,2700,47.3,High,2152.92
Jharkhand,Humid Subtropical,Reforestation,107.18,5,1300,29.6,Medium,571.26
Gujarat,Arid,Reforestation,99.33,3,800,7.6,Low,98.08
Jharkhand,Humid Subtropical,Reforestation,379.94,4,1300,29.6,Medium,1879.9
Uttarakhand,Subtropical,Regenerative Agriculture,102.56,5,1800,45.4,High,249.91
Jharkhand,Humid Subtropical,Afforestation,239.52,7,1300,29.6,Medium,1101.8
Tripura,Tropical Wet,Regenerative Agriculture,297.08,9,2200,73.7,Medium,1191.64
Arunachal Pradesh,Subtropical,Reforestation,345.69,1,2800,79.3,High,3331.59
Andhra Pradesh,Tropical Dry,Regenerative Agriculture,273.39,4,900,23.0,Low,181.93
Karnataka,Tropical Dry,Afforestation,219.13,4,1300,20.1,Medium,696.87
Meghalaya,Tropical Wet,Afforestation,238.14,5,2800,76.3,High,2822.3
Uttarakhand,Subtropical,Reforestation,202.86,1,1800,45.4,High,1339.38
Andhra Pradesh,Tropical Dry,Afforestation,298.15,9,900,23.0,Low,871.16
Karnataka,Tropical Dry,Afforestation,171.24,7,1300,20.1,Medium,721.98
Gujarat,Arid,Reforestation,124.68,6,800,7.6,Low,170.77
Assam,Tropical Wet,Reforestation,305.49,8,2700,34.2,Medium,5299.78
Odisha,Humid Subtropical,Regenerative Agriculture,95.79,1,1500,33.2,Medium,102.0
Telangana,Tropical Dry,Reforestation,234.73,6,950,24.0,Low,761.14
Uttarakhand,Subtropical,Regenerative Agriculture,199.55,9,1800,45.4,High,675.42
Himachal Pradesh,Subtropical,Reforestation,333.65,8,1600,27.1,Medium,2947.13
Goa,Tropical Wet,Reforestation,394.24,7,2900,60.0,High,7699.14
Kerala,Tropical Wet,Reforestation,309.75,4,3000,52.3,High,4562.23
Nagaland,Tropical Wet,Regenerative Agriculture,105.92,6,2000,73.9,High,360.49
Kerala,Tropical Wet,Afforestation,73.99,2,3000,52.3,High,639.64
Rajasthan,Arid,Reforestation,31.35,7,500,4.8,Very Low,39.39
Sikkim,Subtropical,Regenerative Agriculture,294.85,10,2700,47.3,High,1462.87
Jharkhand,Humid Subtropical,Afforestation,75.99,9,1300,29.6,Medium,411.36
Meghalaya,Tropical Wet,Regenerative Agriculture,251.33,2,2800,76.3,High,795.74
West Bengal,Humid Subtropical,Afforestation,213.54,8,1750,18.9,Medium,1431.62
Sikkim,Subtropical,Regenerative Agriculture,130.1,7,2700,47.3,High,532.46
Nagaland,Tropical Wet,Reforestation,212.88,8,2000,73.9,High,3456.47
Andhra Pradesh,Tropical Dry,Reforestation,337.5,4,900,23.0,Low,867.82
Uttar Pradesh,Humid Subtropical,Afforestation,20.08,10,1000,6.1,Medium,105.58
Meghalaya,Tropical Wet,Afforestation,190.97,3,2800,76.3,High,1823.53
Goa,Tropical Wet,Afforestation,37.74,9,2900,60.0,High,609.83
Sikkim,Subtropical,Afforestation,440.84,7,2700,47.3,High,4989.22
Odisha,Humid Subtropical,Afforestation,164.48,7,1500,33.2,Medium,879.21
Haryana,Humid Subtropical,Reforestation,304.46,5,600,3.6,Low,857.0
Chhattisgarh,Humid Subtropical,Regenerative Agriculture,228.59,6,1400,41.1,Medium,367.35
Mizoram,Tropical Wet,Regenerative Agriculture,186.4,5,2500,84.5,High,759.75
Uttarakhand,Subtropical,Regenerative Agriculture,39.04,7,1800,45.4,High,112.3
Gujarat,Arid,Regenerative Agriculture,206.94,8,800,7.6,Low,88.04
Telangana,Tropical Dry,Reforestation,131.4,3,950,24.0,Low,327.19
Nagaland,Tropical Wet,Reforestation,222.31,1,2000,73.9,High,1786.76
Uttarakhand,Subtropical,Reforestation,345.44,2,1800,45.4,High,2659.45
Assam,Tropical Wet,Afforestation,397.95,10,2700,34.2,Medium,5793.42
Arunachal Pradesh,Subtropical,Afforestation,100.93,2,2800,79.3,High,744.89
Punjab,Humid Subtropical,Reforestation,31.15,10,700,3.6,Medium,145.08
Kerala,Tropical Wet,Regenerative Agriculture,37.52,7,3000,52.3,High,178.98
Assam,Tropical Wet,Regenerative Agriculture,237.12,7,2700,34.2,Medium,987.75
Manipur,Subtropical,Reforestation,88.46,7,1500,74.3,Medium,762.55
Mizoram,Tropical Wet,Reforestation,65.73,7,2500,84.5,High,1268.84
Tripura,Tropical Wet,Reforestation,369.91,8,2200,73.7,Medium,6195.35
Mizoram,Tropical Wet,Afforestation,257.94,4,2500,84.5,High,2761.17
Sikkim,Subtropical,Regenerative Agriculture,84.33,3,2700,47.3,High,246.38
Rajasthan,Arid,Regenerative Agriculture,162.18,10,500,4.8,Very Low,64.2
Goa,Tropical Wet,Reforestation,183.79,1,2900,60.0,High,2113.93
Uttarakhand,Subtropical,Reforestation,158.27,9,1800,45.4,High,2033.08
Mizoram,Tropical Wet,Afforestation,352.3,9,2500,84.5,High,5454.65
Arunachal Pradesh,Subtropical,Afforestation,62.26,5,2800,79.3,High,626.18
Karnataka,Tropical Dry,Reforestation,73.15,7,1300,20.1,Medium,419.25
Rajasthan,Arid,Afforestation,463.37,4,500,4.8,Very Low,378.6
Telangana,Tropical Dry,Regenerative Agriculture,132.95,5,950,24.0,Low,106.18
Karnataka,Tropical Dry,Reforestation,204.3,8,1300,20.1,Medium,1268.65
Telangana,Tropical Dry,Regenerative Agriculture,134.75,6,950,24.0,Low,116.57
Chhattisgarh,Humid Subtropical,Afforestation,253.85,1,1400,41.1,Medium,713.87
Jharkhand,Humid Subtropical,Reforestation,21.69,4,1300,29.6,Medium,105.17
Meghalaya,Tropical Wet,Afforestation,280.61,2,2800,76.3,High,2438.61
Gujarat,Arid,Regenerative Agriculture,163.5,9,800,7.6,Low,76.47
Gujarat,Arid,Afforestation,371.89,2,800,7.6,Low,275.53
Sikkim,Subtropical,Regenerative Agriculture,281.26,2,2700,47.3,High,736.63
Karnataka,Tropical Dry,Regenerative Agriculture,118.74,6,1300,20.1,Medium,165.87
Rajasthan,Arid,Reforestation,216.61,5,500,4.8,Very Low,219.9
Haryana,Humid Subtropical,Regenerative Agriculture,123.72,7,600,3.6,Low,100.24
Assam,Tropical Wet,Afforestation,152.07,7,2700,34.2,Medium,1858.29
Jharkhand,Humid Subtropical,Afforestation,406.55,1,1300,29.6,Medium,1062.97
West Bengal,Humid Subtropical,Reforestation,103.47,1,1750,18.9,Medium,493.19
Rajasthan,Arid,Reforestation,388.73,4,500,4.8,Very Low,359.81
Bihar,Humid Subtropical,Reforestation,63.99,7,1100,7.7,Medium,338.37
Tripura,Tropical Wet,Reforestation,21.52,4,2200,73.7,Medium,234.24
Haryana,Humid Subtropical,Afforestation,10.65,5,600,3.6,Low,25.08
Uttar Pradesh,Humid Subtropical,Reforestation,210.46,10,1000,6.1,Medium,1160.01
Bihar,Humid Subtropical,Afforestation,403.84,1,1100,7.7,Medium,1094.73
Tripura,Tropical Wet,Regenerative Agriculture,126.04,4,2200,73.7,Medium,341.9
Andhra Pradesh,Tropical Dry,Regenerative Agriculture,229.26,2,900,23.0,Low,123.26
Sikkim,Subtropical,Regenerative Agriculture,175.92,2,2700,47.3,High,450.21
Kerala,Tropical Wet,Reforestation,358.34,5,3000,52.3,High,6145.25
Uttarakhand,Subtropical,Regenerative Agriculture,215.79,2,1800,45.4,High,374.31
Madhya Pradesh,Humid Subtropical,Afforestation,447.41,3,1200,25.1,Medium,1370.68
Gujarat,Arid,Regenerative Agriculture,178.44,1,800,7.6,Low,40.4
Meghalaya,Tropical Wet,Reforestation,137.46,5,2800,76.3,High,2403.21
Telangana,Tropical Dry,Reforestation,300.32,3,950,24.0,Low,758.51
Punjab,Humid Subtropical,Regenerative Agriculture,62.3,5,700,3.6,Medium,52.94
Tripura,Tropical Wet,Afforestation,107.68,4,2200,73.7,Medium,840.96
Uttar Pradesh,Humid Subtropical,Regenerative Agriculture,9.22,8,1000,6.1,Medium,11.85
Madhya Pradesh,Humid Subtropical,Afforestation,471.3,10,1200,25.1,Medium,2567.14
Himachal Pradesh,Subtropical,Reforestation,183.38,3,1600,27.1,Medium,1051.02
Gujarat,Arid,Afforestation,46.29,1,800,7.6,Low,32.41
Manipur,Subtropical,Reforestation,41.41,10,1500,74.3,Medium,449.35
Odisha,Humid Subtropical,Reforestation,166.9,6,1500,33.2,Medium,1144.8
Assam,Tropical Wet,Afforestation,110.5,8,2700,34.2,Medium,1341.83
Madhya Pradesh,Humid Subtropical,Reforestation,114.16,7,1200,25.1,Medium,655.62
Tripura,Tropical Wet,Reforestation,247.93,2,2200,73.7,Medium,2244.73
Sikkim,Subtropical,Afforestation,259.49,8,2700,47.3,High,3354.08
Bihar,Humid Subtropical,Regenerative Agriculture,175.0,7,1100,7.7,Medium,250.43
Madhya Pradesh,Humid Subtropical,Afforestation,468.54,6,1200,25.1,Medium,2053.19
Haryana,Humid Subtropical,Regenerative Agriculture,42.48,9,600,3.6,Low,41.54
Bihar,Humid Subtropical,Afforestation,329.46,2,1100,7.7,Medium,975.84
Bihar,Humid Subtropical,Afforestation,346.92,4,1100,7.7,Medium,1182.74
Kerala,Tropical Wet,Regenerative Agriculture,218.83,4,3000,52.3,High,819.01
Kerala,Tropical Wet,Afforestation,260.66,5,3000,52.3,High,2886.89
Assam,Tropical Wet,Reforestation,72.74,7,2700,34.2,Medium,1237.26
Madhya Pradesh,Humid Subtropical,Regenerative Agriculture,129.48,6,1200,25.1,Medium,185.12
Manipur,Subtropical,Reforestation,249.2,2,1500,74.3,Medium,1360.42
Haryana,Humid Subtropical,Regenerative Agriculture,281.96,8,600,3.6,Low,270.15
Punjab,Humid Subtropical,Regenerative Agriculture,103.01,10,700,3.6,Medium,124.8
Madhya Pradesh,Humid Subtropical,Afforestation,445.29,1,1200,25.1,Medium,1064.88
Chhattisgarh,Humid Subtropical,Reforestation,260.62,5,1400,41.1,Medium,1600.9
Rajasthan,Arid,Reforestation,71.08,7,500,4.8,Very Low,90.23
Andhra Pradesh,Tropical Dry,Afforestation,422.44,9,900,23.0,Low,1128.6
Andhra Pradesh,Tropical Dry,Afforestation,445.42,8,900,23.0,Low,1146.1
Gujarat,Arid,Afforestation,381.57,6,800,7.6,Low,459.69
Meghalaya,Tropical Wet,Reforestation,34.73,6,2800,76.3,High,617.13
Bihar,Humid Subtropical,Afforestation,107.01,4,1100,7.7,Medium,377.45
Assam,Tropical Wet,Reforestation,86.45,3,2700,34.2,Medium,1080.2
Kerala,Tropical Wet,Afforestation,387.12,3,3000,52.3,High,3626.57
Manipur,Subtropical,Regenerative Agriculture,83.27,4,1500,74.3,Medium,136.07
Kerala,Tropical Wet,Afforestation,352.01,8,3000,52.3,High,5354.06
Kerala,Tropical Wet,Reforestation,312.66,6,3000,52.3,High,5414.76
Tamil Nadu,Tropical Dry,Reforestation,263.65,10,1000,17.4,Medium,1402.5
Andhra Pradesh,Tropical Dry,Afforestation,326.27,3,900,23.0,Low,595.01
Kerala,Tropical Wet,Regenerative Agriculture,73.18,1,3000,52.3,High,204.05
Odisha,Humid Subtropical,Regenerative Agriculture,261.31,3,1500,33.2,Medium,345.99
Sikkim,Subtropical,Reforestation,262.05,6,2700,47.3,High,4130.19
Meghalaya,Tropical Wet,Afforestation,42.28,2,2800,76.3,High,345.79
Punjab,Humid Subtropical,Reforestation,350.08,3,700,3.6,Medium,916.58
Haryana,Humid Subtropical,Afforestation,35.63,3,600,3.6,Low,74.68
Andhra Pradesh,Tropical Dry,Regenerative Agriculture,260.36,2,900,23.0,Low,144.16
Kerala,Tropical Wet,Reforestation,21.49,3,3000,52.3,High,311.17
Haryana,Humid Subtropical,Reforestation,323.76,1,600,3.6,Low,552.39
Tamil Nadu,Tropical Dry,Afforestation,78.95,1,1000,17.4,Medium,145.52
Madhya Pradesh,Humid Subtropical,Reforestation,373.74,7,1200,25.1,Medium,1973.58
Assam,Tropical Wet,Reforestation,146.86,9,2700,34.2,Medium,3042.66
Maharashtra,Tropical Dry,Reforestation,109.3,2,1100,16.5,Medium,318.21
Assam,Tropical Wet,Reforestation,187.18,8,2700,34.2,Medium,3293.35
Nagaland,Tropical Wet,Reforestation,267.3,5,2000,73.9,High,3613.02
Odisha,Humid Subtropical,Regenerative Agriculture,281.08,5,1500,33.2,Medium,445.11
Jharkhand,Humid Subtropical,Regenerative Agriculture,170.35,10,1300,29.6,Medium,340.5
Meghalaya,Tropical Wet,Afforestation,44.27,7,2800,76.3,High,587.74
Nagaland,Tropical Wet,Reforestation,301.53,3,2000,73.9,High,3277.45
Telangana,Tropical Dry,Reforestation,115.72,6,950,24.0,Low,380.85
Madhya Pradesh,Humid Subtropical,Afforestation,302.51,10,1200,25.1,Medium,1612.07
Nagaland,Tropical Wet,Regenerative Agriculture,156.49,1,2000,73.9,High,328.9
Tripura,Tropical Wet,Regenerative Agriculture,214.98,7,2200,73.7,Medium,763.37
Kerala,Tropical Wet,Reforestation,365.79,8,3000,52.3,High,8107.73
Bihar,Humid Subtropical,Afforestation,207.78,10,1100,7.7,Medium,1112.29
Gujarat,Arid,Regenerative Agriculture,238.04,1,800,7.6,Low,50.47
Telangana,Tropical Dry,Reforestation,37.96,10,950,24.0,Low,164.44
Mizoram,Tropical Wet,Reforestation,244.71,10,2500,84.5,High,6032.36
Kerala,Tropical Wet,Afforestation,304.23,5,3000,52.3,High,3570.54
Bihar,Humid Subtropical,Afforestation,226.34,8,1100,7.7,Medium,1079.72
Rajasthan,Arid,Reforestation,198.01,3,500,4.8,Very Low,174.9
Rajasthan,Arid,Regenerative Agriculture,62.81,2,500,4.8,Very Low,12.2
Assam,Tropical Wet,Regenerative Agriculture,95.02,7,2700,34.2,Medium,382.9
Chhattisgarh,Humid Subtropical,Regenerative Agriculture,30.04,5,1400,41.1,Medium,44.22
Odisha,Humid Subtropical,Afforestation,96.17,3,1500,33.2,Medium,368.65
Tripura,Tropical Wet,Reforestation,19.07,2,2200,73.7,Medium,180.41
Meghalaya,Tropical Wet,Regenerative Agriculture,64.97,6,2800,76.3,High,297.52
Himachal Pradesh,Subtropical,Afforestation,394.64,3,1600,27.1,Medium,1768.64
Bihar,Humid Subtropical,Reforestation,182.12,4,1100,7.7,Medium,709.09
Rajasthan,Arid,Afforestation,399.83,5,500,4.8,Very Low,362.5
Telangana,Tropical Dry,Afforestation,467.78,4,950,24.0,Low,929.37
Andhra Pradesh,Tropical Dry,Afforestation,38.49,5,900,23.0,Low,81.05
Tamil Nadu,Tropical Dry,Regenerative Agriculture,61.78,10,1000,17.4,Medium,88.04
Chhattisgarh,Humid Subtropical,Afforestation,323.13,9,1400,41.1,Medium,1848.23
Manipur,Subtropical,Regenerative Agriculture,60.12,7,1500,74.3,Medium,120.69
Madhya Pradesh,Humid Subtropical,Regenerative Agriculture,299.47,8,1200,25.1,Medium,455.0
Karnataka,Tropical Dry,Reforestation,183.88,5,1300,20.1,Medium,858.89
Madhya Pradesh,Humid Subtropical,Afforestation,213.81,6,1200,25.1,Medium,873.68
Gujarat,Arid,Regenerative Agriculture,60.83,4,800,7.6,Low,18.51
Jharkhand,Humid Subtropical,Reforestation,381.81,4,1300,29.6,Medium,1835.55
Punjab,Humid Subtropical,Afforestation,381.34,5,700,3.6,Medium,1063.68
Gujarat,Arid,Reforestation,273.23,2,800,7.6,Low,257.77
Himachal Pradesh,Subtropical,Afforestation,417.81,4,1600,27.1,Medium,2124.93
Mizoram,Tropical Wet,Reforestation,375.54,9,2500,84.5,High,7984.05
Bihar,Humid Subtropical,Regenerative Agriculture,73.99,3,1100,7.7,Medium,71.44
Nagaland,Tropical Wet,Reforestation,167.43,6,2000,73.9,High,2458.92
Jharkhand,Humid Subtropical,Reforestation,254.74,2,1300,29.6,Medium,973.2
Assam,Tropical Wet,Regenerative Agriculture,57.35,5,2700,34.2,Medium,203.99
Chhattisgarh,Humid Subtropical,Reforestation,300.71,1,1400,41.1,Medium,1260.08
Madhya Pradesh,Humid Subtropical,Reforestation,199.95,9,1200,25.1,Medium,1322.7
Manipur,Subtropical,Reforestation,140.45,4,1500,74.3,Medium,958.74
Assam,Tropical Wet,Afforestation,41.93,5,2700,34.2,Medium,409.82
Jharkhand,Humid Subtropical,Afforestation,491.96,5,1300,29.6,Medium,2064.06
Karnataka,Tropical Dry,Afforestation,278.27,2,1300,20.1,Medium,709.75
Uttarakhand,Subtropical,Afforestation,275.85,3,1800,45.4,High,1553.76
Himachal Pradesh,Subtropical,Reforestation,19.78,1,1600,27.1,Medium,94.48
Jharkhand,Humid Subtropical,Afforestation,196.66,9,1300,29.6,Medium,1029.22
Haryana,Humid Subtropical,Regenerative Agriculture,202.36,10,600,3.6,Low,213.78
Tripura,Tropical Wet,Reforestation,79.92,9,2200,73.7,Medium,1276.02
Arunachal Pradesh,Subtropical,Regenerative Agriculture,104.03,9,2800,79.3,High,493.16
Karnataka,Tropical Dry,Reforestation,217.19,6,1300,20.1,Medium,1149.07
Karnataka,Tropical Dry,Regenerative Agriculture,9.82,8,1300,20.1,Medium,15.35
Maharashtra,Tropical Dry,Reforestation,166.56,7,1100,16.5,Medium,787.38
Assam,Tropical Wet,Regenerative Agriculture,46.86,5,2700,34.2,Medium,165.35
Maharashtra,Tropical Dry,Reforestation,102.66,2,1100,16.5,Medium,318.83
Himachal Pradesh,Subtropical,Afforestation,48.59,6,1600,27.1,Medium,289.26
Nagaland,Tropical Wet,Reforestation,245.11,7,2000,73.9,High,3763.09
Punjab,Humid Subtropical,Reforestation,212.48,7,700,3.6,Medium,802.2
Karnataka,Tropical Dry,Afforestation,242.04,8,1300,20.1,Medium,1107.21
Uttarakhand,Subtropical,Reforestation,202.7,9,1800,45.4,High,2618.64
Arunachal Pradesh,Subtropical,Regenerative Agriculture,69.25,9,2800,79.3,High,308.63
Kerala,Tropical Wet,Afforestation,359.45,9,3000,52.3,High,5686.32
West Bengal,Humid Subtropical,Afforestation,133.35,8,1750,18.9,Medium,916.68
Uttarakhand,Subtropical,Afforestation,319.63,1,1800,45.4,High,1436.96
Tamil Nadu,Tropical Dry,Reforestation,369.3,10,1000,17.4,Medium,1988.42
Karnataka,Tropical Dry,Afforestation,249.05,7,1300,20.1,Medium,1061.85
Gujarat,Arid,Reforestation,266.33,1,800,7.6,Low,211.92
Chhattisgarh,Humid Subtropical,Regenerative Agriculture,257.29,6,1400,41.1,Medium,435.36
Kerala,Tropical Wet,Reforestation,354.94,8,3000,52.3,High,7361.61
Odisha,Humid Subtropical,Regenerative Agriculture,107.53,4,1500,33.2,Medium,154.21
Uttarakhand,Subtropical,Reforestation,319.6,1,1800,45.4,High,2091.93
Arunachal Pradesh,Subtropical,Reforestation,288.12,4,2800,79.3,High,3695.24
Telangana,Tropical Dry,Reforestation,124.9,1,950,24.0,Low,246.4
Sikkim,Subtropical,Regenerative Agriculture,264.69,9,2700,47.3,High,1238.88
Uttarakhand,Subtropical,Regenerative Agriculture,15.32,8,1800,45.4,High,48.29
Uttarakhand,Subtropical,Afforestation,240.46,6,1800,45.4,High,1761.48
Karnataka,Tropical Dry,Reforestation,195.11,3,1300,20.1,Medium,825.22
Tamil Nadu,Tropical Dry,Reforestation,92.55,8,1000,17.4,Medium,409.61
Himachal Pradesh,Subtropical,Reforestation,348.57,9,1600,27.1,Medium,3303.16
Tamil Nadu,Tropical Dry,Afforestation,278.5,8,1000,17.4,Medium,966.58
Punjab,Humid Subtropical,Afforestation,415.78,10,700,3.6,Medium,1740.28
Punjab,Humid Subtropical,Regenerative Agriculture,190.82,1,700,3.6,Medium,105.62
Telangana,Tropical Dry,Regenerative Agriculture,160.33,1,950,24.0,Low,83.67
Goa,Tropical Wet,Regenerative Agriculture,222.1,9,2900,60.0,High,1191.01
Arunachal Pradesh,Subtropical,Afforestation,56.29,6,2800,79.3,High,613.52
Goa,Tropical Wet,Reforestation,84.81,8,2900,60.0,High,1848.79
Meghalaya,Tropical Wet,Afforestation,355.75,9,2800,76.3,High,5611.86
Uttar Pradesh,Humid Subtropical,Reforestation,165.16,8,1000,6.1,Medium,824.03
Rajasthan,Arid,Afforestation,218.77,1,500,4.8,Very Low,125.92
Himachal Pradesh,Subtropical,Afforestation,45.81,3,1600,27.1,Medium,205.13
Maharashtra,Tropical Dry,Reforestation,104.09,7,1100,16.5,Medium,500.09
Andhra Pradesh,Tropical Dry,Afforestation,434.85,8,900,23.0,Low,1181.86
Karnataka,Tropical Dry,Regenerative Agriculture,208.73,8,1300,20.1,Medium,336.5
Tamil Nadu,Tropical Dry,Afforestation,409.18,2,1000,17.4,Medium,843.17
Gujarat,Arid,Regenerative Agriculture,238.07,5,800,7.6,Low,79.67
Haryana,Humid Subtropical,Reforestation,288.28,3,600,3.6,Low,628.56
Bihar,Humid Subtropical,Afforestation,330.43,6,1100,7.7,Medium,1388.93
Odisha,Humid Subtropical,Reforestation,125.61,8,1500,33.2,Medium,1046.82
Haryana,Humid Subtropical,Regenerative Agriculture,225.1,9,600,3.6,Low,220.98
Karnataka,Tropical Dry,Reforestation,108.83,2,1300,20.1,Medium,378.59
Punjab,Humid Subtropical,Afforestation,385.67,1,700,3.6,Medium,707.09
Tamil Nadu,Tropical Dry,Afforestation,389.34,1,1000,17.4,Medium,717.67
Nagaland,Tropical Wet,Reforestation,322.25,9,2000,73.9,High,5784.3
Bihar,Humid Subtropical,Reforestation,61.66,3,1100,7.7,Medium,221.13
Nagaland,Tropical Wet,Regenerative Agriculture,173.31,5,2000,73.9,High,539.38
Meghalaya,Tropical Wet,Regenerative Agriculture,199.62,8,2800,76.3,High,993.44
Karnataka,Tropical Dry,Reforestation,207.32,2,1300,20.1,Medium,788.84
Tamil Nadu,Tropical Dry,Afforestation,205.15,5,1000,17.4,Medium,590.98
Punjab,Humid Subtropical,Afforestation,111.87,8,700,3.6,Medium,402.76
Assam,Tropical Wet,Afforestation,16.24,2,2700,34.2,Medium,128.63
Rajasthan,Arid,Afforestation,66.0,9,500,4.8,Very Low,81.86
Kerala,Tropical Wet,Reforestation,302.56,2,3000,52.3,High,3961.86
Manipur,Subtropical,Reforestation,47.55,2,1500,74.3,Medium,255.7
Odisha,Humid Subtropical,Reforestation,279.06,9,1500,33.2,Medium,2523.01
Punjab,Humid Subtropical,Afforestation,142.3,9,700,3.6,Medium,541.23
Nagaland,Tropical Wet,Reforestation,133.91,3,2000,73.9,High,1362.42
Tamil Nadu,Tropical Dry,Regenerative Agriculture,161.76,4,1000,17.4,Medium,135.22
Tamil Nadu,Tropical Dry,Reforestation,203.74,3,1000,17.4,Medium,583.54
Andhra Pradesh,Tropical Dry,Reforestation,352.35,6,900,23.0,Low,1062.14
Odisha,Humid Subtropical,Afforestation,219.89,9,1500,33.2,Medium,1362.81
Madhya Pradesh,Humid Subtropical,Reforestation,346.51,4,1200,25.1,Medium,1490.3
Telangana,Tropical Dry,Reforestation,78.74,1,950,24.0,Low,152.39
Uttarakhand,Subtropical,Afforestation,110.21,1,1800,45.4,High,528.18
Himachal Pradesh,Subtropical,Regenerative Agriculture,243.73,2,1600,27.1,Medium,326.91
Jharkhand,Humid Subtropical,Regenerative Agriculture,16.01,1,1300,29.6,Medium,15.11
Maharashtra,Tropical Dry,Regenerative Agriculture,75.81,2,1100,16.5,Medium,60.18
Kerala,Tropical Wet,Regenerative Agriculture,181.19,8,3000,52.3,High,871.76
Arunachal Pradesh,Subtropical,Afforestation,350.49,4,2800,79.3,High,3107.01
Sikkim,Subtropical,Reforestation,192.96,10,2700,47.3,High,4004.92
Manipur,Subtropical,Regenerative Agriculture,123.85,1,1500,74.3,Medium,133.74
Tripura,Tropical Wet,Regenerative Agriculture,94.14,2,2200,73.7,Medium,214.2
Tamil Nadu,Tropical Dry,Afforestation,11.65,3,1000,17.4,Medium,26.1
Nagaland,Tropical Wet,Regenerative Agriculture,237.75,3,2000,73.9,High,627.4
Odisha,Humid Subtropical,Afforestation,311.17,6,1500,33.2,Medium,1586.0
Telangana,Tropical Dry,Reforestation,127.03,8,950,24.0,Low,460.34
Arunachal Pradesh,Subtropical,Regenerative Agriculture,166.85,8,2800,79.3,High,695.34
Goa,Tropical Wet,Afforestation,469.97,6,2900,60.0,High,5973.81
Arunachal Pradesh,Subtropical,Regenerative Agriculture,36.68,6,2800,79.3,High,140.48
West Bengal,Humid Subtropical,Afforestation,124.03,5,1750,18.9,Medium,657.8
Haryana,Humid Subtropical,Reforestation,244.42,8,600,3.6,Low,827.1
Goa,Tropical Wet,Regenerative Agriculture,123.51,3,2900,60.0,High,436.08
Jharkhand,Humid Subtropical,Regenerative Agriculture,26.02,9,1300,29.6,Medium,50.31
Meghalaya,Tropical Wet,Regenerative Agriculture,19.28,4,2800,76.3,High,70.55
Chhattisgarh,Humid Subtropical,Reforestation,316.95,8,1400,41.1,Medium,2443.13
Arunachal Pradesh,Subtropical,Regenerative Agriculture,173.44,2,2800,79.3,High,421.22
Goa,Tropical Wet,Afforestation,180.85,10,2900,60.0,High,3194.87
Himachal Pradesh,Subtropical,Reforestation,250.66,5,1600,27.1,Medium,1787.67
Karnataka,Tropical Dry,Regenerative Agriculture,33.22,8,1300,20.1,Medium,52.95
Andhra Pradesh,Tropical Dry,Afforestation,336.04,3,900,23.0,Low,581.95
Gujarat,Arid,Afforestation,420.08,9,800,7.6,Low,606.41
Uttarakhand,Subtropical,Regenerative Agriculture,36.57,10,1800,45.4,High,134.95
Odisha,Humid Subtropical,Afforestation,41.36,6,1500,33.2,Medium,206.7
Telangana,Tropical Dry,Reforestation,301.71,4,950,24.0,Low,841.63
Bihar,Humid Subtropical,Regenerative Agriculture,232.57,10,1100,7.7,Medium,397.64
Odisha,Humid Subtropical,Regenerative Agriculture,196.06,10,1500,33.2,Medium,450.01
Assam,Tropical Wet,Regenerative Agriculture,14.79,2,2700,34.2,Medium,39.53
Tripura,Tropical Wet,Afforestation,202.71,9,2200,73.7,Medium,2287.14
Tripura,Tropical Wet,Regenerative Agriculture,103.66,10,2200,73.7,Medium,454.24
Goa,Tropical Wet,Regenerative Agriculture,89.12,10,2900,60.0,High,516.83
West Bengal,Humid Subtropical,Afforestation,87.02,3,1750,18.9,Medium,399.86
Manipur,Subtropical,Afforestation,69.89,1,1500,74.3,Medium,233.56
Tamil Nadu,Tropical Dry,Afforestation,288.68,2,1000,17.4,Medium,614.09
Madhya Pradesh,Humid Subtropical,Reforestation,147.58,4,1200,25.1,Medium,620.71
Telangana,Tropical Dry,Afforestation,366.01,2,950,24.0,Low,628.73
Tamil Nadu,Tropical Dry,Regenerative Agriculture,65.56,9,1000,17.4,Medium,85.71
Goa,Tropical Wet,Reforestation,346.75,7,2900,60.0,High,6827.95
Bihar,Humid Subtropical,Afforestation,136.44,4,1100,7.7,Medium,480.12
Rajasthan,Arid,Reforestation,206.79,5,500,4.8,Very Low,214.42
Himachal Pradesh,Subtropical,Regenerative Agriculture,270.97,7,1600,27.1,Medium,591.6
Rajasthan,Arid,Regenerative Agriculture,268.1,4,500,4.8,Very Low,66.86
Telangana,Tropical Dry,Afforestation,32.28,3,950,24.0,Low,57.79
Andhra Pradesh,Tropical Dry,Reforestation,122.3,10,900,23.0,Low,486.6
Goa,Tropical Wet,Regenerative Agriculture,79.43,4,2900,60.0,High,324.13
Goa,Tropical Wet,Regenerative Agriculture,39.0,9,2900,60.0,High,212.11
Manipur,Subtropical,Afforestation,51.43,10,1500,74.3,Medium,369.86
Telangana,Tropical Dry,Reforestation,321.87,1,950,24.0,Low,612.99
Haryana,Humid Subtropical,Reforestation,371.25,10,600,3.6,Low,1463.04
Nagaland,Tropical Wet,Regenerative Agriculture,101.1,6,2000,73.9,High,355.61
Uttarakhand,Subtropical,Reforestation,151.06,4,1800,45.4,High,1383.16
Sikkim,Subtropical,Regenerative Agriculture,153.34,1,2700,47.3,High,360.3
Sikkim,Subtropical,Afforestation,346.93,1,2700,47.3,High,2240.92
Mizoram,Tropical Wet,Regenerative Agriculture,170.81,8,2500,84.5,High,853.87
Madhya Pradesh,Humid Subtropical,Reforestation,276.9,8,1200,25.1,Medium,1743.78
Karnataka,Tropical Dry,Regenerative Agriculture,100.89,10,1300,20.1,Medium,191.33
Uttar Pradesh,Humid Subtropical,Reforestation,69.99,1,1000,6.1,Medium,177.84
Uttarakhand,Subtropical,Reforestation,110.1,1,1800,45.4,High,725.48
Madhya Pradesh,Humid Subtropical,Afforestation,296.4,3,1200,25.1,Medium,923.66
Nagaland,Tropical Wet,Afforestation,227.71,8,2000,73.9,High,2621.54
Odisha,Humid Subtropical,Afforestation,464.78,4,1500,33.2,Medium,1998.92
Odisha,Humid Subtropical,Reforestation,226.85,5,1500,33.2,Medium,1511.72
Assam,Tropical Wet,Reforestation,70.17,1,2700,34.2,Medium,677.17
Karnataka,Tropical Dry,Afforestation,25.39,9,1300,20.1,Medium,128.17
Goa,Tropical Wet,Regenerative Agriculture,223.96,3,2900,60.0,High,715.69
Uttarakhand,Subtropical,Afforestation,298.78,10,1800,45.4,High,2888.05
Nagaland,Tropical Wet,Reforestation,24.43,6,2000,73.9,High,338.21
Haryana,Humid Subtropical,Afforestation,388.27,7,600,3.6,Low,1087.49
West Bengal,Humid Subtropical,Afforestation,109.99,3,1750,18.9,Medium,487.98
Arunachal Pradesh,Subtropical,Reforestation,307.55,2,2800,79.3,High,3336.09
Goa,Tropical Wet,Reforestation,88.22,5,2900,60.0,High,1512.21
Telangana,Tropical Dry,Afforestation,386.43,1,950,24.0,Low,533.16
West Bengal,Humid Subtropical,Reforestation,355.29,4,1750,18.9,Medium,2280.86
Chhattisgarh,Humid Subtropical,Reforestation,211.93,7,1400,41.1,Medium,1534.97
Mizoram,Tropical Wet,Reforestation,83.38,1,2500,84.5,High,903.96
Nagaland,Tropical Wet,Afforestation,436.37,1,2000,73.9,High,2447.23
Tripura,Tropical Wet,Reforestation,290.56,3,2200,73.7,Medium,3052.89
Karnataka,Tropical Dry,Regenerative Agriculture,156.1,10,1300,20.1,Medium,286.43
Kerala,Tropical Wet,Regenerative Agriculture,267.64,7,3000,52.3,High,1254.48
Meghalaya,Tropical Wet,Afforestation,480.42,4,2800,76.3,High,5073.54
Madhya Pradesh,Humid Subtropical,Regenerative Agriculture,144.44,6,1200,25.1,Medium,202.68
Tamil Nadu,Tropical Dry,Reforestation,32.19,9,1000,17.4,Medium,159.93
Karnataka,Tropical Dry,Afforestation,314.82,6,1300,20.1,Medium,1190.67
Tripura,Tropical Wet,Reforestation,283.1,10,2200,73.7,Medium,5014.32
Meghalaya,Tropical Wet,Reforestation,268.99,7,2800,76.3,High,5335.31
Nagaland,Tropical Wet,Regenerative Agriculture,79.77,5,2000,73.9,High,250.84
Assam,Tropical Wet,Afforestation,413.0,4,2700,34.2,Medium,3765.78
Tripura,Tropical Wet,Reforestation,240.02,7,2200,73.7,Medium,3643.55
West Bengal,Humid Subtropical,Regenerative Agriculture,49.75,4,1750,18.9,Medium,82.3
Punjab,Humid Subtropical,Reforestation,306.67,6,700,3.6,Medium,1099.99
Maharashtra,Tropical Dry,Afforestation,365.25,5,1100,16.5,Medium,1115.4
Haryana,Humid Subtropical,Afforestation,493.92,2,600,3.6,Low,882.25
Kerala,Tropical Wet,Reforestation,386.69,2,3000,52.3,High,4832.82
Karnataka,Tropical Dry,Afforestation,318.03,2,1300,20.1,Medium,857.47
Manipur,Subtropical,Reforestation,253.97,5,1500,74.3,Medium,1837.97
West Bengal,Humid Subtropical,Regenerative Agriculture,194.43,9,1750,18.9,Medium,469.12
Gujarat,Arid,Afforestation,495.46,5,800,7.6,Low,548.23
Mizoram,Tropical Wet,Afforestation,246.28,6,2500,84.5,High,3056.81
Tamil Nadu,Tropical Dry,Regenerative Agriculture,180.62,8,1000,17.4,Medium,223.56
Bihar,Humid Subtropical,Regenerative Agriculture,101.55,3,1100,7.7,Medium,94.57
Uttar Pradesh,Humid Subtropical,Regenerative Agriculture,256.56,8,1000,6.1,Medium,342.48
Punjab,Humid Subtropical,Afforestation,92.52,5,700,3.6,Medium,259.57
Tamil Nadu,Tropical Dry,Regenerative Agriculture,218.69,3,1000,17.4,Medium,166.77
Assam,Tropical Wet,Reforestation,103.52,4,2700,34.2,Medium,1374.1
Uttar Pradesh,Humid Subtropical,Afforestation,195.72,5,1000,6.1,Medium,736.79
Sikkim,Subtropical,Regenerative Agriculture,98.4,9,2700,47.3,High,449.16
Uttar Pradesh,Humid Subtropical,Regenerative Agriculture,160.8,4,1000,6.1,Medium,162.07
Karnataka,Tropical Dry,Reforestation,291.4,10,1300,20.1,Medium,2084.55
Manipur,Subtropical,Afforestation,454.71,10,1500,74.3,Medium,3236.42
Gujarat,Arid,Regenerative Agriculture,145.69,10,800,7.6,Low,67.64
Kerala,Tropical Wet,Reforestation,386.23,2,3000,52.3,High,4789.1
Sikkim,Subtropical,Afforestation,448.11,10,2700,47.3,High,6455.7
Goa,Tropical Wet,Afforestation,86.72,6,2900,60.0,High,1063.32
Arunachal Pradesh,Subtropical,Afforestation,155.78,4,2800,79.3,High,1416.74
Mizoram,Tropical Wet,Reforestation,181.58,10,2500,84.5,High,4084.22
Odisha,Humid Subtropical,Afforestation,275.6,4,1500,33.2,Medium,1131.61
Chhattisgarh,Humid Subtropical,Reforestation,331.21,2,1400,41.1,Medium,1509.81
Rajasthan,Arid,Regenerative Agriculture,128.44,10,500,4.8,Very Low,49.68
Madhya Pradesh,Humid Subtropical,Afforestation,116.63,9,1200,25.1,Medium,581.4
Haryana,Humid Subtropical,Reforestation,288.03,4,600,3.6,Low,720.47
Chhattisgarh,Humid Subtropical,Reforestation,122.97,9,1400,41.1,Medium,987.26
Uttar Pradesh,Humid Subtropical,Afforestation,141.32,2,1000,6.1,Medium,374.8
Tamil Nadu,Tropical Dry,Regenerative Agriculture,15.11,5,1000,17.4,Medium,15.09
West Bengal,Humid Subtropical,Afforestation,341.57,2,1750,18.9,Medium,1442.18
Telangana,Tropical Dry,Regenerative Agriculture,191.36,7,950,24.0,Low,179.11
Goa,Tropical Wet,Regenerative Agriculture,40.76,4,2900,60.0,High,152.18
Uttar Pradesh,Humid Subtropical,Reforestation,145.17,5,1000,6.1,Medium,592.47
Haryana,Humid Subtropical,Afforestation,129.92,8,600,3.6,Low,406.85
Assam,Tropical Wet,Reforestation,392.53,7,2700,34.2,Medium,6489.25
Mizoram,Tropical Wet,Afforestation,312.55,1,2500,84.5,High,2328.53
Bihar,Humid Subtropical,Afforestation,473.23,2,1100,7.7,Medium,1286.07
Chhattisgarh,Humid Subtropical,Regenerative Agriculture,144.1,3,1400,41.1,Medium,178.38
Tripura,Tropical Wet,Afforestation,173.56,4,2200,73.7,Medium,1381.2
Nagaland,Tropical Wet,Afforestation,281.99,10,2000,73.9,High,3726.73
Manipur,Subtropical,Reforestation,345.02,9,1500,74.3,Medium,3403.53
Kerala,Tropical Wet,Afforestation,394.52,6,3000,52.3,High,4708.97
Sikkim,Subtropical,Regenerative Agriculture,208.7,10,2700,47.3,High,1012.96
Haryana,Humid Subtropical,Regenerative Agriculture,126.47,10,600,3.6,Low,129.25
Assam,Tropical Wet,Reforestation,20.52,5,2700,34.2,Medium,314.09
Maharashtra,Tropical Dry,Regenerative Agriculture,225.91,3,1100,16.5,Medium,210.43
Uttar Pradesh,Humid Subtropical,Regenerative Agriculture,181.79,7,1000,6.1,Medium,227.48
Chhattisgarh,Humid Subtropical,Reforestation,158.72,5,1400,41.1,Medium,973.59
Jharkhand,Humid Subtropical,Regenerative Agriculture,190.55,6,1300,29.6,Medium,298.95
Nagaland,Tropical Wet,Reforestation,46.85,5,2000,73.9,High,585.96
Rajasthan,Arid,Reforestation,127.29,3,500,4.8,Very Low,108.95
Madhya Pradesh,Humid Subtropical,Regenerative Agriculture,141.82,2,1200,25.1,Medium,141.08
Chhattisgarh,Humid Subtropical,Reforestation,321.2,9,1400,41.1,Medium,2726.62
Nagaland,Tropical Wet,Reforestation,90.38,5,2000,73.9,High,1150.52
Sikkim,Subtropical,Reforestation,112.64,9,2700,47.3,High,2242.53
Goa,Tropical Wet,Regenerative Agriculture,127.57,2,2900,60.0,High,384.56
Tripura,Tropical Wet,Regenerative Agriculture,135.01,9,2200,73.7,Medium,543.0
Punjab,Humid Subtropical,Regenerative Agriculture,274.79,3,700,3.6,Medium,192.07
Madhya Pradesh,Humid Subtropical,Afforestation,30.14,9,1200,25.1,Medium,146.85
Arunachal Pradesh,Subtropical,Regenerative Agriculture,180.38,4,2800,79.3,High,569.98
Assam,Tropical Wet,Afforestation,491.59,7,2700,34.2,Medium,5965.79
Nagaland,Tropical Wet,Regenerative Agriculture,136.81,5,2000,73.9,High,448.86
Telangana,Tropical Dry,Afforestation,326.96,6,950,24.0,Low,820.33
Assam,Tropical Wet,Reforestation,149.72,5,2700,34.2,Medium,2131.82
Andhra Pradesh,Tropical Dry,Afforestation,314.36,8,900,23.0,Low,835.77
Assam,Tropical Wet,Regenerative Agriculture,106.78,1,2700,34.2,Medium,262.63
Uttar Pradesh,Humid Subtropical,Afforestation,16.59,1,1000,6.1,Medium,38.36
Goa,Tropical Wet,Afforestation,380.19,3,2900,60.0,High,3694.41
Telangana,Tropical Dry,Reforestation,37.33,7,950,24.0,Low,132.04
Tamil Nadu,Tropical Dry,Reforestation,52.6,6,1000,17.4,Medium,201.49
Telangana,Tropical Dry,Afforestation,193.58,2,950,24.0,Low,317.62
Madhya Pradesh,Humid Subtropical,Afforestation,437.31,6,1200,25.1,Medium,1697.57
Kerala,Tropical Wet,Reforestation,94.34,5,3000,52.3,High,1523.58
Kerala,Tropical Wet,Regenerative Agriculture,147.1,5,3000,52.3,High,596.04
Chhattisgarh,Humid Subtropical,Afforestation,233.85,5,1400,41.1,Medium,962.74
West Bengal,Humid Subtropical,Reforestation,297.83,4,1750,18.9,Medium,1931.99
Karnataka,Tropical Dry,Reforestation,21.77,10,1300,20.1,Medium,147.44
Bihar,Humid Subtropical,Afforestation,242.84,5,1100,7.7,Medium,959.98
Punjab,Humid Subtropical,Reforestation,163.58,4,700,3.6,Medium,479.9
Bihar,Humid Subtropical,Afforestation,175.66,8,1100,7.7,Medium,841.84
Odisha,Humid Subtropical,Afforestation,451.14,10,1500,33.2,Medium,2921.66
Chhattisgarh,Humid Subtropical,Reforestation,314.79,1,1400,41.1,Medium,1372.4
Tripura,Tropical Wet,Regenerative Agriculture,230.63,9,2200,73.7,Medium,937.16
Himachal Pradesh,Subtropical,Regenerative Agriculture,285.16,9,1600,27.1,Medium,738.26
Assam,Tropical Wet,Afforestation,130.75,1,2700,34.2,Medium,850.14
West Bengal,Humid Subtropical,Afforestation,227.53,9,1750,18.9,Medium,1697.48
Karnataka,Tropical Dry,Afforestation,137.36,8,1300,20.1,Medium,609.8
Rajasthan,Arid,Regenerative Agriculture,282.06,6,500,4.8,Very Low,86.64
Mizoram,Tropical Wet,Regenerative Agriculture,80.17,10,2500,84.5,High,467.43
Chhattisgarh,Humid Subtropical,Afforestation,170.15,6,1400,41.1,Medium,785.65
Andhra Pradesh,Tropical Dry,Reforestation,162.86,7,900,23.0,Low,520.26
Himachal Pradesh,Subtropical,Afforestation,46.65,10,1600,27.1,Medium,360.66
Tamil Nadu,Tropical Dry,Reforestation,274.44,5,1000,17.4,Medium,1028.24
Meghalaya,Tropical Wet,Afforestation,196.57,7,2800,76.3,High,2696.29
Telangana,Tropical Dry,Regenerative Agriculture,220.19,7,950,24.0,Low,199.43
Maharashtra,Tropical Dry,Regenerative Agriculture,89.07,8,1100,16.5,Medium,121.65
Manipur,Subtropical,Regenerative Agriculture,147.95,6,1500,74.3,Medium,293.18
Chhattisgarh,Humid Subtropical,Regenerative Agriculture,218.73,4,1400,41.1,Medium,283.94
Uttarakhand,Subtropical,Regenerative Agriculture,290.05,4,1800,45.4,High,623.4
West Bengal,Humid Subtropical,Regenerative Agriculture,27.01,8,1750,18.9,Medium,63.38
Jharkhand,Humid Subtropical,Afforestation,477.27,3,1300,29.6,Medium,1529.33
Madhya Pradesh,Humid Subtropical,Afforestation,97.67,10,1200,25.1,Medium,510.42
Andhra Pradesh,Tropical Dry,Reforestation,250.64,5,900,23.0,Low,718.77
Rajasthan,Arid,Regenerative Agriculture,179.67,2,500,4.8,Very Low,35.82
Telangana,Tropical Dry,Afforestation,292.11,4,950,24.0,Low,606.07
Arunachal Pradesh,Subtropical,Regenerative Agriculture,149.67,3,2800,79.3,High,417.77
Nagaland,Tropical Wet,Reforestation,186.88,7,2000,73.9,High,2910.72
Odisha,Humid Subtropical,Afforestation,167.09,4,1500,33.2,Medium,751.35
Rajasthan,Arid,Reforestation,184.06,6,500,4.8,Very Low,216.65
Gujarat,Arid,Regenerative Agriculture,276.74,10,800,7.6,Low,134.5
Odisha,Humid Subtropical,Regenerative Agriculture,52.48,1,1500,33.2,Medium,58.01
Manipur,Subtropical,Reforestation,21.74,7,1500,74.3,Medium,193.44
Tripura,Tropical Wet,Reforestation,178.3,10,2200,73.7,Medium,3026.49
Jharkhand,Humid Subtropical,Reforestation,394.36,4,1300,29.6,Medium,1909.12
Jharkhand,Humid Subtropical,Regenerative Agriculture,149.86,9,1300,29.6,Medium,282.09
Uttarakhand,Subtropical,Regenerative Agriculture,118.0,9,1800,45.4,High,391.75
Himachal Pradesh,Subtropical,Regenerative Agriculture,27.01,8,1600,27.1,Medium,64.36
Karnataka,Tropical Dry,Regenerative Agriculture,245.6,6,1300,20.1,Medium,342.94
Haryana,Humid Subtropical,Reforestation,211.24,6,600,3.6,Low,625.47
Kerala,Tropical Wet,Reforestation,299.12,8,3000,52.3,High,6342.18
Uttarakhand,Subtropical,Reforestation,381.98,10,1800,45.4,High,5399.51
Nagaland,Tropical Wet,Afforestation,61.76,2,2000,73.9,High,427.03
Tripura,Tropical Wet,Afforestation,266.87,6,2200,73.7,Medium,2427.75
Uttarakhand,Subtropical,Regenerative Agriculture,6.94,5,1800,45.4,High,16.68
West Bengal,Humid Subtropical,Reforestation,77.72,9,1750,18.9,Medium,763.76
Punjab,Humid Subtropical,Reforestation,255.78,5,700,3.6,Medium,857.17
Madhya Pradesh,Humid Subtropical,Regenerative Agriculture,133.83,3,1200,25.1,Medium,141.4
Assam,Tropical Wet,Regenerative Agriculture,296.3,9,2700,34.2,Medium,1407.93
Punjab,Humid Subtropical,Regenerative Agriculture,65.45,6,700,3.6,Medium,61.05
Meghalaya,Tropical Wet,Regenerative Agriculture,68.46,9,2800,76.3,High,378.4
Nagaland,Tropical Wet,Afforestation,212.79,4,2000,73.9,High,1678.97
Meghalaya,Tropical Wet,Reforestation,151.07,9,2800,76.3,High,3542.03
Jharkhand,Humid Subtropical,Regenerative Agriculture,235.0,7,1300,29.6,Medium,399.71
Manipur,Subtropical,Regenerative Agriculture,271.48,8,1500,74.3,Medium,583.0
Odisha,Humid Subtropical,Afforestation,432.9,4,1500,33.2,Medium,1844.36
Manipur,Subtropical,Afforestation,121.87,10,1500,74.3,Medium,871.88
Assam,Tropical Wet,Reforestation,333.35,2,2700,34.2,Medium,3553.85
Assam,Tropical Wet,Regenerative Agriculture,258.74,9,2700,34.2,Medium,1326.02
West Bengal,Humid Subtropical,Afforestation,431.91,4,1750,18.9,Medium,2099.34
Telangana,Tropical Dry,Afforestation,134.16,1,950,24.0,Low,202.98
Goa,Tropical Wet,Reforestation,80.57,9,2900,60.0,High,1822.85
Assam,Tropical Wet,Regenerative Agriculture,68.57,3,2700,34.2,Medium,205.06
Odisha,Humid Subtropical,Regenerative Agriculture,159.2,2,1500,33.2,Medium,197.53
West Bengal,Humid Subtropical,Reforestation,361.82,7,1750,18.9,Medium,3176.11
Andhra Pradesh,Tropical Dry,Afforestation,354.13,1,900,23.0,Low,493.28
Himachal Pradesh,Subtropical,Regenerative Agriculture,244.85,7,1600,27.1,Medium,514.69
Goa,Tropical Wet,Reforestation,334.39,4,2900,60.0,High,5352.34
Andhra Pradesh,Tropical Dry,Regenerative Agriculture,266.07,1,900,23.0,Low,132.67
Andhra Pradesh,Tropical Dry,Regenerative Agriculture,165.68,1,900,23.0,Low,75.61
Goa,Tropical Wet,Reforestation,136.87,10,2900,60.0,High,3237.88
West Bengal,Humid Subtropical,Reforestation,72.8,8,1750,18.9,Medium,624.35
Goa,Tropical Wet,Regenerative Agriculture,201.77,1,2900,60.0,High,528.75
Assam,Tropical Wet,Afforestation,261.98,1,2700,34.2,Medium,1719.71
Bihar,Humid Subtropical,Regenerative Agriculture,27.49,6,1100,7.7,Medium,36.7
Uttarakhand,Subtropical,Reforestation,300.44,2,1800,45.4,High,2119.74
Assam,Tropical Wet,Reforestation,382.93,2,2700,34.2,Medium,3973.4
Manipur,Subtropical,Afforestation,349.12,6,1500,74.3,Medium,1891.89
Assam,Tropical Wet,Reforestation,104.56,10,2700,34.2,Medium,2249.99
Mizoram,Tropical Wet,Reforestation,27.39,9,2500,84.5,High,614.27
Haryana,Humid Subtropical,Reforestation,209.63,9,600,3.6,Low,759.66
Rajasthan,Arid,Regenerative Agriculture,140.92,1,500,4.8,Very Low,25.49
Mizoram,Tropical Wet,Afforestation,391.17,10,2500,84.5,High,6324.6
Goa,Tropical Wet,Regenerative Agriculture,272.0,4,2900,60.0,High,1058.64
Himachal Pradesh,Subtropical,Reforestation,99.03,2,1600,27.1,Medium,510.39
Nagaland,Tropical Wet,Reforestation,250.62,10,2000,73.9,High,4732.72
Punjab,Humid Subtropical,Regenerative Agriculture,50.38,8,700,3.6,Medium,56.09
Rajasthan,Arid,Regenerative Agriculture,154.23,6,500,4.8,Very Low,45.72
Maharashtra,Tropical Dry,Reforestation,184.08,6,1100,16.5,Medium,793.71
Haryana,Humid Subtropical,Afforestation,127.94,1,600,3.6,Low,206.29
Madhya Pradesh,Humid Subtropical,Reforestation,156.99,4,1200,25.1,Medium,685.5
Haryana,Humid Subtropical,Reforestation,391.82,3,600,3.6,Low,899.54
Tamil Nadu,Tropical Dry,Reforestation,136.05,3,1000,17.4,Medium,404.82
Andhra Pradesh,Tropical Dry,Reforestation,205.31,6,900,23.0,Low,624.52
Karnataka,Tropical Dry,Reforestation,353.11,4,1300,20.1,Medium,1496.2
Tripura,Tropical Wet,Reforestation,125.6,7,2200,73.7,Medium,1900.73
Haryana,Humid Subtropical,Reforestation,362.33,2,600,3.6,Low,724.53
Assam,Tropical Wet,Reforestation,354.8,1,2700,34.2,Medium,3444.75
Meghalaya,Tropical Wet,Regenerative Agriculture,167.78,6,2800,76.3,High,773.23
Nagaland,Tropical Wet,Afforestation,192.74,9,2000,73.9,High,2412.34
Karnataka,Tropical Dry,Afforestation,209.27,6,1300,20.1,Medium,827.95
Gujarat,Arid,Afforestation,111.16,5,800,7.6,Low,119.05
Telangana,Tropical Dry,Reforestation,380.8,5,950,24.0,Low,1121.12
Andhra Pradesh,Tropical Dry,Regenerative Agriculture,262.0,9,900,23.0,Low,267.66
Karnataka,Tropical Dry,Regenerative Agriculture,179.78,5,1300,20.1,Medium,224.68
Meghalaya,Tropical Wet,Reforestation,24.52,5,2800,76.3,High,402.47
Tamil Nadu,Tropical Dry,Regenerative Agriculture,191.86,7,1000,17.4,Medium,216.77
Maharashtra,Tropical Dry,Reforestation,219.14,1,1100,16.5,Medium,589.05
Meghalaya,Tropical Wet,Afforestation,18.39,8,2800,76.3,High,278.16
Jharkhand,Humid Subtropical,Reforestation,358.59,3,1300,29.6,Medium,1585.65
Kerala,Tropical Wet,Afforestation,415.23,10,3000,52.3,High,6903.28
Mizoram,Tropical Wet,Reforestation,181.09,8,2500,84.5,High,3611.63
Sikkim,Subtropical,Regenerative Agriculture,216.52,7,2700,47.3,High,909.13
Punjab,Humid Subtropical,Regenerative Agriculture,270.83,2,700,3.6,Medium,167.74
Meghalaya,Tropical Wet,Regenerative Agriculture,188.28,9,2800,76.3,High,991.34
Himachal Pradesh,Subtropical,Regenerative Agriculture,153.71,7,1600,27.1,Medium,335.09
Andhra Pradesh,Tropical Dry,Afforestation,299.59,3,900,23.0,Low,516.66
Punjab,Humid Subtropical,Reforestation,350.66,7,700,3.6,Medium,1289.02
Haryana,Humid Subtropical,Reforestation,250.37,10,600,3.6,Low,938.8
Uttar Pradesh,Humid Subtropical,Regenerative Agriculture,177.41,2,1000,6.1,Medium,147.26
Sikkim,Subtropical,Regenerative Agriculture,280.94,8,2700,47.3,High,1181.36
Arunachal Pradesh,Subtropical,Afforestation,138.94,3,2800,79.3,High,1178.95
Madhya Pradesh,Humid Subtropical,Regenerative Agriculture,173.45,4,1200,25.1,Medium,207.94
West Bengal,Humid Subtropical,Reforestation,202.96,2,1750,18.9,Medium,1072.04
Tripura,Tropical Wet,Afforestation,479.25,6,2200,73.7,Medium,4654.78
Punjab,Humid Subtropical,Regenerative Agriculture,143.15,1,700,3.6,Medium,82.36
Tamil Nadu,Tropical Dry,Reforestation,371.04,10,1000,17.4,Medium,1937.51
Meghalaya,Tropical Wet,Reforestation,254.38,1,2800,76.3,High,2820.61
Karnataka,Tropical Dry,Reforestation,30.46,2,1300,20.1,Medium,103.36
Chhattisgarh,Humid Subtropical,Regenerative Agriculture,136.99,2,1400,41.1,Medium,147.18
West Bengal,Humid Subtropical,Afforestation,367.33,4,1750,18.9,Medium,1844.62
Tamil Nadu,Tropical Dry,Afforestation,385.94,7,1000,17.4,Medium,1262.82
Uttarakhand,Subtropical,Regenerative Agriculture,282.13,9,1800,45.4,High,925.24
Chhattisgarh,Humid Subtropical,Regenerative Agriculture,263.89,2,1400,41.1,Medium,299.31
Maharashtra,Tropical Dry,Regenerative Agriculture,85.48,2,1100,16.5,Medium,67.57
Gujarat,Arid,Regenerative Agriculture,273.95,4,800,7.6,Low,82.24
Himachal Pradesh,Subtropical,Regenerative Agriculture,137.32,10,1600,27.1,Medium,374.95
Odisha,Humid Subtropical,Reforestation,254.36,3,1500,33.2,Medium,1444.94
Manipur,Subtropical,Afforestation,39.78,6,1500,74.3,Medium,220.13
West Bengal,Humid Subtropical,Regenerative Agriculture,248.63,7,1750,18.9,Medium,552.21
Gujarat,Arid,Regenerative Agriculture,99.06,10,800,7.6,Low,46.51
Goa,Tropical Wet,Afforestation,316.26,5,2900,60.0,High,3661.49
Haryana,Humid Subtropical,Reforestation,129.21,7,600,3.6,Low,422.54
Rajasthan,Arid,Regenerative Agriculture,263.8,4,500,4.8,Very Low,63.68
Arunachal Pradesh,Subtropical,Regenerative Agriculture,32.41,8,2800,79.3,High,142.78
Arunachal Pradesh,Subtropical,Regenerative Agriculture,170.78,2,2800,79.3,High,450.32
Nagaland,Tropical Wet,Afforestation,230.17,7,2000,73.9,High,2436.77
Tamil Nadu,Tropical Dry,Afforestation,412.3,10,1000,17.4,Medium,1638.09
Uttar Pradesh,Humid Subtropical,Regenerative Agriculture,278.83,3,1000,6.1,Medium,266.32
Himachal Pradesh,Subtropical,Reforestation,50.9,8,1600,27.1,Medium,454.42
Punjab,Humid Subtropical,Regenerative Agriculture,89.21,1,700,3.6,Medium,49.47
Nagaland,Tropical Wet,Reforestation,56.89,2,2000,73.9,High,559.88
Madhya Pradesh,Humid Subtropical,Afforestation,334.09,10,1200,25.1,Medium,1829.55
Jharkhand,Humid Subtropical,Regenerative Agriculture,236.46,1,1300,29.6,Medium,218.88
Bihar,Humid Subtropical,Reforestation,55.51,8,1100,7.7,Medium,316.17
Karnataka,Tropical Dry,Reforestation,161.43,6,1300,20.1,Medium,846.4
West Bengal,Humid Subtropical,Regenerative Agriculture,217.02,4,1750,18.9,Medium,363.99
Kerala,Tropical Wet,Reforestation,111.67,8,3000,52.3,High,2415.82
Telangana,Tropical Dry,Reforestation,235.51,9,950,24.0,Low,859.12
Kerala,Tropical Wet,Afforestation,467.14,8,3000,52.3,High,6802.37
Tripura,Tropical Wet,Reforestation,28.55,1,2200,73.7,Medium,230.8
Tamil Nadu,Tropical Dry,Regenerative Agriculture,8.12,9,1000,17.4,Medium,10.67
Gujarat,Arid,Reforestation,342.3,2,800,7.6,Low,321.35
Uttar Pradesh,Humid Subtropical,Afforestation,412.41,3,1000,6.1,Medium,1223.61
Uttar Pradesh,Humid Subtropical,Afforestation,458.93,9,1000,6.1,Medium,2192.57
Uttarakhand,Subtropical,Reforestation,275.48,9,1800,45.4,High,3776.44
Assam,Tropical Wet,Reforestation,217.27,5,2700,34.2,Medium,3210.43
Sikkim,Subtropical,Reforestation,346.66,7,2700,47.3,High,5899.82
Maharashtra,Tropical Dry,Reforestation,263.37,3,1100,16.5,Medium,876.22
Sikkim,Subtropical,Afforestation,426.31,4,2700,47.3,High,3906.36
Tripura,Tropical Wet,Reforestation,294.71,3,2200,73.7,Medium,2834.45
Andhra Pradesh,Tropical Dry,Afforestation,363.2,10,900,23.0,Low,1108.16
Chhattisgarh,Humid Subtropical,Regenerative Agriculture,5.52,3,1400,41.1,Medium,6.93
Nagaland,Tropical Wet,Afforestation,92.24,6,2000,73.9,High,861.85
Goa,Tropical Wet,Regenerative Agriculture,48.48,4,2900,60.0,High,188.03
Mizoram,Tropical Wet,Reforestation,252.23,9,2500,84.5,High,5545.04
Uttarakhand,Subtropical,Regenerative Agriculture,282.07,4,1800,45.4,High,661.33
Madhya Pradesh,Humid Subtropical,Afforestation,416.71,6,1200,25.1,Medium,1700.59
Meghalaya,Tropical Wet,Reforestation,244.64,6,2800,76.3,High,4356.3
Madhya Pradesh,Humid Subtropical,Reforestation,28.97,6,1200,25.1,Medium,147.57
Manipur,Subtropical,Regenerative Agriculture,95.46,3,1500,74.3,Medium,144.97
Maharashtra,Tropical Dry,Afforestation,417.46,7,1100,16.5,Medium,1529.01
Sikkim,Subtropical,Reforestation,179.38,10,2700,47.3,High,3804.95
Jharkhand,Humid Subtropical,Reforestation,81.39,6,1300,29.6,Medium,466.78
Meghalaya,Tropical Wet,Regenerative Agriculture,233.41,7,2800,76.3,High,1070.97
Punjab,Humid Subtropical,Regenerative Agriculture,60.47,2,700,3.6,Medium,38.26
Manipur,Subtropical,Regenerative Agriculture,97.21,2,1500,74.3,Medium,125.97
Manipur,Subtropical,Reforestation,276.89,7,1500,74.3,Medium,2197.36
Bihar,Humid Subtropical,Regenerative Agriculture,70.58,3,1100,7.7,Medium,67.34
Arunachal Pradesh,Subtropical,Afforestation,171.92,8,2800,79.3,High,2131.09
Madhya Pradesh,Humid Subtropical,Afforestation,182.72,7,1200,25.1,Medium,775.27
Uttarakhand,Subtropical,Reforestation,124.35,4,1800,45.4,High,1129.46
Goa,Tropical Wet,Afforestation,397.35,2,2900,60.0,High,3406.13
Rajasthan,Arid,Regenerative Agriculture,287.48,1,500,4.8,Very Low,51.15
Mizoram,Tropical Wet,Afforestation,440.31,10,2500,84.5,High,7025.93
Sikkim,Subtropical,Regenerative Agriculture,28.7,3,2700,47.3,High,81.31
Punjab,Humid Subtropical,Regenerative Agriculture,5.59,4,700,3.6,Medium,4.2
Punjab,Humid Subtropical,Afforestation,105.33,2,700,3.6,Medium,219.5
Maharashtra,Tropical Dry,Reforestation,231.31,10,1100,16.5,Medium,1390.61
Himachal Pradesh,Subtropical,Reforestation,50.06,8,1600,27.1,Medium,448.23
Rajasthan,Arid,Regenerative Agriculture,212.37,1,500,4.8,Very Low,39.1
Punjab,Humid Subtropical,Reforestation,170.63,2,700,3.6,Medium,424.17
Arunachal Pradesh,Subtropical,Reforestation,45.39,9,2800,79.3,High,872.37
Meghalaya,Tropical Wet,Reforestation,112.99,7,2800,76.3,High,2151.76
Mizoram,Tropical Wet,Regenerative Agriculture,266.21,7,2500,84.5,High,1243.41
Gujarat,Arid,Regenerative Agriculture,154.53,5,800,7.6,Low,49.6
Meghalaya,Tropical Wet,Afforestation,485.01,2,2800,76.3,High,4382.04
Assam,Tropical Wet,Reforestation,163.91,7,2700,34.2,Medium,2819.62
Himachal Pradesh,Subtropical,Regenerative Agriculture,91.24,1,1600,27.1,Medium,114.08
Uttar Pradesh,Humid Subtropical,Regenerative Agriculture,178.03,2,1000,6.1,Medium,136.99
Tripura,Tropical Wet,Regenerative Agriculture,125.56,7,2200,73.7,Medium,440.05
Karnataka,Tropical Dry,Reforestation,153.75,7,1300,20.1,Medium,850.17
Uttar Pradesh,Humid Subtropical,Reforestation,202.41,4,1000,6.1,Medium,765.35
Maharashtra,Tropical Dry,Reforestation,251.88,2,1100,16.5,Medium,735.04
Arunachal Pradesh,Subtropical,Reforestation,355.02,5,2800,79.3,High,4894.01
Punjab,Humid Subtropical,Reforestation,246.6,1,700,3.6,Medium,530.51
Arunachal Pradesh,Subtropical,Afforestation,278.22,10,2800,79.3,High,4068.31
Tripura,Tropical Wet,Reforestation,314.2,7,2200,73.7,Medium,4358.8
Goa,Tropical Wet,Afforestation,365.4,9,2900,60.0,High,5561.51
Bihar,Humid Subtropical,Regenerative Agriculture,47.79,5,1100,7.7,Medium,57.12
Goa,Tropical Wet,Reforestation,324.63,6,2900,60.0,High,5923.31
Andhra Pradesh,Tropical Dry,Reforestation,204.01,4,900,23.0,Low,557.27
Punjab,Humid Subtropical,Afforestation,453.52,6,700,3.6,Medium,1365.27
Manipur,Subtropical,Reforestation,21.76,9,1500,74.3,Medium,216.12
Madhya Pradesh,Humid Subtropical,Regenerative Agriculture,209.84,1,1200,25.1,Medium,182.93
Karnataka,Tropical Dry,Afforestation,288.28,6,1300,20.1,Medium,1195.79
Himachal Pradesh,Subtropical,Reforestation,315.7,4,1600,27.1,Medium,1901.23
Meghalaya,Tropical Wet,Afforestation,240.0,6,2800,76.3,High,3220.35
Chhattisgarh,Humid Subtropical,Afforestation,121.63,1,1400,41.1,Medium,323.96
Sikkim,Subtropical,Regenerative Agriculture,27.19,2,2700,47.3,High,70.69
Sikkim,Subtropical,Reforestation,297.07,1,2700,47.3,High,2778.61
Chhattisgarh,Humid Subtropical,Regenerative Agriculture,251.5,2,1400,41.1,Medium,273.07
Goa,Tropical Wet,Afforestation,185.99,6,2900,60.0,High,2304.32
Punjab,Humid Subtropical,Reforestation,35.39,9,700,3.6,Medium,151.83
Tamil Nadu,Tropical Dry,Reforestation,149.83,1,1000,17.4,Medium,368.85
Tripura,Tropical Wet,Afforestation,125.23,9,2200,73.7,Medium,1423.61
West Bengal,Humid Subtropical,Reforestation,29.88,4,1750,18.9,Medium,190.72
Bihar,Humid Subtropical,Afforestation,196.0,3,1100,7.7,Medium,658.71
Maharashtra,Tropical Dry,Reforestation,244.11,7,1100,16.5,Medium,1221.1
Manipur,Subtropical,Reforestation,273.63,3,1500,74.3,Medium,1624.52
Jharkhand,Humid Subtropical,Reforestation,251.52,8,1300,29.6,Medium,1611.65
West Bengal,Humid Subtropical,Regenerative Agriculture,27.59,6,1750,18.9,Medium,55.74
Manipur,Subtropical,Afforestation,204.4,4,1500,74.3,Medium,952.8
Gujarat,Arid,Regenerative Agriculture,153.85,2,800,7.6,Low,38.79
Karnataka,Tropical Dry,Afforestation,495.06,2,1300,20.1,Medium,1350.25
Sikkim,Subtropical,Regenerative Agriculture,259.46,4,2700,47.3,High,873.79
Nagaland,Tropical Wet,Regenerative Agriculture,225.42,3,2000,73.9,High,590.44
Odisha,Humid Subtropical,Reforestation,199.62,7,1500,33.2,Medium,1594.44
Odisha,Humid Subtropical,Reforestation,315.62,4,1500,33.2,Medium,1797.19
Odisha,Humid Subtropical,Afforestation,13.19,4,1500,33.2,Medium,53.46
Kerala,Tropical Wet,Regenerative Agriculture,34.17,7,3000,52.3,High,167.73
Jharkhand,Humid Subtropical,Afforestation,41.8,10,1300,29.6,Medium,239.62
Haryana,Humid Subtropical,Regenerative Agriculture,72.85,9,600,3.6,Low,71.58
Maharashtra,Tropical Dry,Regenerative Agriculture,129.45,6,1100,16.5,Medium,148.1
Himachal Pradesh,Subtropical,Regenerative Agriculture,295.14,6,1600,27.1,Medium,590.5
Gujarat,Arid,Afforestation,265.71,3,800,7.6,Low,248.97
Maharashtra,Tropical Dry,Regenerative Agriculture,96.82,4,1100,16.5,Medium,98.83
Meghalaya,Tropical Wet,Afforestation,438.17,6,2800,76.3,High,5441.07
Goa,Tropical Wet,Reforestation,349.12,3,2900,60.0,High,4756.37
Kerala,Tropical Wet,Afforestation,53.43,6,3000,52.3,High,641.02
Uttar Pradesh,Humid Subtropical,Reforestation,18.06,7,1000,6.1,Medium,88.6
Kerala,Tropical Wet,Reforestation,259.44,3,3000,52.3,High,3587.12
Rajasthan,Arid,Afforestation,144.27,10,500,4.8,Very Low,183.11
Tripura,Tropical Wet,Reforestation,239.13,8,2200,73.7,Medium,3796.76
Uttarakhand,Subtropical,Afforestation,60.06,8,1800,45.4,High,513.81
Mizoram,Tropical Wet,Reforestation,249.93,2,2500,84.5,High,3005.63
Mizoram,Tropical Wet,Regenerative Agriculture,164.63,1,2500,84.5,High,422.87
Gujarat,Arid,Reforestation,33.49,4,800,7.6,Low,37.09
Goa,Tropical Wet,Regenerative Agriculture,59.63,10,2900,60.0,High,355.8
West Bengal,Humid Subtropical,Afforestation,454.34,9,1750,18.9,Medium,3208.38
Assam,Tropical Wet,Afforestation,203.18,1,2700,34.2,Medium,1418.5
Uttar Pradesh,Humid Subtropical,Afforestation,251.58,1,1000,6.1,Medium,608.78
Manipur,Subtropical,Afforestation,154.7,5,1500,74.3,Medium,815.26
Bihar,Humid Subtropical,Regenerative Agriculture,31.21,6,1100,7.7,Medium,40.31
Chhattisgarh,Humid Subtropical,Afforestation,44.35,1,1400,41.1,Medium,126.24
Tripura,Tropical Wet,Reforestation,218.67,2,2200,73.7,Medium,2091.55
Rajasthan,Arid,Reforestation,20.0,10,500,4.8,Very Low,30.9
Uttarakhand,Subtropical,Afforestation,431.18,8,1800,45.4,High,4054.74
Manipur,Subtropical,Regenerative Agriculture,17.0,3,1500,74.3,Medium,25.34
Manipur,Subtropical,Afforestation,294.83,4,1500,74.3,Medium,1386.03
Manipur,Subtropical,Regenerative Agriculture,28.15,2,1500,74.3,Medium,37.03
Maharashtra,Tropical Dry,Reforestation,157.03,9,1100,16.5,Medium,846.21
Uttarakhand,Subtropical,Afforestation,369.07,5,1800,45.4,High,2630.82
Uttarakhand,Subtropical,Regenerative Agriculture,111.91,6,1800,45.4,High,284.44
Uttarakhand,Subtropical,Afforestation,132.82,10,1800,45.4,High,1337.33
Assam,Tropical Wet,Reforestation,154.73,5,2700,34.2,Medium,2240.21
Bihar,Humid Subtropical,Reforestation,341.74,3,1100,7.7,Medium,1227.7
Arunachal Pradesh,Subtropical,Reforestation,22.21,9,2800,79.3,High,437.16
Jharkhand,Humid Subtropical,Afforestation,242.82,3,1300,29.6,Medium,802.42
Sikkim,Subtropical,Afforestation,190.77,1,2700,47.3,High,1243.15
Meghalaya,Tropical Wet,Afforestation,217.39,10,2800,76.3,High,3770.15
Rajasthan,Arid,Reforestation,373.92,5,500,4.8,Very Low,389.48
Nagaland,Tropical Wet,Regenerative Agriculture,82.82,9,2000,73.9,High,359.09
Uttar Pradesh,Humid Subtropical,Reforestation,351.49,6,1000,6.1,Medium,1636.14
Karnataka,Tropical Dry,Afforestation,260.03,2,1300,20.1,Medium,684.68
Tamil Nadu,Tropical Dry,Reforestation,331.72,6,1000,17.4,Medium,1319.51
Mizoram,Tropical Wet,Regenerative Agriculture,48.95,5,2500,84.5,High,194.29
Uttarakhand,Subtropical,Reforestation,398.02,5,1800,45.4,High,3948.93
Tripura,Tropical Wet,Afforestation,288.27,2,2200,73.7,Medium,1869.79
Jharkhand,Humid Subtropical,Reforestation,43.28,4,1300,29.6,Medium,198.57
Telangana,Tropical Dry,Reforestation,366.98,3,950,24.0,Low,895.16
Jharkhand,Humid Subtropical,Afforestation,258.02,9,1300,29.6,Medium,1399.57
Andhra Pradesh,Tropical Dry,Afforestation,383.4,9,900,23.0,Low,1147.58
Madhya Pradesh,Humid Subtropical,Afforestation,439.75,5,1200,25.1,Medium,1634.45
West Bengal,Humid Subtropical,Regenerative Agriculture,68.37,3,1750,18.9,Medium,111.85
Mizoram,Tropical Wet,Reforestation,60.78,2,2500,84.5,High,735.5
Himachal Pradesh,Subtropical,Regenerative Agriculture,155.33,8,1600,27.1,Medium,359.24
Jharkhand,Humid Subtropical,Reforestation,363.82,6,1300,29.6,Medium,2134.0
Uttar Pradesh,Humid Subtropical,Reforestation,246.23,7,1000,6.1,Medium,1170.73
Odisha,Humid Subtropical,Regenerative Agriculture,49.89,10,1500,33.2,Medium,116.61
Jharkhand,Humid Subtropical,Reforestation,168.4,5,1300,29.6,Medium,895.69
Maharashtra,Tropical Dry,Regenerative Agriculture,9.57,1,1100,16.5,Medium,6.77
Rajasthan,Arid,Reforestation,90.69,7,500,4.8,Very Low,111.39
Chhattisgarh,Humid Subtropical,Reforestation,182.47,4,1400,41.1,Medium,1051.29
Meghalaya,Tropical Wet,Afforestation,170.07,8,2800,76.3,High,2568.62
Jharkhand,Humid Subtropical,Reforestation,182.79,5,1300,29.6,Medium,967.15
Tripura,Tropical Wet,Afforestation,91.1,8,2200,73.7,Medium,955.77
Telangana,Tropical Dry,Afforestation,212.04,1,950,24.0,Low,319.51
Meghalaya,Tropical Wet,Reforestation,199.65,7,2800,76.3,High,4179.12
Bihar,Humid Subtropical,Reforestation,318.37,2,1100,7.7,Medium,1054.23
Nagaland,Tropical Wet,Reforestation,340.37,1,2000,73.9,High,2993.77
Haryana,Humid Subtropical,Afforestation,291.6,6,600,3.6,Low,784.37
Tripura,Tropical Wet,Regenerative Agriculture,147.66,9,2200,73.7,Medium,623.9
West Bengal,Humid Subtropical,Reforestation,299.92,3,1750,18.9,Medium,1682.27
Telangana,Tropical Dry,Reforestation,233.06,8,950,24.0,Low,855.98
West Bengal,Humid Subtropical,Afforestation,357.1,9,1750,18.9,Medium,2693.47
Meghalaya,Tropical Wet,Reforestation,86.27,5,2800,76.3,High,1518.8
Nagaland,Tropical Wet,Afforestation,294.36,5,2000,73.9,High,2673.37
Rajasthan,Arid,Afforestation,48.21,1,500,4.8,Very Low,29.65
Telangana,Tropical Dry,Regenerative Agriculture,56.27,1,950,24.0,Low,29.48
Uttarakhand,Subtropical,Reforestation,343.15,6,1800,45.4,High,3910.16
Bihar,Humid Subtropical,Regenerative Agriculture,12.39,4,1100,7.7,Medium,13.14
Rajasthan,Arid,Afforestation,459.6,10,500,4.8,Very Low,576.49
Tamil Nadu,Tropical Dry,Afforestation,234.73,10,1000,17.4,Medium,917.93
Rajasthan,Arid,Afforestation,338.98,6,500,4.8,Very Low,330.71
Mizoram,Tropical Wet,Regenerative Agriculture,41.31,1,2500,84.5,High,106.41
Kerala,Tropical Wet,Reforestation,341.76,9,3000,52.3,High,7635.94
Uttarakhand,Subtropical,Reforestation,120.5,1,1800,45.4,High,811.09
Kerala,Tropical Wet,Regenerative Agriculture,69.24,1,3000,52.3,High,185.89
Uttarakhand,Subtropical,Regenerative Agriculture,59.18,8,1800,45.4,High,183.6
Rajasthan,Arid,Reforestation,369.15,6,500,4.8,Very Low,415.66
Jharkhand,Humid Subtropical,Regenerative Agriculture,65.78,2,1300,29.6,Medium,65.61
Arunachal Pradesh,Subtropical,Reforestation,387.07,2,2800,79.3,High,4187.17
Karnataka,Tropical Dry,Afforestation,422.72,1,1300,20.1,Medium,994.74
Himachal Pradesh,Subtropical,Reforestation,251.2,10,1600,27.1,Medium,2527.03
Odisha,Humid Subtropical,Reforestation,76.19,9,1500,33.2,Medium,684.62
Gujarat,Arid,Reforestation,225.87,7,800,7.6,Low,325.46
Rajasthan,Arid,Regenerative Agriculture,209.77,2,500,4.8,Very Low,41.69
Madhya Pradesh,Humid Subtropical,Regenerative Agriculture,125.26,7,1200,25.1,Medium,195.33
Meghalaya,Tropical Wet,Reforestation,106.43,9,2800,76.3,High,2351.53
Uttar Pradesh,Humid Subtropical,Afforestation,86.41,8,1000,6.1,Medium,395.16
Sikkim,Subtropical,Regenerative Agriculture,53.13,6,2700,47.3,High,199.09
Haryana,Humid Subtropical,Regenerative Agriculture,235.34,9,600,3.6,Low,241.11
Odisha,Humid Subtropical,Regenerative Agriculture,189.57,1,1500,33.2,Medium,195.28
Himachal Pradesh,Subtropical,Reforestation,370.68,2,1600,27.1,Medium,1990.34
Manipur,Subtropical,Reforestation,251.74,8,1500,74.3,Medium,2321.8
Andhra Pradesh,Tropical Dry,Reforestation,197.74,6,900,23.0,Low,600.49
Uttar Pradesh,Humid Subtropical,Regenerative Agriculture,15.51,4,1000,6.1,Medium,15.45
Telangana,Tropical Dry,Afforestation,218.76,4,950,24.0,Low,442.18
Karnataka,Tropical Dry,Regenerative Agriculture,96.53,2,1300,20.1,Medium,93.72
Punjab,Humid Subtropical,Regenerative Agriculture,121.68,10,700,3.6,Medium,150.4
Chhattisgarh,Humid Subtropical,Reforestation,65.01,8,1400,41.1,Medium,533.73
Manipur,Subtropical,Afforestation,340.78,8,1500,74.3,Medium,2193.61
Mizoram,Tropical Wet,Regenerative Agriculture,195.11,10,2500,84.5,High,1098.15
Mizoram,Tropical Wet,Regenerative Agriculture,174.76,7,2500,84.5,High,815.48
Punjab,Humid Subtropical,Afforestation,495.63,1,700,3.6,Medium,939.32
Goa,Tropical Wet,Reforestation,307.97,1,2900,60.0,High,3478.27
Assam,Tropical Wet,Afforestation,354.77,5,2700,34.2,Medium,3733.91
Punjab,Humid Subtropical,Afforestation,47.54,7,700,3.6,Medium,142.64
Punjab,Humid Subtropical,Afforestation,138.31,5,700,3.6,Medium,382.04
Tamil Nadu,Tropical Dry,Regenerative Agriculture,15.58,6,1000,17.4,Medium,16.1
Uttarakhand,Subtropical,Regenerative Agriculture,51.31,9,1800,45.4,High,174.9
Kerala,Tropical Wet,Regenerative Agriculture,134.43,2,3000,52.3,High,398.81
Uttar Pradesh,Humid Subtropical,Regenerative Agriculture,50.03,9,1000,6.1,Medium,73.25
West Bengal,Humid Subtropical,Regenerative Agriculture,99.64,1,1750,18.9,Medium,129.89
Punjab,Humid Subtropical,Regenerative Agriculture,229.36,8,700,3.6,Medium,251.2
Rajasthan,Arid,Regenerative Agriculture,184.86,8,500,4.8,Very Low,63.42
Manipur,Subtropical,Afforestation,467.07,1,1500,74.3,Medium,1547.11
Maharashtra,Tropical Dry,Reforestation,146.7,6,1100,16.5,Medium,638.22
Odisha,Humid Subtropical,Reforestation,257.34,3,1500,33.2,Medium,1378.04
Madhya Pradesh,Humid Subtropical,Reforestation,352.31,10,1200,25.1,Medium,2418.82
Odisha,Humid Subtropical,Reforestation,110.33,10,1500,33.2,Medium,1071.2
Mizoram,Tropical Wet,Regenerative Agriculture,203.92,7,2500,84.5,High,950.13
Andhra Pradesh,Tropical Dry,Regenerative Agriculture,189.33,4,900,23.0,Low,134.41
Haryana,Humid Subtropical,Afforestation,209.98,4,600,3.6,Low,461.72
Assam,Tropical Wet,Afforestation,280.64,8,2700,34.2,Medium,3664.35
Kerala,Tropical Wet,Reforestation,153.17,3,3000,52.3,High,2205.0
Himachal Pradesh,Subtropical,Reforestation,365.81,5,1600,27.1,Medium,2615.51
Tamil Nadu,Tropical Dry,Reforestation,331.94,7,1000,17.4,Medium,1450.12
Nagaland,Tropical Wet,Regenerative Agriculture,130.53,7,2000,73.9,High,492.4
Tamil Nadu,Tropical Dry,Afforestation,50.31,1,1000,17.4,Medium,90.96
Odisha,Humid Subtropical,Afforestation,371.18,5,1500,33.2,Medium,1682.14
Uttarakhand,Subtropical,Regenerative Agriculture,196.67,1,1800,45.4,High,330.06
Karnataka,Tropical Dry,Regenerative Agriculture,42.98,4,1300,20.1,Medium,49.12
Kerala,Tropical Wet,Regenerative Agriculture,117.23,1,3000,52.3,High,302.39
Karnataka,Tropical Dry,Reforestation,72.68,3,1300,20.1,Medium,280.52
Maharashtra,Tropical Dry,Regenerative Agriculture,107.99,5,1100,16.5,Medium,112.82
Rajasthan,Arid,Regenerative Agriculture,295.23,1,500,4.8,Very Low,53.56
Mizoram,Tropical Wet,Afforestation,475.91,9,2500,84.5,High,7185.08
Maharashtra,Tropical Dry,Regenerative Agriculture,214.78,4,1100,16.5,Medium,199.07
Himachal Pradesh,Subtropical,Afforestation,196.02,4,1600,27.1,Medium,965.38
Kerala,Tropical Wet,Regenerative Agriculture,61.99,1,3000,52.3,High,156.93
West Bengal,Humid Subtropical,Regenerative Agriculture,45.58,2,1750,18.9,Medium,66.51
Tripura,Tropical Wet,Reforestation,345.43,9,2200,73.7,Medium,5745.03
Maharashtra,Tropical Dry,Reforestation,239.3,5,1100,16.5,Medium,983.96
Nagaland,Tropical Wet,Regenerative Agriculture,58.58,9,2000,73.9,High,258.59
Tripura,Tropical Wet,Reforestation,250.2,5,2200,73.7,Medium,3111.58
Himachal Pradesh,Subtropical,Regenerative Agriculture,126.04,1,1600,27.1,Medium,164.23
Madhya Pradesh,Humid Subtropical,Regenerative Agriculture,17.37,8,1200,25.1,Medium,28.53
Goa,Tropical Wet,Reforestation,134.08,4,2900,60.0,High,2060.4
Mizoram,Tropical Wet,Afforestation,253.19,9,2500,84.5,High,3724.28
Goa,Tropical Wet,Reforestation,269.15,8,2900,60.0,High,5931.07
Rajasthan,Arid,Afforestation,221.96,8,500,4.8,Very Low,254.33
Nagaland,Tropical Wet,Reforestation,304.65,7,2000,73.9,High,4741.59
Mizoram,Tropical Wet,Reforestation,277.64,1,2500,84.5,High,3083.88
Uttar Pradesh,Humid Subtropical,Afforestation,463.12,4,1000,6.1,Medium,1420.59
Nagaland,Tropical Wet,Reforestation,354.39,6,2000,73.9,High,5085.58
Tripura,Tropical Wet,Reforestation,44.66,1,2200,73.7,Medium,371.47
Arunachal Pradesh,Subtropical,Reforestation,37.89,1,2800,79.3,High,361.35
Madhya Pradesh,Humid Subtropical,Afforestation,96.95,7,1200,25.1,Medium,421.17
Mizoram,Tropical Wet,Regenerative Agriculture,141.98,10,2500,84.5,High,782.6
Maharashtra,Tropical Dry,Regenerative Agriculture,170.39,9,1100,16.5,Medium,240.97
Punjab,Humid Subtropical,Afforestation,77.84,6,700,3.6,Medium,246.44
Assam,Tropical Wet,Regenerative Agriculture,297.11,5,2700,34.2,Medium,1055.84
Andhra Pradesh,Tropical Dry,Afforestation,104.33,9,900,23.0,Low,289.7
Sikkim,Subtropical,Afforestation,115.13,2,2700,47.3,High,845.89
Assam,Tropical Wet,Reforestation,322.83,8,2700,34.2,Medium,5773.45
Jharkhand,Humid Subtropical,Reforestation,35.08,5,1300,29.6,Medium,191.0
Nagaland,Tropical Wet,Regenerative Agriculture,113.58,9,2000,73.9,High,478.39
West Bengal,Humid Subtropical,Regenerative Agriculture,205.65,7,1750,18.9,Medium,443.31
Jharkhand,Humid Subtropical,Regenerative Agriculture,108.13,6,1300,29.6,Medium,159.08
Assam,Tropical Wet,Afforestation,441.69,2,2700,34.2,Medium,3433.2
Haryana,Humid Subtropical,Regenerative Agriculture,179.84,9,600,3.6,Low,180.02
Goa,Tropical Wet,Afforestation,409.65,2,2900,60.0,High,3498.88
Manipur,Subtropical,Regenerative Agriculture,24.02,9,1500,74.3,Medium,55.99
Arunachal Pradesh,Subtropical,Reforestation,70.72,9,2800,79.3,High,1410.39
Andhra Pradesh,Tropical Dry,Afforestation,284.36,1,900,23.0,Low,385.32
Mizoram,Tropical Wet,Reforestation,105.55,8,2500,84.5,High,2140.48
Uttar Pradesh,Humid Subtropical,Reforestation,49.53,8,1000,6.1,Medium,249.35
Nagaland,Tropical Wet,Afforestation,388.71,3,2000,73.9,High,2875.45
Andhra Pradesh,Tropical Dry,Regenerative Agriculture,203.1,9,900,23.0,Low,197.9
Goa,Tropical Wet,Regenerative Agriculture,285.44,4,2900,60.0,High,1096.37
Kerala,Tropical Wet,Reforestation,48.76,2,3000,52.3,High,616.01
Rajasthan,Arid,Regenerative Agriculture,292.41,6,500,4.8,Very Low,90.07
Andhra Pradesh,Tropical Dry,Reforestation,369.89,5,900,23.0,Low,1028.27
Maharashtra,Tropical Dry,Afforestation,452.83,10,1100,16.5,Medium,1940.38
Tripura,Tropical Wet,Afforestation,479.23,8,2200,73.7,Medium,5310.39
Bihar,Humid Subtropical,Regenerative Agriculture,109.02,10,1100,7.7,Medium,192.04
Rajasthan,Arid,Regenerative Agriculture,198.1,10,500,4.8,Very Low,77.74
Assam,Tropical Wet,Regenerative Agriculture,93.04,2,2700,34.2,Medium,253.97
Sikkim,Subtropical,Regenerative Agriculture,143.07,8,2700,47.3,High,660.25
Kerala,Tropical Wet,Reforestation,399.59,10,3000,52.3,High,9526.36
Nagaland,Tropical Wet,Regenerative Agriculture,209.27,1,2000,73.9,High,440.84
Telangana,Tropical Dry,Reforestation,55.13,9,950,24.0,Low,221.84
Jharkhand,Humid Subtropical,Afforestation,190.57,3,1300,29.6,Medium,613.78
West Bengal,Humid Subtropical,Afforestation,480.39,7,1750,18.9,Medium,2855.6
Tripura,Tropical Wet,Reforestation,162.91,6,2200,73.7,Medium,2257.26
Uttarakhand,Subtropical,Regenerative Agriculture,106.36,9,1800,45.4,High,358.44
West Bengal,Humid Subtropical,Afforestation,24.84,9,1750,18.9,Medium,183.08
Kerala,Tropical Wet,Regenerative Agriculture,80.59,3,3000,52.3,High,282.63
Rajasthan,Arid,Regenerative Agriculture,278.33,6,500,4.8,Very Low,85.56
Rajasthan,Arid,Regenerative Agriculture,34.62,9,500,4.8,Very Low,13.28
Rajasthan,Arid,Afforestation,15.96,5,500,4.8,Very Low,14.77
Rajasthan,Arid,Afforestation,92.78,9,500,4.8,Very Low,112.3
Chhattisgarh,Humid Subtropical,Reforestation,338.35,8,1400,41.1,Medium,2795.94
Himachal Pradesh,Subtropical,Afforestation,159.86,10,1600,27.1,Medium,1267.49
Himachal Pradesh,Subtropical,Reforestation,297.31,5,1600,27.1,Medium,2098.45
Nagaland,Tropical Wet,Reforestation,268.74,10,2000,73.9,High,4952.18
Madhya Pradesh,Humid Subtropical,Reforestation,308.38,4,1200,25.1,Medium,1337.25
Madhya Pradesh,Humid Subtropical,Afforestation,119.71,6,1200,25.1,Medium,487.82
Manipur,Subtropical,Afforestation,161.48,4,1500,74.3,Medium,751.37
Uttarakhand,Subtropical,Afforestation,298.83,3,1800,45.4,High,1792.42
Odisha,Humid Subtropical,Regenerative Agriculture,95.64,4,1500,33.2,Medium,138.09
Jharkhand,Humid Subtropical,Afforestation,455.68,5,1300,29.6,Medium,1834.0
Bihar,Humid Subtropical,Reforestation,96.2,9,1100,7.7,Medium,560.36
Maharashtra,Tropical Dry,Regenerative Agriculture,271.8,3,1100,16.5,Medium,243.79
Madhya Pradesh,Humid Subtropical,Reforestation,51.34,1,1200,25.1,Medium,167.46
Tripura,Tropical Wet,Regenerative Agriculture,30.0,1,2200,73.7,Medium,61.04
Haryana,Humid Subtropical,Reforestation,314.52,6,600,3.6,Low,919.79
Goa,Tropical Wet,Afforestation,168.72,3,2900,60.0,High,1666.2
Punjab,Humid Subtropical,Afforestation,165.23,2,700,3.6,Medium,349.94
Mizoram,Tropical Wet,Regenerative Agriculture,23.42,6,2500,84.5,High,96.72
Madhya Pradesh,Humid Subtropical,Regenerative Agriculture,71.48,3,1200,25.1,Medium,76.29
Chhattisgarh,Humid Subtropical,Afforestation,76.34,5,1400,41.1,Medium,332.84
Uttarakhand,Subtropical,Regenerative Agriculture,276.5,9,1800,45.4,High,896.45
Karnataka,Tropical Dry,Afforestation,263.56,6,1300,20.1,Medium,1015.35
Karnataka,Tropical Dry,Reforestation,73.94,9,1300,20.1,Medium,451.33
Uttar Pradesh,Humid Subtropical,Afforestation,239.41,7,1000,6.1,Medium,1006.76
Andhra Pradesh,Tropical Dry,Afforestation,442.13,5,900,23.0,Low,930.09
Rajasthan,Arid,Reforestation,276.75,2,500,4.8,Very Low,217.42
Rajasthan,Arid,Regenerative Agriculture,64.98,10,500,4.8,Very Low,25.77
Meghalaya,Tropical Wet,Afforestation,369.32,7,2800,76.3,High,4950.41
Assam,Tropical Wet,Afforestation,115.21,1,2700,34.2,Medium,813.98
Jharkhand,Humid Subtropical,Afforestation,126.22,5,1300,29.6,Medium,539.23
Sikkim,Subtropical,Regenerative Agriculture,270.73,4,2700,47.3,High,858.88
Bihar,Humid Subtropical,Afforestation,203.69,9,1100,7.7,Medium,1102.01
Kerala,Tropical Wet,Afforestation,172.57,4,3000,52.3,High,1911.26
Telangana,Tropical Dry,Regenerative Agriculture,199.03,5,950,24.0,Low,158.95
Tamil Nadu,Tropical Dry,Afforestation,264.31,1,1000,17.4,Medium,496.13
Punjab,Humid Subtropical,Reforestation,76.74,8,700,3.6,Medium,310.6
Odisha,Humid Subtropical,Reforestation,136.4,7,1500,33.2,Medium,1065.72
Telangana,Tropical Dry,Afforestation,174.09,1,950,24.0,Low,262.96
Madhya Pradesh,Humid Subtropical,Regenerative Agriculture,201.38,6,1200,25.1,Medium,255.26
Meghalaya,Tropical Wet,Afforestation,497.15,4,2800,76.3,High,5665.05
Goa,Tropical Wet,Afforestation,344.02,8,2900,60.0,High,5109.71
Manipur,Subtropical,Regenerative Agriculture,230.66,4,1500,74.3,Medium,377.35
Karnataka,Tropical Dry,Regenerative Agriculture,251.68,4,1300,20.1,Medium,299.57
Tripura,Tropical Wet,Regenerative Agriculture,49.24,6,2200,73.7,Medium,167.34
Haryana,Humid Subtropical,Afforestation,256.01,3,600,3.6,Low,493.97
Karnataka,Tropical Dry,Reforestation,138.24,2,1300,20.1,Medium,488.78
Sikkim,Subtropical,Regenerative Agriculture,194.26,4,2700,47.3,High,611.54
Uttar Pradesh,Humid Subtropical,Regenerative Agriculture,109.63,5,1000,6.1,Medium,120.22
Haryana,Humid Subtropical,Regenerative Agriculture,74.76,7,600,3.6,Low,60.46
Maharashtra,Tropical Dry,Afforestation,115.77,2,1100,16.5,Medium,269.11
Meghalaya,Tropical Wet,Afforestation,80.71,10,2800,76.3,High,1313.41
Assam,Tropical Wet,Afforestation,169.32,5,2700,34.2,Medium,1731.44
Odisha,Humid Subtropical,Afforestation,14.41,7,1500,33.2,Medium,78.12
Manipur,Subtropical,Regenerative Agriculture,66.28,5,1500,74.3,Medium,119.59
Arunachal Pradesh,Subtropical,Afforestation,389.37,5,2800,79.3,High,3859.6
Punjab,Humid Subtropical,Reforestation,224.11,2,700,3.6,Medium,542.53
Himachal Pradesh,Subtropical,Afforestation,31.92,7,1600,27.1,Medium,193.46
Sikkim,Subtropical,Afforestation,400.44,7,2700,47.3,High,4705.28
Nagaland,Tropical Wet,Reforestation,294.69,7,2000,73.9,High,4433.02
Gujarat,Arid,Reforestation,134.36,3,800,7.6,Low,142.8
Assam,Tropical Wet,Reforestation,214.35,10,2700,34.2,Medium,4554.41
Maharashtra,Tropical Dry,Regenerative Agriculture,117.52,4,1100,16.5,Medium,117.28
Assam,Tropical Wet,Reforestation,109.85,3,2700,34.2,Medium,1364.74
Bihar,Humid Subtropical,Afforestation,478.69,3,1100,7.7,Medium,1519.67
Himachal Pradesh,Subtropical,Afforestation,315.62,4,1600,27.1,Medium,1576.8
Uttarakhand,Subtropical,Regenerative Agriculture,61.52,10,1800,45.4,High,223.15
Uttar Pradesh,Humid Subtropical,Reforestation,218.43,1,1000,6.1,Medium,619.6
Sikkim,Subtropical,Reforestation,390.45,3,2700,47.3,High,4807.12
Gujarat,Arid,Afforestation,445.72,1,800,7.6,Low,316.2
Tripura,Tropical Wet,Reforestation,184.3,7,2200,73.7,Medium,2713.98
Rajasthan,Arid,Afforestation,96.45,3,500,4.8,Very Low,70.38
Meghalaya,Tropical Wet,Regenerative Agriculture,297.25,4,2800,76.3,High,1122.36
Tripura,Tropical Wet,Afforestation,373.22,8,2200,73.7,Medium,4124.58
Tripura,Tropical Wet,Afforestation,176.74,4,2200,73.7,Medium,1374.9
Telangana,Tropical Dry,Regenerative Agriculture,81.51,2,950,24.0,Low,47.41
Bihar,Humid Subtropical,Afforestation,272.52,3,1100,7.7,Medium,922.54
Andhra Pradesh,Tropical Dry,Regenerative Agriculture,83.23,9,900,23.0,Low,84.85
Sikkim,Subtropical,Regenerative Agriculture,64.61,7,2700,47.3,High,265.13
Madhya Pradesh,Humid Subtropical,Reforestation,111.76,7,1200,25.1,Medium,628.67
Maharashtra,Tropical Dry,Regenerative Agriculture,225.87,3,1100,16.5,Medium,211.16
Andhra Pradesh,Tropical Dry,Reforestation,125.82,9,900,23.0,Low,473.17
Jharkhand,Humid Subtropical,Regenerative Agriculture,274.03,2,1300,29.6,Medium,283.7
Arunachal Pradesh,Subtropical,Afforestation,255.03,6,2800,79.3,High,2816.91
Karnataka,Tropical Dry,Reforestation,208.81,4,1300,20.1,Medium,905.92
Uttar Pradesh,Humid Subtropical,Afforestation,497.57,5,1000,6.1,Medium,1807.16
Mizoram,Tropical Wet,Reforestation,79.91,1,2500,84.5,High,857.73
Tamil Nadu,Tropical Dry,Afforestation,476.61,6,1000,17.4,Medium,1464.6
Nagaland,Tropical Wet,Reforestation,312.19,3,2000,73.9,High,3317.99
Karnataka,Tropical Dry,Reforestation,242.36,1,1300,20.1,Medium,735.07
Bihar,Humid Subtropical,Afforestation,100.82,6,1100,7.7,Medium,414.98
Madhya Pradesh,Humid Subtropical,Afforestation,353.33,1,1200,25.1,Medium,893.1
Mizoram,Tropical Wet,Regenerative Agriculture,97.09,8,2500,84.5,High,488.0
West Bengal,Humid Subtropical,Afforestation,404.23,2,1750,18.9,Medium,1551.35
Karnataka,Tropical Dry,Regenerative Agriculture,224.29,10,1300,20.1,Medium,406.72
Gujarat,Arid,Regenerative Agriculture,47.53,1,800,7.6,Low,10.22
Assam,Tropical Wet,Reforestation,355.06,8,2700,34.2,Medium,6480.89
Sikkim,Subtropical,Afforestation,53.52,4,2700,47.3,High,517.0
Arunachal Pradesh,Subtropical,Afforestation,438.31,10,2800,79.3,High,6427.64
Maharashtra,Tropical Dry,Regenerative Agriculture,250.07,10,1100,16.5,Medium,367.22
Tamil Nadu,Tropical Dry,Regenerative Agriculture,220.46,6,1000,17.4,Medium,231.14
Bihar,Humid Subtropical,Regenerative Agriculture,245.59,2,1100,7.7,Medium,233.99
Assam,Tropical Wet,Reforestation,204.59,9,2700,34.2,Medium,3991.72
Assam,Tropical Wet,Regenerative Agriculture,52.53,9,2700,34.2,Medium,248.36
Manipur,Subtropical,Reforestation,269.69,9,1500,74.3,Medium,2499.6
Karnataka,Tropical Dry,Reforestation,116.84,10,1300,20.1,Medium,816.79
Gujarat,Arid,Regenerative Agriculture,218.44,5,800,7.6,Low,73.43
Telangana,Tropical Dry,Reforestation,363.86,1,950,24.0,Low,699.94
Andhra Pradesh,Tropical Dry,Reforestation,354.62,9,900,23.0,Low,1313.97
Sikkim,Subtropical,Reforestation,308.42,5,2700,47.3,High,4592.99
Tamil Nadu,Tropical Dry,Regenerative Agriculture,180.73,5,1000,17.4,Medium,183.36
Manipur,Subtropical,Regenerative Agriculture,79.37,7,1500,74.3,Medium,155.88
Telangana,Tropical Dry,Reforestation,37.57,6,950,24.0,Low,119.16
Karnataka,Tropical Dry,Reforestation,105.67,8,1300,20.1,Medium,593.33
Himachal Pradesh,Subtropical,Afforestation,388.61,3,1600,27.1,Medium,1791.04
Assam,Tropical Wet,Afforestation,455.65,3,2700,34.2,Medium,4031.63
Nagaland,Tropical Wet,Reforestation,99.81,7,2000,73.9,High,1570.53
Punjab,Humid Subtropical,Regenerative Agriculture,190.79,2,700,3.6,Medium,124.64
Gujarat,Arid,Reforestation,112.69,6,800,7.6,Low,149.67
Jharkhand,Humid Subtropical,Reforestation,50.84,10,1300,29.6,Medium,411.41
Gujarat,Arid,Regenerative Agriculture,195.3,3,800,7.6,Low,54.57
Haryana,Humid Subtropical,Regenerative Agriculture,247.31,3,600,3.6,Low,153.92
Kerala,Tropical Wet,Afforestation,67.01,9,3000,52.3,High,1054.09
Himachal Pradesh,Subtropical,Regenerative Agriculture,235.12,10,1600,27.1,Medium,623.97
Bihar,Humid Subtropical,Afforestation,499.94,6,1100,7.7,Medium,2016.58
Mizoram,Tropical Wet,Regenerative Agriculture,149.98,10,2500,84.5,High,844.57
Manipur,Subtropical,Regenerative Agriculture,139.85,7,1500,74.3,Medium,300.85
West Bengal,Humid Subtropical,Afforestation,32.85,7,1750,18.9,Medium,216.54
Arunachal Pradesh,Subtropical,Regenerative Agriculture,245.99,5,2800,79.3,High,879.03
Punjab,Humid Subtropical,Afforestation,254.79,2,700,3.6,Medium,547.58
Nagaland,Tropical Wet,Reforestation,363.07,4,2000,73.9,High,4223.14
Manipur,Subtropical,Reforestation,366.36,6,1500,74.3,Medium,2878.13
Haryana,Humid Subtropical,Reforestation,182.83,3,600,3.6,Low,405.88
Karnataka,Tropical Dry,Regenerative Agriculture,216.76,6,1300,20.1,Medium,295.52
Nagaland,Tropical Wet,Regenerative Agriculture,269.32,6,2000,73.9,High,905.5
Goa,Tropical Wet,Afforestation,220.35,8,2900,60.0,High,3336.07
Maharashtra,Tropical Dry,Regenerative Agriculture,231.02,6,1100,16.5,Medium,267.12
Himachal Pradesh,Subtropical,Regenerative Agriculture,124.99,4,1600,27.1,Medium,205.78
Meghalaya,Tropical Wet,Regenerative Agriculture,28.75,7,2800,76.3,High,149.87
West Bengal,Humid Subtropical,Regenerative Agriculture,110.6,6,1750,18.9,Medium,235.71
Nagaland,Tropical Wet,Reforestation,123.16,7,2000,73.9,High,1929.52
Goa,Tropical Wet,Regenerative Agriculture,77.86,4,2900,60.0,High,300.01
Goa,Tropical Wet,Regenerative Agriculture,131.83,7,2900,60.0,High,640.85
Sikkim,Subtropical,Reforestation,23.73,5,2700,47.3,High,356.39
Punjab,Humid Subtropical,Reforestation,102.57,5,700,3.6,Medium,332.63
Uttar Pradesh,Humid Subtropical,Regenerative Agriculture,120.29,1,1000,6.1,Medium,85.5
Haryana,Humid Subtropical,Afforestation,170.12,7,600,3.6,Low,477.4
Uttarakhand,Subtropical,Regenerative Agriculture,227.83,1,1800,45.4,High,356.93
Mizoram,Tropical Wet,Reforestation,125.94,2,2500,84.5,High,1513.18
West Bengal,Humid Subtropical,Afforestation,215.56,2,1750,18.9,Medium,876.24
Assam,Tropical Wet,Afforestation,62.7,8,2700,34.2,Medium,785.95
Tamil Nadu,Tropical Dry,Regenerative Agriculture,65.38,4,1000,17.4,Medium,55.56
Chhattisgarh,Humid Subtropical,Regenerative Agriculture,168.69,4,1400,41.1,Medium,233.59
Nagaland,Tropical Wet,Regenerative Agriculture,101.7,7,2000,73.9,High,361.85
Odisha,Humid Subtropical,Reforestation,312.8,3,1500,33.2,Medium,1696.59
Manipur,Subtropical,Regenerative Agriculture,184.28,1,1500,74.3,Medium,211.02
Gujarat,Arid,Afforestation,165.6,7,800,7.6,Low,204.02
Mizoram,Tropical Wet,Regenerative Agriculture,85.22,2,2500,84.5,High,261.91
Meghalaya,Tropical Wet,Reforestation,101.67,6,2800,76.3,High,1893.96
Himachal Pradesh,Subtropical,Regenerative Agriculture,154.04,8,1600,27.1,Medium,353.87
Tripura,Tropical Wet,Reforestation,277.79,1,2200,73.7,Medium,2257.55
West Bengal,Humid Subtropical,Reforestation,166.28,10,1750,18.9,Medium,1681.58
Manipur,Subtropical,Reforestation,193.49,10,1500,74.3,Medium,2082.54
Mizoram,Tropical Wet,Afforestation,355.49,4,2500,84.5,High,3592.94
Andhra Pradesh,Tropical Dry,Regenerative Agriculture,269.65,9,900,23.0,Low,267.32
Tamil Nadu,Tropical Dry,Afforestation,150.05,4,1000,17.4,Medium,387.99
Haryana,Humid Subtropical,Reforestation,77.03,9,600,3.6,Low,285.4
Haryana,Humid Subtropical,Regenerative Agriculture,107.58,2,600,3.6,Low,55.99
Tripura,Tropical Wet,Regenerative Agriculture,227.13,8,2200,73.7,Medium,851.35
West Bengal,Humid Subtropical,Regenerative Agriculture,166.31,5,1750,18.9,Medium,297.22
Nagaland,Tropical Wet,Reforestation,44.65,2,2000,73.9,High,428.13
Sikkim,Subtropical,Reforestation,334.07,5,2700,47.3,High,4739.11
Manipur,Subtropical,Regenerative Agriculture,193.22,2,1500,74.3,Medium,235.81
Mizoram,Tropical Wet,Regenerative Agriculture,157.45,5,2500,84.5,High,639.16
Gujarat,Arid,Reforestation,392.94,4,800,7.6,Low,464.41
Tamil Nadu,Tropical Dry,Regenerative Agriculture,267.6,4,1000,17.4,Medium,240.08
Chhattisgarh,Humid Subtropical,Regenerative Agriculture,160.4,7,1400,41.1,Medium,290.5
Andhra Pradesh,Tropical Dry,Reforestation,117.47,2,900,23.0,Low,241.56
Andhra Pradesh,Tropical Dry,Afforestation,117.81,7,900,23.0,Low,297.45
Maharashtra,Tropical Dry,Regenerative Agriculture,78.36,4,1100,16.5,Medium,75.73
Arunachal Pradesh,Subtropical,Afforestation,371.26,10,2800,79.3,High,5300.36
Punjab,Humid Subtropical,Reforestation,115.44,6,700,3.6,Medium,399.66
Andhra Pradesh,Tropical Dry,Afforestation,360.29,8,900,23.0,Low,936.81
Tripura,Tropical Wet,Regenerative Agriculture,269.06,1,2200,73.7,Medium,538.59
Nagaland,Tropical Wet,Afforestation,341.75,5,2000,73.9,High,3201.01
Punjab,Humid Subtropical,Regenerative Agriculture,220.86,6,700,3.6,Medium,194.36
Andhra Pradesh,Tropical Dry,Regenerative Agriculture,287.78,2,900,23.0,Low,165.15
Assam,Tropical Wet,Regenerative Agriculture,11.56,7,2700,34.2,Medium,49.19
West Bengal,Humid Subtropical,Afforestation,267.99,3,1750,18.9,Medium,1221.16
Tripura,Tropical Wet,Regenerative Agriculture,216.94,6,2200,73.7,Medium,727.03
Nagaland,Tropical Wet,Reforestation,210.32,5,2000,73.9,High,2844.4
Karnataka,Tropical Dry,Reforestation,256.03,2,1300,20.1,Medium,895.28
Tamil Nadu,Tropical Dry,Reforestation,385.36,4,1000,17.4,Medium,1290.91
Mizoram,Tropical Wet,Reforestation,208.68,4,2500,84.5,High,3115.07
Uttarakhand,Subtropical,Reforestation,289.82,2,1800,45.4,High,2196.18
Assam,Tropical Wet,Reforestation,27.49,7,2700,34.2,Medium,512.51
Telangana,Tropical Dry,Afforestation,458.2,3,950,24.0,Low,808.89
Sikkim,Subtropical,Reforestation,264.7,7,2700,47.3,High,4519.74
Madhya Pradesh,Humid Subtropical,Afforestation,169.92,9,1200,25.1,Medium,896.8
Odisha,Humid Subtropical,Regenerative Agriculture,47.09,10,1500,33.2,Medium,107.03
Himachal Pradesh,Subtropical,Afforestation,162.85,1,1600,27.1,Medium,604.6
Karnataka,Tropical Dry,Regenerative Agriculture,41.91,4,1300,20.1,Medium,51.57
Odisha,Humid Subtropical,Regenerative Agriculture,274.94,4,1500,33.2,Medium,413.19
Sikkim,Subtropical,Reforestation,96.16,3,2700,47.3,High,1197.22
Andhra Pradesh,Tropical Dry,Afforestation,495.78,3,900,23.0,Low,898.26
Madhya Pradesh,Humid Subtropical,Reforestation,176.36,6,1200,25.1,Medium,932.0
Uttarakhand,Subtropical,Reforestation,172.03,4,1800,45.4,High,1617.01
Nagaland,Tropical Wet,Regenerative Agriculture,181.76,8,2000,73.9,High,741.82
Uttar Pradesh,Humid Subtropical,Regenerative Agriculture,271.57,6,1000,6.1,Medium,325.07
Himachal Pradesh,Subtropical,Afforestation,490.19,2,1600,27.1,Medium,1957.49
West Bengal,Humid Subtropical,Afforestation,50.8,1,1750,18.9,Medium,173.01
Andhra Pradesh,Tropical Dry,Regenerative Agriculture,102.14,1,900,23.0,Low,49.05
Kerala,Tropical Wet,Regenerative Agriculture,87.84,7,3000,52.3,High,442.63
Karnataka,Tropical Dry,Reforestation,227.29,7,1300,20.1,Medium,1335.71
Jharkhand,Humid Subtropical,Regenerative Agriculture,236.11,8,1300,29.6,Medium,410.37
Mizoram,Tropical Wet,Reforestation,332.83,10,2500,84.5,High,7862.49
Uttar Pradesh,Humid Subtropical,Regenerative Agriculture,12.76,2,1000,6.1,Medium,10.21
Tripura,Tropical Wet,Afforestation,148.39,5,2200,73.7,Medium,1249.36
Rajasthan,Arid,Afforestation,53.17,9,500,4.8,Very Low,64.53
Maharashtra,Tropical Dry,Reforestation,108.49,1,1100,16.5,Medium,288.28
Maharashtra,Tropical Dry,Reforestation,236.88,1,1100,16.5,Medium,638.47
Meghalaya,Tropical Wet,Afforestation,180.8,8,2800,76.3,High,2615.48
Himachal Pradesh,Subtropical,Reforestation,220.67,2,1600,27.1,Medium,1176.22
Tamil Nadu,Tropical Dry,Afforestation,24.97,4,1000,17.4,Medium,63.17
Punjab,Humid Subtropical,Afforestation,122.64,9,700,3.6,Medium,472.37
Telangana,Tropical Dry,Afforestation,168.2,7,950,24.0,Low,443.33
Tripura,Tropical Wet,Afforestation,439.68,4,2200,73.7,Medium,3431.21
Goa,Tropical Wet,Regenerative Agriculture,287.64,9,2900,60.0,High,1612.59
West Bengal,Humid Subtropical,Regenerative Agriculture,224.06,4,1750,18.9,Medium,392.75
Sikkim,Subtropical,Regenerative Agriculture,213.76,2,2700,47.3,High,565.31
Sikkim,Subtropical,Afforestation,369.72,8,2700,47.3,High,4868.56
Bihar,Humid Subtropical,Reforestation,335.33,4,1100,7.7,Medium,1367.13
Haryana,Humid Subtropical,Reforestation,138.14,4,600,3.6,Low,349.34
Uttarakhand,Subtropical,Regenerative Agriculture,237.5,9,1800,45.4,High,787.92
Sikkim,Subtropical,Reforestation,317.56,9,2700,47.3,High,6274.25
Goa,Tropical Wet,Regenerative Agriculture,172.36,10,2900,60.0,High,972.31
Kerala,Tropical Wet,Afforestation,244.57,1,3000,52.3,High,1924.68
Maharashtra,Tropical Dry,Regenerative Agriculture,160.12,2,1100,16.5,Medium,131.38
Gujarat,Arid,Regenerative Agriculture,32.69,4,800,7.6,Low,9.39
Goa,Tropical Wet,Reforestation,124.43,5,2900,60.0,High,2308.68
Meghalaya,Tropical Wet,Afforestation,77.16,4,2800,76.3,High,805.12
Gujarat,Arid,Reforestation,317.12,1,800,7.6,Low,244.33
Tamil Nadu,Tropical Dry,Regenerative Agriculture,281.81,1,1000,17.4,Medium,176.64
Himachal Pradesh,Subtropical,Regenerative Agriculture,136.0,10,1600,27.1,Medium,375.45
Mizoram,Tropical Wet,Reforestation,99.6,7,2500,84.5,High,1879.73
Uttarakhand,Subtropical,Afforestation,256.87,2,1800,45.4,High,1299.15
Odisha,Humid Subtropical,Regenerative Agriculture,278.8,8,1500,33.2,Medium,554.13
West Bengal,Humid Subtropical,Regenerative Agriculture,150.46,2,1750,18.9,Medium,220.44
Kerala,Tropical Wet,Regenerative Agriculture,120.77,5,3000,52.3,High,474.24
Telangana,Tropical Dry,Regenerative Agriculture,28.28,5,950,24.0,Low,21.77
Chhattisgarh,Humid Subtropical,Regenerative Agriculture,187.08,4,1400,41.1,Medium,267.72
Tamil Nadu,Tropical Dry,Afforestation,357.26,5,1000,17.4,Medium,953.01
Karnataka,Tropical Dry,Afforestation,58.07,2,1300,20.1,Medium,149.46
Andhra Pradesh,Tropical Dry,Regenerative Agriculture,99.19,5,900,23.0,Low,75.79
Sikkim,Subtropical,Reforestation,348.66,9,2700,47.3,High,6962.72
Meghalaya,Tropical Wet,Afforestation,326.39,4,2800,76.3,High,3416.94
Uttar Pradesh,Humid Subtropical,Afforestation,97.6,8,1000,6.1,Medium,422.42
West Bengal,Humid Subtropical,Regenerative Agriculture,132.67,10,1750,18.9,Medium,351.46
Madhya Pradesh,Humid Subtropical,Reforestation,108.29,10,1200,25.1,Medium,772.19
Himachal Pradesh,Subtropical,Reforestation,74.64,3,1600,27.1,Medium,416.98
Nagaland,Tropical Wet,Reforestation,350.53,2,2000,73.9,High,3275.45
Gujarat,Arid,Afforestation,445.78,7,800,7.6,Low,559.12
Bihar,Humid Subtropical,Regenerative Agriculture,133.12,2,1100,7.7,Medium,116.0
Tripura,Tropical Wet,Afforestation,344.38,4,2200,73.7,Medium,2617.59
Assam,Tropical Wet,Afforestation,210.69,9,2700,34.2,Medium,2921.67
Bihar,Humid Subtropical,Regenerative Agriculture,126.98,4,1100,7.7,Medium,140.34
Himachal Pradesh,Subtropical,Regenerative Agriculture,277.92,8,1600,27.1,Medium,686.22
West Bengal,Humid Subtropical,Regenerative Agriculture,21.82,4,1750,18.9,Medium,38.59
Uttarakhand,Subtropical,Regenerative Agriculture,33.46,9,1800,45.4,High,108.23
Tripura,Tropical Wet,Regenerative Agriculture,131.02,10,2200,73.7,Medium,567.12
Meghalaya,Tropical Wet,Regenerative Agriculture,61.95,8,2800,76.3,High,326.68
Chhattisgarh,Humid Subtropical,Afforestation,36.13,7,1400,41.1,Medium,187.75
Chhattisgarh,Humid Subtropical,Regenerative Agriculture,181.1,7,1400,41.1,Medium,318.27
Assam,Tropical Wet,Afforestation,329.22,6,2700,34.2,Medium,3855.54
Bihar,Humid Subtropical,Regenerative Agriculture,224.82,2,1100,7.7,Medium,197.77
Himachal Pradesh,Subtropical,Afforestation,68.14,10,1600,27.1,Medium,522.08
Manipur,Subtropical,Reforestation,67.78,2,1500,74.3,Medium,380.45
West Bengal,Humid Subtropical,Regenerative Agriculture,29.41,8,1750,18.9,Medium,69.06
Assam,Tropical Wet,Afforestation,151.66,6,2700,34.2,Medium,1698.47
Uttar Pradesh,Humid Subtropical,Reforestation,119.89,10,1000,6.1,Medium,688.75
Maharashtra,Tropical Dry,Regenerative Agriculture,103.22,8,1100,16.5,Medium,138.74
Uttarakhand,Subtropical,Reforestation,235.22,5,1800,45.4,High,2316.4
Gujarat,Arid,Afforestation,44.73,9,800,7.6,Low,66.69
Rajasthan,Arid,Regenerative Agriculture,173.96,5,500,4.8,Very Low,49.08
Andhra Pradesh,Tropical Dry,Regenerative Agriculture,22.26,8,900,23.0,Low,21.67
Odisha,Humid Subtropical,Afforestation,185.72,4,1500,33.2,Medium,804.48
Odisha,Humid Subtropical,Regenerative Agriculture,28.12,2,1500,33.2,Medium,35.44
Nagaland,Tropical Wet,Regenerative Agriculture,93.25,8,2000,73.9,High,374.12
Telangana,Tropical Dry,Afforestation,400.53,9,950,24.0,Low,1173.61
Uttar Pradesh,Humid Subtropical,Afforestation,267.17,8,1000,6.1,Medium,1193.64
Haryana,Humid Subtropical,Regenerative Agriculture,137.89,5,600,3.6,Low,95.42
Haryana,Humid Subtropical,Reforestation,279.2,7,600,3.6,Low,837.39
Jharkhand,Humid Subtropical,Regenerative Agriculture,111.68,10,1300,29.6,Medium,214.65
Goa,Tropical Wet,Afforestation,436.68,8,2900,60.0,High,6516.98
Mizoram,Tropical Wet,Reforestation,201.14,3,2500,84.5,High,2688.99
Sikkim,Subtropical,Regenerative Agriculture,38.1,2,2700,47.3,High,98.62
Andhra Pradesh,Tropical Dry,Reforestation,181.01,3,900,23.0,Low,438.43
Chhattisgarh,Humid Subtropical,Regenerative Agriculture,185.64,6,1400,41.1,Medium,299.41
Manipur,Subtropical,Reforestation,349.74,7,1500,74.3,Medium,3149.94
Chhattisgarh,Humid Subtropical,Afforestation,249.84,6,1400,41.1,Medium,1155.09
Telangana,Tropical Dry,Reforestation,80.64,2,950,24.0,Low,189.91
Manipur,Subtropical,Reforestation,274.45,6,1500,74.3,Medium,2141.11
Maharashtra,Tropical Dry,Afforestation,11.61,6,1100,16.5,Medium,37.99
Bihar,Humid Subtropical,Reforestation,22.15,1,1100,7.7,Medium,65.7
Uttarakhand,Subtropical,Reforestation,208.67,6,1800,45.4,High,2336.98
Haryana,Humid Subtropical,Regenerative Agriculture,247.9,8,600,3.6,Low,224.26
Assam,Tropical Wet,Afforestation,30.94,9,2700,34.2,Medium,421.4
Gujarat,Arid,Reforestation,93.43,8,800,7.6,Low,149.43
Gujarat,Arid,Regenerative Agriculture,95.37,7,800,7.6,Low,35.58
Haryana,Humid Subtropical,Reforestation,391.47,2,600,3.6,Low,808.64
Punjab,Humid Subtropical,Reforestation,227.97,6,700,3.6,Medium,771.36
Haryana,Humid Subtropical,Regenerative Agriculture,119.53,4,600,3.6,Low,80.58
Madhya Pradesh,Humid Subtropical,Reforestation,173.1,6,1200,25.1,Medium,872.28
Himachal Pradesh,Subtropical,Afforestation,353.19,9,1600,27.1,Medium,2509.43
Odisha,Humid Subtropical,Regenerative Agriculture,152.07,1,1500,33.2,Medium,158.34
Jharkhand,Humid Subtropical,Afforestation,224.14,3,1300,29.6,Medium,733.3
Kerala,Tropical Wet,Afforestation,133.02,1,3000,52.3,High,942.18
Rajasthan,Arid,Regenerative Agriculture,29.2,5,500,4.8,Very Low,7.86
Mizoram,Tropical Wet,Afforestation,214.63,4,2500,84.5,High,2193.63
Telangana,Tropical Dry,Reforestation,264.79,5,950,24.0,Low,741.95
Jharkhand,Humid Subtropical,Afforestation,154.94,10,1300,29.6,Medium,863.16
Arunachal Pradesh,Subtropical,Regenerative Agriculture,114.6,6,2800,79.3,High,415.31
Goa,Tropical Wet,Regenerative Agriculture,273.75,7,2900,60.0,High,1313.35
Chhattisgarh,Humid Subtropical,Regenerative Agriculture,249.07,9,1400,41.1,Medium,507.49
Punjab,Humid Subtropical,Reforestation,214.63,10,700,3.6,Medium,1046.59
Meghalaya,Tropical Wet,Afforestation,232.08,3,2800,76.3,High,2398.77
Sikkim,Subtropical,Regenerative Agriculture,185.37,1,2700,47.3,High,446.83
Chhattisgarh,Humid Subtropical,Afforestation,267.15,2,1400,41.1,Medium,887.43
Meghalaya,Tropical Wet,Afforestation,109.46,5,2800,76.3,High,1299.37
Gujarat,Arid,Afforestation,473.79,9,800,7.6,Low,697.54
Karnataka,Tropical Dry,Afforestation,387.98,9,1300,20.1,Medium,1991.92
Bihar,Humid Subtropical,Regenerative Agriculture,184.47,4,1100,7.7,Medium,196.55
Mizoram,Tropical Wet,Reforestation,275.44,7,2500,84.5,High,5532.6
Meghalaya,Tropical Wet,Regenerative Agriculture,279.45,6,2800,76.3,High,1295.18
Kerala,Tropical Wet,Regenerative Agriculture,144.46,9,3000,52.3,High,762.04
Kerala,Tropical Wet,Afforestation,239.03,4,3000,52.3,High,2600.29
Assam,Tropical Wet,Afforestation,125.02,3,2700,34.2,Medium,1061.66
Karnataka,Tropical Dry,Reforestation,224.36,5,1300,20.1,Medium,1047.4
Tripura,Tropical Wet,Regenerative Agriculture,297.26,2,2200,73.7,Medium,634.99
Rajasthan,Arid,Afforestation,394.88,4,500,4.8,Very Low,324.43
Arunachal Pradesh,Subtropical,Afforestation,44.78,3,2800,79.3,High,373.34
Nagaland,Tropical Wet,Afforestation,202.25,7,2000,73.9,High,2109.37
Mizoram,Tropical Wet,Reforestation,246.91,10,2500,84.5,High,5588.87
Tamil Nadu,Tropical Dry,Regenerative Agriculture,280.4,7,1000,17.4,Medium,329.24
Kerala,Tropical Wet,Afforestation,51.5,10,3000,52.3,High,888.28
Himachal Pradesh,Subtropical,Regenerative Agriculture,29.3,9,1600,27.1,Medium,71.49
Himachal Pradesh,Subtropical,Reforestation,288.61,6,1600,27.1,Medium,2239.84
Arunachal Pradesh,Subtropical,Afforestation,40.86,9,2800,79.3,High,564.56
Manipur,Subtropical,Regenerative Agriculture,248.55,2,1500,74.3,Medium,325.73
Arunachal Pradesh,Subtropical,Regenerative Agriculture,270.91,3,2800,79.3,High,774.6
Jharkhand,Humid Subtropical,Afforestation,101.18,8,1300,29.6,Medium,513.81
Madhya Pradesh,Humid Subtropical,Afforestation,165.07,6,1200,25.1,Medium,639.2
Tripura,Tropical Wet,Afforestation,403.85,8,2200,73.7,Medium,4384.36
Tamil Nadu,Tropical Dry,Reforestation,138.53,3,1000,17.4,Medium,414.92
Maharashtra,Tropical Dry,Regenerative Agriculture,32.22,9,1100,16.5,Medium,45.27
West Bengal,Humid Subtropical,Regenerative Agriculture,30.27,1,1750,18.9,Medium,37.54
Andhra Pradesh,Tropical Dry,Reforestation,362.32,4,900,23.0,Low,906.07
Kerala,Tropical Wet,Afforestation,294.02,7,3000,52.3,High,4016.27
Punjab,Humid Subtropical,Afforestation,207.06,5,700,3.6,Medium,599.97
West Bengal,Humid Subtropical,Afforestation,379.56,1,1750,18.9,Medium,1329.94
Nagaland,Tropical Wet,Regenerative Agriculture,270.7,10,2000,73.9,High,1198.13
Sikkim,Subtropical,Reforestation,153.05,10,2700,47.3,High,3012.23
Nagaland,Tropical Wet,Regenerative Agriculture,104.01,3,2000,73.9,High,276.49
Uttarakhand,Subtropical,Afforestation,146.97,4,1800,45.4,High,955.34
Goa,Tropical Wet,Regenerative Agriculture,286.08,1,2900,60.0,High,754.13
Karnataka,Tropical Dry,Afforestation,302.94,1,1300,20.1,Medium,731.29
Rajasthan,Arid,Regenerative Agriculture,153.13,6,500,4.8,Very Low,49.11
Chhattisgarh,Humid Subtropical,Regenerative Agriculture,208.4,6,1400,41.1,Medium,324.23
Maharashtra,Tropical Dry,Afforestation,460.89,3,1100,16.5,Medium,1189.57
Haryana,Humid Subtropical,Reforestation,345.32,8,600,3.6,Low,1206.35
Manipur,Subtropical,Reforestation,108.75,4,1500,74.3,Medium,734.56
Telangana,Tropical Dry,Afforestation,446.08,10,950,24.0,Low,1421.76
Karnataka,Tropical Dry,Reforestation,178.94,6,1300,20.1,Medium,953.03
Odisha,Humid Subtropical,Afforestation,474.91,1,1500,33.2,Medium,1419.09
West Bengal,Humid Subtropical,Regenerative Agriculture,22.07,1,1750,18.9,Medium,27.79
Bihar,Humid Subtropical,Afforestation,32.94,6,1100,7.7,Medium,137.46
West Bengal,Humid Subtropical,Reforestation,213.31,7,1750,18.9,Medium,1795.71
Sikkim,Subtropical,Reforestation,59.87,8,2700,47.3,High,1076.75
Manipur,Subtropical,Reforestation,41.86,8,1500,74.3,Medium,366.35
Karnataka,Tropical Dry,Regenerative Agriculture,223.83,6,1300,20.1,Medium,296.26
Punjab,Humid Subtropical,Reforestation,140.7,2,700,3.6,Medium,343.61
Manipur,Subtropical,Reforestation,207.14,9,1500,74.3,Medium,2036.32
Odisha,Humid Subtropical,Reforestation,293.83,9,1500,33.2,Medium,2609.79
Karnataka,Tropical Dry,Regenerative Agriculture,227.93,3,1300,20.1,Medium,241.16
Uttar Pradesh,Humid Subtropical,Afforestation,378.5,2,1000,6.1,Medium,1070.2
Bihar,Humid Subtropical,Reforestation,209.97,2,1100,7.7,Medium,671.59
Karnataka,Tropical Dry,Afforestation,159.37,7,1300,20.1,Medium,661.58
Madhya Pradesh,Humid Subtropical,Regenerative Agriculture,230.91,10,1200,25.1,Medium,436.28
Meghalaya,Tropical Wet,Afforestation,486.85,8,2800,76.3,High,7237.42
Madhya Pradesh,Humid Subtropical,Regenerative Agriculture,27.16,8,1200,25.1,Medium,45.85
Madhya Pradesh,Humid Subtropical,Afforestation,62.68,2,1200,25.1,Medium,167.17
Bihar,Humid Subtropical,Regenerative Agriculture,92.21,3,1100,7.7,Medium,87.16
Maharashtra,Tropical Dry,Afforestation,337.97,9,1100,16.5,Medium,1396.79
Bihar,Humid Subtropical,Reforestation,210.28,5,1100,7.7,Medium,917.64
Himachal Pradesh,Subtropical,Reforestation,95.42,7,1600,27.1,Medium,814.51
Tamil Nadu,Tropical Dry,Regenerative Agriculture,171.49,10,1000,17.4,Medium,236.72
Meghalaya,Tropical Wet,Regenerative Agriculture,39.72,3,2800,76.3,High,135.49
Jharkhand,Humid Subtropical,Afforestation,104.52,2,1300,29.6,Medium,316.42
Uttar Pradesh,Humid Subtropical,Reforestation,247.01,4,1000,6.1,Medium,946.72
Goa,Tropical Wet,Reforestation,354.7,4,2900,60.0,High,5394.47
West Bengal,Humid Subtropical,Regenerative Agriculture,250.07,8,1750,18.9,Medium,629.94
Uttar Pradesh,Humid Subtropical,Afforestation,221.54,8,1000,6.1,Medium,962.45
Andhra Pradesh,Tropical Dry,Reforestation,282.89,10,900,23.0,Low,1133.69
Uttar Pradesh,Humid Subtropical,Reforestation,358.26,4,1000,6.1,Medium,1347.14
West Bengal,Humid Subtropical,Afforestation,149.5,9,1750,18.9,Medium,1051.8
Manipur,Subtropical,Regenerative Agriculture,61.51,5,1500,74.3,Medium,107.18
Jharkhand,Humid Subtropical,Reforestation,111.93,5,1300,29.6,Medium,585.11
Mizoram,Tropical Wet,Regenerative Agriculture,181.58,5,2500,84.5,High,705.67
Bihar,Humid Subtropical,Reforestation,279.89,4,1100,7.7,Medium,1153.64
Gujarat,Arid,Reforestation,371.06,10,800,7.6,Low,682.75
Jharkhand,Humid Subtropical,Regenerative Agriculture,73.82,6,1300,29.6,Medium,112.27
Madhya Pradesh,Humid Subtropical,Regenerative Agriculture,78.32,10,1200,25.1,Medium,148.59
Rajasthan,Arid,Afforestation,267.52,2,500,4.8,Very Low,171.93
Rajasthan,Arid,Reforestation,193.6,10,500,4.8,Very Low,276.33
Meghalaya,Tropical Wet,Reforestation,23.91,8,2800,76.3,High,504.04
Andhra Pradesh,Tropical Dry,Reforestation,183.01,5,900,23.0,Low,489.96
Karnataka,Tropical Dry,Reforestation,100.82,9,1300,20.1,Medium,646.5
Madhya Pradesh,Humid Subtropical,Afforestation,370.63,7,1200,25.1,Medium,1682.41
Mizoram,Tropical Wet,Regenerative Agriculture,242.75,8,2500,84.5,High,1248.16
Arunachal Pradesh,Subtropical,Reforestation,321.88,3,2800,79.3,High,3835.73
Meghalaya,Tropical Wet,Regenerative Agriculture,260.97,3,2800,76.3,High,821.87
Jharkhand,Humid Subtropical,Afforestation,125.2,3,1300,29.6,Medium,408.16
Uttar Pradesh,Humid Subtropical,Reforestation,107.67,7,1000,6.1,Medium,500.15
Tamil Nadu,Tropical Dry,Regenerative Agriculture,88.29,2,1000,17.4,Medium,67.04
West Bengal,Humid Subtropical,Afforestation,127.52,5,1750,18.9,Medium,681.04
Meghalaya,Tropical Wet,Reforestation,45.66,7,2800,76.3,High,879.79
Telangana,Tropical Dry,Afforestation,44.32,3,950,24.0,Low,87.65
Karnataka,Tropical Dry,Afforestation,170.4,7,1300,20.1,Medium,718.92
Chhattisgarh,Humid Subtropical,Reforestation,312.82,4,1400,41.1,Medium,1833.12
Bihar,Humid Subtropical,Afforestation,464.43,9,1100,7.7,Medium,2406.68
Tripura,Tropical Wet,Reforestation,248.15,7,2200,73.7,Medium,3581.73
Maharashtra,Tropical Dry,Afforestation,124.42,6,1100,16.5,Medium,403.37
Uttar Pradesh,Humid Subtropical,Afforestation,225.67,9,1000,6.1,Medium,1050.41
Mizoram,Tropical Wet,Afforestation,432.2,5,2500,84.5,High,5078.12
Arunachal Pradesh,Subtropical,Reforestation,243.62,7,2800,79.3,High,3939.65
Gujarat,Arid,Reforestation,240.98,9,800,7.6,Low,393.89
Punjab,Humid Subtropical,Regenerative Agriculture,247.68,10,700,3.6,Medium,305.76
Tamil Nadu,Tropical Dry,Regenerative Agriculture,82.98,3,1000,17.4,Medium,69.66
Uttarakhand,Subtropical,Reforestation,122.12,10,1800,45.4,High,1837.31
Sikkim,Subtropical,Reforestation,102.34,9,2700,47.3,High,1962.97
Madhya Pradesh,Humid Subtropical,Afforestation,408.82,8,1200,25.1,Medium,1811.0
Goa,Tropical Wet,Regenerative Agriculture,201.96,6,2900,60.0,High,908.76
Telangana,Tropical Dry,Reforestation,46.25,5,950,24.0,Low,144.73
Karnataka,Tropical Dry,Reforestation,254.15,8,1300,20.1,Medium,1525.27
Sikkim,Subtropical,Reforestation,142.43,7,2700,47.3,High,2436.74
Haryana,Humid Subtropical,Regenerative Agriculture,110.99,6,600,3.6,Low,90.2
Kerala,Tropical Wet,Regenerative Agriculture,186.85,9,3000,52.3,High,1060.01
Uttar Pradesh,Humid Subtropical,Reforestation,283.79,3,1000,6.1,Medium,953.19
Assam,Tropical Wet,Afforestation,152.46,1,2700,34.2,Medium,978.81
Mizoram,Tropical Wet,Regenerative Agriculture,69.45,7,2500,84.5,High,329.24
Andhra Pradesh,Tropical Dry,Reforestation,149.28,3,900,23.0,Low,360.34
West Bengal,Humid Subtropical,Regenerative Agriculture,171.33,2,1750,18.9,Medium,243.34
Punjab,Humid Subtropical,Reforestation,163.26,1,700,3.6,Medium,339.57
Gujarat,Arid,Reforestation,16.59,10,800,7.6,Low,28.36
Bihar,Humid Subtropical,Reforestation,351.56,7,1100,7.7,Medium,1860.0
West Bengal,Humid Subtropical,Reforestation,169.48,4,1750,18.9,Medium,1108.69
Gujarat,Arid,Reforestation,212.04,4,800,7.6,Low,238.36
Nagaland,Tropical Wet,Regenerative Agriculture,106.76,3,2000,73.9,High,290.56
Madhya Pradesh,Humid Subtropical,Reforestation,181.29,7,1200,25.1,Medium,1018.02
Assam,Tropical Wet,Reforestation,133.72,6,2700,34.2,Medium,2022.93
Assam,Tropical Wet,Reforestation,254.74,10,2700,34.2,Medium,5448.72
Tripura,Tropical Wet,Reforestation,265.17,1,2200,73.7,Medium,2217.03
Manipur,Subtropical,Reforestation,168.42,4,1500,74.3,Medium,1061.49
Odisha,Humid Subtropical,Reforestation,354.98,4,1500,33.2,Medium,2159.47
Mizoram,Tropical Wet,Reforestation,96.27,8,2500,84.5,High,2061.97
Maharashtra,Tropical Dry,Reforestation,179.19,9,1100,16.5,Medium,953.14
Bihar,Humid Subtropical,Afforestation,364.54,4,1100,7.7,Medium,1363.66
Assam,Tropical Wet,Reforestation,255.25,8,2700,34.2,Medium,4675.98
Telangana,Tropical Dry,Reforestation,326.23,10,950,24.0,Low,1412.36
Telangana,Tropical Dry,Regenerative Agriculture,163.13,3,950,24.0,Low,110.14
Arunachal Pradesh,Subtropical,Regenerative Agriculture,274.41,5,2800,79.3,High,975.7
Rajasthan,Arid,Reforestation,143.27,3,500,4.8,Very Low,127.78
Chhattisgarh,Humid Subtropical,Afforestation,91.26,4,1400,41.1,Medium,376.28
Punjab,Humid Subtropical,Afforestation,168.42,8,700,3.6,Medium,617.04
Assam,Tropical Wet,Afforestation,138.21,4,2700,34.2,Medium,1241.06
Andhra Pradesh,Tropical Dry,Reforestation,369.93,8,900,23.0,Low,1318.72
Karnataka,Tropical Dry,Reforestation,315.85,3,1300,20.1,Medium,1243.95
Haryana,Humid Subtropical,Afforestation,199.17,6,600,3.6,Low,503.91
Madhya Pradesh,Humid Subtropical,Afforestation,452.69,8,1200,25.1,Medium,2107.74
West Bengal,Humid Subtropical,Afforestation,29.26,10,1750,18.9,Medium,217.69
Kerala,Tropical Wet,Reforestation,59.61,8,3000,52.3,High,1266.06
Assam,Tropical Wet,Reforestation,271.22,1,2700,34.2,Medium,2761.96
Tamil Nadu,Tropical Dry,Regenerative Agriculture,106.45,5,1000,17.4,Medium,108.8
Punjab,Humid Subtropical,Reforestation,188.66,4,700,3.6,Medium,552.22
Telangana,Tropical Dry,Reforestation,317.22,5,950,24.0,Low,935.08
Uttarakhand,Subtropical,Reforestation,47.53,7,1800,45.4,High,551.91
Telangana,Tropical Dry,Afforestation,231.73,6,950,24.0,Low,574.45
Telangana,Tropical Dry,Reforestation,381.13,1,950,24.0,Low,742.71
Uttarakhand,Subtropical,Reforestation,263.58,10,1800,45.4,High,3696.98
Rajasthan,Arid,Reforestation,113.01,5,500,4.8,Very Low,107.17
Haryana,Humid Subtropical,Reforestation,351.45,9,600,3.6,Low,1372.29
Goa,Tropical Wet,Regenerative Agriculture,273.77,9,2900,60.0,High,1511.34
Andhra Pradesh,Tropical Dry,Reforestation,66.0,7,900,23.0,Low,219.32
Himachal Pradesh,Subtropical,Reforestation,63.09,8,1600,27.1,Medium,560.75
Assam,Tropical Wet,Reforestation,64.06,5,2700,34.2,Medium,967.1
Arunachal Pradesh,Subtropical,Reforestation,83.77,5,2800,79.3,High,1195.19
Telangana,Tropical Dry,Reforestation,287.4,5,950,24.0,Low,858.2
Andhra Pradesh,Tropical Dry,Afforestation,269.02,1,900,23.0,Low,379.38
Chhattisgarh,Humid Subtropical,Reforestation,318.34,3,1400,41.1,Medium,1625.63
Odisha,Humid Subtropical,Regenerative Agriculture,219.71,1,1500,33.2,Medium,229.19
Goa,Tropical Wet,Reforestation,172.61,7,2900,60.0,High,3419.17
Uttar Pradesh,Humid Subtropical,Regenerative Agriculture,218.58,9,1000,6.1,Medium,329.99
Manipur,Subtropical,Regenerative Agriculture,135.21,9,1500,74.3,Medium,322.23
West Bengal,Humid Subtropical,Afforestation,37.49,3,1750,18.9,Medium,170.55
Karnataka,Tropical Dry,Reforestation,274.02,9,1300,20.1,Medium,1765.07
Uttar Pradesh,Humid Subtropical,Afforestation,78.25,3,1000,6.1,Medium,221.75
West Bengal,Humid Subtropical,Regenerative Agriculture,106.84,1,1750,18.9,Medium,129.75
Rajasthan,Arid,Afforestation,246.82,9,500,4.8,Very Low,308.95
Uttar Pradesh,Humid Subtropical,Reforestation,277.4,5,1000,6.1,Medium,1125.12
Uttarakhand,Subtropical,Afforestation,345.47,9,1800,45.4,High,3278.22
Assam,Tropical Wet,Reforestation,342.71,1,2700,34.2,Medium,3313.31
Madhya Pradesh,Humid Subtropical,Reforestation,280.4,3,1200,25.1,Medium,1111.43
Bihar,Humid Subtropical,Reforestation,263.55,5,1100,7.7,Medium,1149.16
Nagaland,Tropical Wet,Reforestation,375.39,3,2000,73.9,High,3892.79
Kerala,Tropical Wet,Afforestation,153.94,5,3000,52.3,High,1894.05
Chhattisgarh,Humid Subtropical,Reforestation,248.73,2,1400,41.1,Medium,1141.18
Haryana,Humid Subtropical,Reforestation,164.92,1,600,3.6,Low,293.65
Maharashtra,Tropical Dry,Regenerative Agriculture,274.78,9,1100,16.5,Medium,391.11
Manipur,Subtropical,Regenerative Agriculture,153.47,2,1500,74.3,Medium,202.91
West Bengal,Humid Subtropical,Afforestation,201.7,9,1750,18.9,Medium,1498.92
Uttar Pradesh,Humid Subtropical,Afforestation,173.75,6,1000,6.1,Medium,660.94
Karnataka,Tropical Dry,Reforestation,309.68,7,1300,20.1,Medium,1781.18
Gujarat,Arid,Afforestation,193.45,4,800,7.6,Low,202.36
Goa,Tropical Wet,Afforestation,235.27,5,2900,60.0,High,2754.08
Sikkim,Subtropical,Afforestation,92.37,9,2700,47.3,High,1203.65
Karnataka,Tropical Dry,Reforestation,68.43,9,1300,20.1,Medium,437.61
Madhya Pradesh,Humid Subtropical,Reforestation,44.92,1,1200,25.1,Medium,147.63
Assam,Tropical Wet,Reforestation,257.83,4,2700,34.2,Medium,3457.52
West Bengal,Humid Subtropical,Reforestation,109.28,9,1750,18.9,Medium,1031.95
Maharashtra,Tropical Dry,Reforestation,196.28,10,1100,16.5,Medium,1137.61
West Bengal,Humid Subtropical,Afforestation,425.3,6,1750,18.9,Medium,2514.43
Kerala,Tropical Wet,Reforestation,225.07,8,3000,52.3,High,4918.61
Assam,Tropical Wet,Regenerative Agriculture,270.37,4,2700,34.2,Medium,905.33
Rajasthan,Arid,Reforestation,369.14,9,500,4.8,Very Low,523.64
Kerala,Tropical Wet,Regenerative Agriculture,125.05,8,3000,52.3,High,650.6
Bihar,Humid Subtropical,Reforestation,67.22,7,1100,7.7,Medium,365.94
Karnataka,Tropical Dry,Regenerative Agriculture,167.74,6,1300,20.1,Medium,214.67
Tripura,Tropical Wet,Afforestation,477.17,8,2200,73.7,Medium,5097.67
Tripura,Tropical Wet,Regenerative Agriculture,5.4,4,2200,73.7,Medium,15.05
Manipur,Subtropical,Reforestation,95.65,3,1500,74.3,Medium,557.79
Bihar,Humid Subtropical,Reforestation,224.4,10,1100,7.7,Medium,1517.45
Haryana,Humid Subtropical,Regenerative Agriculture,285.56,10,600,3.6,Low,300.78
Bihar,Humid Subtropical,Reforestation,189.23,7,1100,7.7,Medium,982.72
Arunachal Pradesh,Subtropical,Reforestation,20.84,5,2800,79.3,High,315.13
Himachal Pradesh,Subtropical,Regenerative Agriculture,194.99,7,1600,27.1,Medium,436.65
Jharkhand,Humid Subtropical,Regenerative Agriculture,207.02,7,1300,29.6,Medium,332.4
Sikkim,Subtropical,Regenerative Agriculture,165.13,1,2700,47.3,High,353.85
Kerala,Tropical Wet,Afforestation,257.86,4,3000,52.3,High,2666.32
Himachal Pradesh,Subtropical,Afforestation,154.48,8,1600,27.1,Medium,1001.09
Haryana,Humid Subtropical,Reforestation,195.81,8,600,3.6,Low,658.15
Mizoram,Tropical Wet,Regenerative Agriculture,247.36,10,2500,84.5,High,1381.86
Meghalaya,Tropical Wet,Regenerative Agriculture,101.3,10,2800,76.3,High,577.69
Uttarakhand,Subtropical,Afforestation,496.55,1,1800,45.4,High,2287.98
Haryana,Humid Subtropical,Regenerative Agriculture,41.0,9,600,3.6,Low,41.04
Punjab,Humid Subtropical,Reforestation,95.09,5,700,3.6,Medium,304.95
Karnataka,Tropical Dry,Afforestation,75.28,3,1300,20.1,Medium,237.61
Punjab,Humid Subtropical,Reforestation,362.58,7,700,3.6,Medium,1374.88
Assam,Tropical Wet,Afforestation,311.75,9,2700,34.2,Medium,4451.54
West Bengal,Humid Subtropical,Afforestation,267.35,6,1750,18.9,Medium,1516.37
West Bengal,Humid Subtropical,Regenerative Agriculture,88.22,8,1750,18.9,Medium,207.18
Nagaland,Tropical Wet,Regenerative Agriculture,138.01,4,2000,73.9,High,424.16
Gujarat,Arid,Reforestation,158.6,8,800,7.6,Low,252.26
Tamil Nadu,Tropical Dry,Afforestation,340.95,10,1000,17.4,Medium,1331.11
Haryana,Humid Subtropical,Regenerative Agriculture,38.97,6,600,3.6,Low,33.23
Uttar Pradesh,Humid Subtropical,Reforestation,387.18,5,1000,6.1,Medium,1575.85
West Bengal,Humid Subtropical,Afforestation,424.23,1,1750,18.9,Medium,1507.13
Manipur,Subtropical,Afforestation,171.42,1,1500,74.3,Medium,560.45
West Bengal,Humid Subtropical,Reforestation,143.78,5,1750,18.9,Medium,1028.93
Goa,Tropical Wet,Reforestation,93.12,5,2900,60.0,High,1481.47
Jharkhand,Humid Subtropical,Reforestation,255.69,4,1300,29.6,Medium,1244.02
Assam,Tropical Wet,Regenerative Agriculture,201.62,4,2700,34.2,Medium,646.34
Himachal Pradesh,Subtropical,Regenerative Agriculture,290.99,10,1600,27.1,Medium,789.37
Jharkhand,Humid Subtropical,Afforestation,464.79,2,1300,29.6,Medium,1284.26
Haryana,Humid Subtropical,Afforestation,342.01,4,600,3.6,Low,801.24
Haryana,Humid Subtropical,Reforestation,41.74,5,600,3.6,Low,115.24
Odisha,Humid Subtropical,Reforestation,366.65,5,1500,33.2,Medium,2431.76
Rajasthan,Arid,Afforestation,122.37,6,500,4.8,Very Low,121.28
Kerala,Tropical Wet,Regenerative Agriculture,16.87,5,3000,52.3,High,66.77
Haryana,Humid Subtropical,Regenerative Agriculture,77.43,6,600,3.6,Low,60.75
Chhattisgarh,Humid Subtropical,Regenerative Agriculture,266.8,7,1400,41.1,Medium,473.9
Uttarakhand,Subtropical,Regenerative Agriculture,258.88,10,1800,45.4,High,869.03
Gujarat,Arid,Afforestation,312.89,8,800,7.6,Low,418.17
Gujarat,Arid,Regenerative Agriculture,297.86,7,800,7.6,Low,115.68
Rajasthan,Arid,Reforestation,206.06,8,500,4.8,Very Low,260.88
Uttar Pradesh,Humid Subtropical,Reforestation,163.19,4,1000,6.1,Medium,568.82
Gujarat,Arid,Afforestation,167.94,4,800,7.6,Low,166.96
Himachal Pradesh,Subtropical,Reforestation,124.31,9,1600,27.1,Medium,1210.47
Mizoram,Tropical Wet,Reforestation,259.02,2,2500,84.5,High,3165.53
Uttarakhand,Subtropical,Regenerative Agriculture,51.56,3,1800,45.4,High,105.12
Punjab,Humid Subtropical,Regenerative Agriculture,194.08,3,700,3.6,Medium,139.3
Bihar,Humid Subtropical,Regenerative Agriculture,157.63,8,1100,7.7,Medium,235.11
Goa,Tropical Wet,Reforestation,213.58,8,2900,60.0,High,4448.8
Kerala,Tropical Wet,Reforestation,395.49,10,3000,52.3,High,9290.78
Kerala,Tropical Wet,Regenerative Agriculture,158.42,2,3000,52.3,High,487.26
Kerala,Tropical Wet,Reforestation,143.5,4,3000,52.3,High,2229.29
Madhya Pradesh,Humid Subtropical,Reforestation,167.1,1,1200,25.1,Medium,529.23
Tamil Nadu,Tropical Dry,Regenerative Agriculture,147.45,7,1000,17.4,Medium,172.13
Bihar,Humid Subtropical,Regenerative Agriculture,290.3,9,1100,7.7,Medium,450.72
Haryana,Humid Subtropical,Regenerative Agriculture,171.12,6,600,3.6,Low,143.47
Mizoram,Tropical Wet,Afforestation,460.93,7,2500,84.5,High,6157.26
Gujarat,Arid,Reforestation,142.34,4,800,7.6,Low,160.04
Maharashtra,Tropical Dry,Reforestation,272.64,1,1100,16.5,Medium,760.33
Bihar,Humid Subtropical,Reforestation,215.72,5,1100,7.7,Medium,992.56
Punjab,Humid Subtropical,Reforestation,332.08,5,700,3.6,Medium,1062.65
Tamil Nadu,Tropical Dry,Regenerative Agriculture,244.49,4,1000,17.4,Medium,225.64
Chhattisgarh,Humid Subtropical,Afforestation,103.88,3,1400,41.1,Medium,357.82
Goa,Tropical Wet,Reforestation,76.49,6,2900,60.0,High,1475.79
Meghalaya,Tropical Wet,Afforestation,159.26,8,2800,76.3,High,2360.24
Haryana,Humid Subtropical,Reforestation,216.82,3,600,3.6,Low,499.47
Punjab,Humid Subtropical,Afforestation,410.94,6,700,3.6,Medium,1206.27
Uttarakhand,Subtropical,Afforestation,161.42,10,1800,45.4,High,1630.81
Assam,Tropical Wet,Afforestation,400.6,4,2700,34.2,Medium,3641.78
Odisha,Humid Subtropical,Afforestation,109.81,6,1500,33.2,Medium,540.75
Sikkim,Subtropical,Regenerative Agriculture,193.45,9,2700,47.3,High,920.06
Maharashtra,Tropical Dry,Regenerative Agriculture,261.51,10,1100,16.5,Medium,403.2
Odisha,Humid Subtropical,Afforestation,430.51,7,1500,33.2,Medium,2225.9
Uttarakhand,Subtropical,Regenerative Agriculture,142.6,2,1800,45.4,High,259.42
Haryana,Humid Subtropical,Regenerative Agriculture,167.89,7,600,3.6,Low,142.59
Rajasthan,Arid,Reforestation,245.43,6,500,4.8,Very Low,272.47
Uttar Pradesh,Humid Subtropical,Afforestation,145.92,9,1000,6.1,Medium,717.94
Madhya Pradesh,Humid Subtropical,Afforestation,330.94,9,1200,25.1,Medium,1676.07
Rajasthan,Arid,Afforestation,317.65,10,500,4.8,Very Low,401.0
Karnataka,Tropical Dry,Afforestation,171.53,3,1300,20.1,Medium,532.72
Maharashtra,Tropical Dry,Afforestation,436.31,5,1100,16.5,Medium,1349.2
Odisha,Humid Subtropical,Afforestation,25.38,3,1500,33.2,Medium,95.06
Sikkim,Subtropical,Regenerative Agriculture,227.92,3,2700,47.3,High,677.52
Arunachal Pradesh,Subtropical,Afforestation,38.65,8,2800,79.3,High,476.14
Goa,Tropical Wet,Reforestation,256.15,5,2900,60.0,High,4370.45
Uttarakhand,Subtropical,Reforestation,221.07,9,1800,45.4,High,3167.62
Uttar Pradesh,Humid Subtropical,Reforestation,43.36,9,1000,6.1,Medium,226.51
Uttar Pradesh,Humid Subtropical,Regenerative Agriculture,187.25,6,1000,6.1,Medium,221.26
Tripura,Tropical Wet,Regenerative Agriculture,240.55,1,2200,73.7,Medium,497.72
Manipur,Subtropical,Reforestation,121.33,2,1500,74.3,Medium,657.2
Bihar,Humid Subtropical,Regenerative Agriculture,67.59,5,1100,7.7,Medium,77.15
Tripura,Tropical Wet,Afforestation,423.32,2,2200,73.7,Medium,2614.49
Telangana,Tropical Dry,Regenerative Agriculture,11.05,3,950,24.0,Low,7.16
Manipur,Subtropical,Afforestation,202.82,9,1500,74.3,Medium,1355.26
Punjab,Humid Subtropical,Regenerative Agriculture,278.9,7,700,3.6,Medium,281.11
Andhra Pradesh,Tropical Dry,Regenerative Agriculture,170.94,8,900,23.0,Low,158.77
Sikkim,Subtropical,Afforestation,26.49,10,2700,47.3,High,364.35
Madhya Pradesh,Humid Subtropical,Regenerative Agriculture,177.26,5,1200,25.1,Medium,232.22
Goa,Tropical Wet,Reforestation,204.29,9,2900,60.0,High,4676.26
Karnataka,Tropical Dry,Reforestation,73.76,4,1300,20.1,Medium,332.25
Goa,Tropical Wet,Afforestation,443.96,4,2900,60.0,High,4792.44
West Bengal,Humid Subtropical,Afforestation,152.02,2,1750,18.9,Medium,604.14
Uttarakhand,Subtropical,Regenerative Agriculture,154.91,3,1800,45.4,High,305.41
Madhya Pradesh,Humid Subtropical,Afforestation,374.06,5,1200,25.1,Medium,1420.07
Haryana,Humid Subtropical,Regenerative Agriculture,61.14,9,600,3.6,Low,61.65
Manipur,Subtropical,Regenerative Agriculture,11.38,1,1500,74.3,Medium,13.57
Nagaland,Tropical Wet,Afforestation,296.38,3,2000,73.9,High,2231.81
Punjab,Humid Subtropical,Afforestation,94.54,8,700,3.6,Medium,331.23
Punjab,Humid Subtropical,Reforestation,239.35,4,700,3.6,Medium,703.64
West Bengal,Humid Subtropical,Afforestation,112.6,4,1750,18.9,Medium,564.25
Punjab,Humid Subtropical,Reforestation,131.34,8,700,3.6,Medium,546.01
Madhya Pradesh,Humid Subtropical,Afforestation,348.22,1,1200,25.1,Medium,830.56
Karnataka,Tropical Dry,Afforestation,73.6,5,1300,20.1,Medium,257.6
Uttarakhand,Subtropical,Regenerative Agriculture,22.45,7,1800,45.4,High,66.11
Telangana,Tropical Dry,Reforestation,330.64,2,950,24.0,Low,710.61
Madhya Pradesh,Humid Subtropical,Reforestation,165.3,8,1200,25.1,Medium,959.38
Karnataka,Tropical Dry,Regenerative Agriculture,260.03,10,1300,20.1,Medium,466.67
Tamil Nadu,Tropical Dry,Reforestation,145.13,5,1000,17.4,Medium,525.81
Jharkhand,Humid Subtropical,Afforestation,131.31,7,1300,29.6,Medium,630.18
Haryana,Humid Subtropical,Reforestation,374.27,2,600,3.6,Low,779.6
Chhattisgarh,Humid Subtropical,Regenerative Agriculture,121.31,7,1400,41.1,Medium,217.17
Manipur,Subtropical,Afforestation,68.15,2,1500,74.3,Medium,250.6
Maharashtra,Tropical Dry,Reforestation,49.86,5,1100,16.5,Medium,200.78
Mizoram,Tropical Wet,Reforestation,244.05,2,2500,84.5,High,2953.54
Manipur,Subtropical,Reforestation,248.41,3,1500,74.3,Medium,1520.97
Karnataka,Tropical Dry,Regenerative Agriculture,8.79,3,1300,20.1,Medium,9.2
Sikkim,Subtropical,Afforestation,171.65,3,2700,47.3,High,1389.63
Jharkhand,Humid Subtropical,Regenerative Agriculture,126.35,2,1300,29.6,Medium,126.76
Uttarakhand,Subtropical,Reforestation,64.61,1,1800,45.4,High,425.06
Andhra Pradesh,Tropical Dry,Afforestation,414.42,10,900,23.0,Low,1270.93
Gujarat,Arid,Afforestation,411.5,7,800,7.6,Low,549.9
Maharashtra,Tropical Dry,Reforestation,79.34,9,1100,16.5,Medium,438.74
Bihar,Humid Subtropical,Afforestation,480.6,3,1100,7.7,Medium,1502.14
Mizoram,Tropical Wet,Afforestation,270.12,5,2500,84.5,High,2917.37
Karnataka,Tropical Dry,Regenerative Agriculture,272.18,7,1300,20.1,Medium,391.92
Chhattisgarh,Humid Subtropical,Afforestation,455.78,5,1400,41.1,Medium,1993.02
Kerala,Tropical Wet,Regenerative Agriculture,207.39,9,3000,52.3,High,1108.94
Uttarakhand,Subtropical,Regenerative Agriculture,191.6,7,1800,45.4,High,528.31
Assam,Tropical Wet,Reforestation,189.41,1,2700,34.2,Medium,1889.99
Punjab,Humid Subtropical,Reforestation,229.64,10,700,3.6,Medium,1075.3
Assam,Tropical Wet,Reforestation,376.0,1,2700,34.2,Medium,3775.34
Uttarakhand,Subtropical,Afforestation,209.22,10,1800,45.4,High,2204.05
Tripura,Tropical Wet,Regenerative Agriculture,291.58,8,2200,73.7,Medium,1066.7
Punjab,Humid Subtropical,Reforestation,190.36,9,700,3.6,Medium,794.58
Arunachal Pradesh,Subtropical,Reforestation,399.37,10,2800,79.3,High,7977.65
Karnataka,Tropical Dry,Afforestation,421.66,9,1300,20.1,Medium,2123.98
Manipur,Subtropical,Reforestation,367.37,6,1500,74.3,Medium,2961.72
Assam,Tropical Wet,Reforestation,80.05,6,2700,34.2,Medium,1248.01
Tripura,Tropical Wet,Reforestation,346.54,2,2200,73.7,Medium,3203.66
Manipur,Subtropical,Reforestation,180.14,5,1500,74.3,Medium,1298.35
Sikkim,Subtropical,Regenerative Agriculture,159.31,5,2700,47.3,High,566.6
Rajasthan,Arid,Afforestation,425.5,7,500,4.8,Very Low,435.61
Maharashtra,Tropical Dry,Reforestation,51.31,4,1100,16.5,Medium,191.21
Kerala,Tropical Wet,Regenerative Agriculture,288.42,7,3000,52.3,High,1390.75
Rajasthan,Arid,Reforestation,134.65,8,500,4.8,Very Low,181.19
Sikkim,Subtropical,Reforestation,154.01,9,2700,47.3,High,3028.39
Assam,Tropical Wet,Afforestation,69.88,6,2700,34.2,Medium,763.75
Sikkim,Subtropical,Afforestation,307.64,10,2700,47.3,High,4346.46
Nagaland,Tropical Wet,Regenerative Agriculture,61.5,9,2000,73.9,High,269.1
Goa,Tropical Wet,Reforestation,244.6,7,2900,60.0,High,4893.65
Andhra Pradesh,Tropical Dry,Reforestation,366.92,10,900,23.0,Low,1439.79
Rajasthan,Arid,Afforestation,264.0,5,500,4.8,Very Low,237.71
Bihar,Humid Subtropical,Reforestation,104.05,8,1100,7.7,Medium,597.34
Manipur,Subtropical,Regenerative Agriculture,80.72,4,1500,74.3,Medium,129.05
Madhya Pradesh,Humid Subtropical,Reforestation,66.48,1,1200,25.1,Medium,207.04
Kerala,Tropical Wet,Regenerative Agriculture,91.87,5,3000,52.3,High,377.01
Goa,Tropical Wet,Reforestation,236.41,5,2900,60.0,High,3916.96
Madhya Pradesh,Humid Subtropical,Regenerative Agriculture,67.81,2,1200,25.1,Medium,64.11
Assam,Tropical Wet,Afforestation,376.61,8,2700,34.2,Medium,4868.38
Goa,Tropical Wet,Regenerative Agriculture,154.49,10,2900,60.0,High,907.97
Tamil Nadu,Tropical Dry,Afforestation,98.81,1,1000,17.4,Medium,184.89
Mizoram,Tropical Wet,Reforestation,35.32,9,2500,84.5,High,778.9
West Bengal,Humid Subtropical,Reforestation,272.85,6,1750,18.9,Medium,2046.14
Rajasthan,Arid,Afforestation,349.67,3,500,4.8,Very Low,270.09
Madhya Pradesh,Humid Subtropical,Reforestation,22.3,5,1200,25.1,Medium,107.28
Odisha,Humid Subtropical,Afforestation,415.07,1,1500,33.2,Medium,1283.33
Goa,Tropical Wet,Reforestation,205.37,1,2900,60.0,High,2307.48
Meghalaya,Tropical Wet,Regenerative Agriculture,112.77,10,2800,76.3,High,674.69
Meghalaya,Tropical Wet,Regenerative Agriculture,33.08,9,2800,76.3,High,179.8
Jharkhand,Humid Subtropical,Regenerative Agriculture,282.41,8,1300,29.6,Medium,534.61
Madhya Pradesh,Humid Subtropical,Afforestation,25.46,1,1200,25.1,Medium,62.63
Arunachal Pradesh,Subtropical,Regenerative Agriculture,189.24,10,2800,79.3,High,934.62
Chhattisgarh,Humid Subtropical,Regenerative Agriculture,194.73,1,1400,41.1,Medium,190.54
Uttarakhand,Subtropical,Reforestation,203.76,8,1800,45.4,High,2670.22
Haryana,Humid Subtropical,Afforestation,434.72,2,600,3.6,Low,839.8
Himachal Pradesh,Subtropical,Afforestation,297.98,2,1600,27.1,Medium,1195.18
Meghalaya,Tropical Wet,Afforestation,68.98,4,2800,76.3,High,743.98
Uttarakhand,Subtropical,Reforestation,210.41,7,1800,45.4,High,2487.5
Jharkhand,Humid Subtropical,Regenerative Agriculture,170.38,5,1300,29.6,Medium,231.91
Tamil Nadu,Tropical Dry,Afforestation,217.97,8,1000,17.4,Medium,783.74
Meghalaya,Tropical Wet,Reforestation,252.71,8,2800,76.3,High,5563.27
Mizoram,Tropical Wet,Regenerative Agriculture,93.55,2,2500,84.5,High,261.77
